chain	draw	Neural uncertainty	distance_to_risk_neutral
0	0	High neural uncertainty	0.18004127964950942
0	0	Low neural uncertainty	0.162828381589022
0	1	High neural uncertainty	0.17792670056001916
0	1	Low neural uncertainty	0.15942666587362628
0	2	High neural uncertainty	0.18032055392078572
0	2	Low neural uncertainty	0.1621873466097504
0	3	High neural uncertainty	0.18532477702681957
0	3	Low neural uncertainty	0.16267514640677738
0	4	High neural uncertainty	0.17635740322126547
0	4	Low neural uncertainty	0.16237777032475562
0	5	High neural uncertainty	0.1896522127061166
0	5	Low neural uncertainty	0.16882274665712457
0	6	High neural uncertainty	0.18100474973931113
0	6	Low neural uncertainty	0.1715289954130876
0	7	High neural uncertainty	0.18062954082822247
0	7	Low neural uncertainty	0.17039735325643565
0	8	High neural uncertainty	0.18379688700515492
0	8	Low neural uncertainty	0.16803412080183597
0	9	High neural uncertainty	0.1734147145609607
0	9	Low neural uncertainty	0.1664074488724826
0	10	High neural uncertainty	0.1805236498020847
0	10	Low neural uncertainty	0.16381038346844046
0	11	High neural uncertainty	0.18807480670020885
0	11	Low neural uncertainty	0.17238310481410687
0	12	High neural uncertainty	0.17694334962252037
0	12	Low neural uncertainty	0.15847061394904896
0	13	High neural uncertainty	0.18162680777476745
0	13	Low neural uncertainty	0.16365056943268333
0	14	High neural uncertainty	0.17050782673181056
0	14	Low neural uncertainty	0.15892929677565024
0	15	High neural uncertainty	0.17814186585725725
0	15	Low neural uncertainty	0.16618169544244002
0	16	High neural uncertainty	0.17593280121746377
0	16	Low neural uncertainty	0.16459468949150338
0	17	High neural uncertainty	0.17401567905347795
0	17	Low neural uncertainty	0.1600085815924231
0	18	High neural uncertainty	0.17853523290161605
0	18	Low neural uncertainty	0.16845921981353065
0	19	High neural uncertainty	0.1821766057105226
0	19	Low neural uncertainty	0.16928887428730047
0	20	High neural uncertainty	0.18957419942009904
0	20	Low neural uncertainty	0.1683850005411647
0	21	High neural uncertainty	0.1752047271626991
0	21	Low neural uncertainty	0.16337011082717534
0	22	High neural uncertainty	0.1833221589836894
0	22	Low neural uncertainty	0.16414234352951673
0	23	High neural uncertainty	0.185843718724782
0	23	Low neural uncertainty	0.16361250037329184
0	24	High neural uncertainty	0.17416316738063914
0	24	Low neural uncertainty	0.16228090166108816
0	25	High neural uncertainty	0.18469892191714365
0	25	Low neural uncertainty	0.17133203612792813
0	26	High neural uncertainty	0.17749444568293782
0	26	Low neural uncertainty	0.16753875454603095
0	27	High neural uncertainty	0.18107762041269257
0	27	Low neural uncertainty	0.15640381620583524
0	28	High neural uncertainty	0.18421595395349005
0	28	Low neural uncertainty	0.16597270080100654
0	29	High neural uncertainty	0.18181175996847995
0	29	Low neural uncertainty	0.1610512470013093
0	30	High neural uncertainty	0.1807373545037378
0	30	Low neural uncertainty	0.1664650162227405
0	31	High neural uncertainty	0.17818223430454105
0	31	Low neural uncertainty	0.16463843540295756
0	32	High neural uncertainty	0.18445199179013608
0	32	Low neural uncertainty	0.16375913658515276
0	33	High neural uncertainty	0.17326766914340924
0	33	Low neural uncertainty	0.16147323275515407
0	34	High neural uncertainty	0.18606513209245804
0	34	Low neural uncertainty	0.17003212083109884
0	35	High neural uncertainty	0.18497713572770666
0	35	Low neural uncertainty	0.16734848616549386
0	36	High neural uncertainty	0.18083784394733682
0	36	Low neural uncertainty	0.169254218629714
0	37	High neural uncertainty	0.17860321785701191
0	37	Low neural uncertainty	0.16811937215603193
0	38	High neural uncertainty	0.1764697073795354
0	38	Low neural uncertainty	0.16730018216691808
0	39	High neural uncertainty	0.18093586044893284
0	39	Low neural uncertainty	0.16411388590071072
0	40	High neural uncertainty	0.1768280143912989
0	40	Low neural uncertainty	0.17006192390559102
0	41	High neural uncertainty	0.183072807961172
0	41	Low neural uncertainty	0.16862407574364105
0	42	High neural uncertainty	0.1758787767022311
0	42	Low neural uncertainty	0.16455735407392272
0	43	High neural uncertainty	0.18517196417351356
0	43	Low neural uncertainty	0.1627046724980194
0	44	High neural uncertainty	0.17422550885980467
0	44	Low neural uncertainty	0.1667499425473761
0	45	High neural uncertainty	0.1747642424300993
0	45	Low neural uncertainty	0.16062141869369603
0	46	High neural uncertainty	0.18162519344171285
0	46	Low neural uncertainty	0.17153624297648043
0	47	High neural uncertainty	0.17778821580183093
0	47	Low neural uncertainty	0.16574511488577318
0	48	High neural uncertainty	0.18814699759295936
0	48	Low neural uncertainty	0.16459497102324747
0	49	High neural uncertainty	0.18264419057469525
0	49	Low neural uncertainty	0.16406388681996442
0	50	High neural uncertainty	0.1781898698301753
0	50	Low neural uncertainty	0.16385908237067662
0	51	High neural uncertainty	0.17891637912506822
0	51	Low neural uncertainty	0.17361624467125022
0	52	High neural uncertainty	0.18580513635114052
0	52	Low neural uncertainty	0.16105061239744003
0	53	High neural uncertainty	0.1788571355206195
0	53	Low neural uncertainty	0.1656436331873467
0	54	High neural uncertainty	0.1845091998345799
0	54	Low neural uncertainty	0.16447115103168378
0	55	High neural uncertainty	0.17988049061174421
0	55	Low neural uncertainty	0.16640428467299595
0	56	High neural uncertainty	0.18837266435557629
0	56	Low neural uncertainty	0.1705652537536486
0	57	High neural uncertainty	0.18041367173868825
0	57	Low neural uncertainty	0.16384523485171465
0	58	High neural uncertainty	0.18559984033138335
0	58	Low neural uncertainty	0.15663858273218473
0	59	High neural uncertainty	0.17998465482099177
0	59	Low neural uncertainty	0.16292630615912823
0	60	High neural uncertainty	0.181900410613739
0	60	Low neural uncertainty	0.1646375754255898
0	61	High neural uncertainty	0.17582006020005925
0	61	Low neural uncertainty	0.1607219966159458
0	62	High neural uncertainty	0.18629635429050231
0	62	Low neural uncertainty	0.16308811365599227
0	63	High neural uncertainty	0.1801845178011986
0	63	Low neural uncertainty	0.1630617155385758
0	64	High neural uncertainty	0.18283574229380176
0	64	Low neural uncertainty	0.1647309048058883
0	65	High neural uncertainty	0.17858519029122186
0	65	Low neural uncertainty	0.1627451390380266
0	66	High neural uncertainty	0.17643015442820245
0	66	Low neural uncertainty	0.16332700175542172
0	67	High neural uncertainty	0.18513114592778224
0	67	Low neural uncertainty	0.1708480074124648
0	68	High neural uncertainty	0.1758997119010492
0	68	Low neural uncertainty	0.16112940240632156
0	69	High neural uncertainty	0.18740370694860323
0	69	Low neural uncertainty	0.17171952953138808
0	70	High neural uncertainty	0.18001807740478382
0	70	Low neural uncertainty	0.16322051864663092
0	71	High neural uncertainty	0.17824338017528202
0	71	Low neural uncertainty	0.16583019622168152
0	72	High neural uncertainty	0.17546294758753406
0	72	Low neural uncertainty	0.15936306172210465
0	73	High neural uncertainty	0.18302704505183023
0	73	Low neural uncertainty	0.16039439994539262
0	74	High neural uncertainty	0.18333141703077296
0	74	Low neural uncertainty	0.16278594878126554
0	75	High neural uncertainty	0.1783475093981047
0	75	Low neural uncertainty	0.1627908039689254
0	76	High neural uncertainty	0.1825034583969901
0	76	Low neural uncertainty	0.15968649512142732
0	77	High neural uncertainty	0.1842253317683535
0	77	Low neural uncertainty	0.16898038476161617
0	78	High neural uncertainty	0.18551554887373203
0	78	Low neural uncertainty	0.16400526074470517
0	79	High neural uncertainty	0.18502635140532384
0	79	Low neural uncertainty	0.17289851795509686
0	80	High neural uncertainty	0.1796382172308749
0	80	Low neural uncertainty	0.1686837189954473
0	81	High neural uncertainty	0.18020797904711885
0	81	Low neural uncertainty	0.1629922846969721
0	82	High neural uncertainty	0.17620971122321222
0	82	Low neural uncertainty	0.15451274668429962
0	83	High neural uncertainty	0.17896966086348
0	83	Low neural uncertainty	0.16687818800563525
0	84	High neural uncertainty	0.17085396973613443
0	84	Low neural uncertainty	0.16148759663768214
0	85	High neural uncertainty	0.1830378351025558
0	85	Low neural uncertainty	0.16528466364531366
0	86	High neural uncertainty	0.18127353276479874
0	86	Low neural uncertainty	0.16566329837120156
0	87	High neural uncertainty	0.18170304958768088
0	87	Low neural uncertainty	0.16042401828790717
0	88	High neural uncertainty	0.17167784349921478
0	88	Low neural uncertainty	0.16206245040876366
0	89	High neural uncertainty	0.17593429301653637
0	89	Low neural uncertainty	0.15627672506039825
0	90	High neural uncertainty	0.17687711508967735
0	90	Low neural uncertainty	0.16517099476287955
0	91	High neural uncertainty	0.1853886738156787
0	91	Low neural uncertainty	0.16585403613417266
0	92	High neural uncertainty	0.18367893590999065
0	92	Low neural uncertainty	0.16712328132386156
0	93	High neural uncertainty	0.17694772003939965
0	93	Low neural uncertainty	0.1634417427252749
0	94	High neural uncertainty	0.18582025997746301
0	94	Low neural uncertainty	0.164552297629042
0	95	High neural uncertainty	0.17952230620547346
0	95	Low neural uncertainty	0.16480916274083776
0	96	High neural uncertainty	0.18085267164870192
0	96	Low neural uncertainty	0.16373146256931784
0	97	High neural uncertainty	0.18227503441737536
0	97	Low neural uncertainty	0.16221359258935045
0	98	High neural uncertainty	0.177290602291605
0	98	Low neural uncertainty	0.16868172661028435
0	99	High neural uncertainty	0.18229630065351857
0	99	Low neural uncertainty	0.16760834374536707
0	100	High neural uncertainty	0.18243311932310216
0	100	Low neural uncertainty	0.16218967049339794
0	101	High neural uncertainty	0.18299669569154425
0	101	Low neural uncertainty	0.1649361516993325
0	102	High neural uncertainty	0.17811112353479605
0	102	Low neural uncertainty	0.1725217818073409
0	103	High neural uncertainty	0.17974952316985293
0	103	Low neural uncertainty	0.15945079206882848
0	104	High neural uncertainty	0.17562646545983204
0	104	Low neural uncertainty	0.16363816694314368
0	105	High neural uncertainty	0.1737778456066969
0	105	Low neural uncertainty	0.16185437752741202
0	106	High neural uncertainty	0.17498116891520368
0	106	Low neural uncertainty	0.16417802902614284
0	107	High neural uncertainty	0.1746131506734873
0	107	Low neural uncertainty	0.16428231365581278
0	108	High neural uncertainty	0.1786283958511098
0	108	Low neural uncertainty	0.16479061927807367
0	109	High neural uncertainty	0.18324597522632216
0	109	Low neural uncertainty	0.16998949671821323
0	110	High neural uncertainty	0.18124543554885805
0	110	Low neural uncertainty	0.17351826166008
0	111	High neural uncertainty	0.18508765001337057
0	111	Low neural uncertainty	0.16221680147374054
0	112	High neural uncertainty	0.18343541476608666
0	112	Low neural uncertainty	0.16439419906470146
0	113	High neural uncertainty	0.1790623192021675
0	113	Low neural uncertainty	0.16682276662656778
0	114	High neural uncertainty	0.1819478889585829
0	114	Low neural uncertainty	0.16340920708459544
0	115	High neural uncertainty	0.1778302818075796
0	115	Low neural uncertainty	0.16135812420344298
0	116	High neural uncertainty	0.17491269378335703
0	116	Low neural uncertainty	0.1647696987370982
0	117	High neural uncertainty	0.17971234994595126
0	117	Low neural uncertainty	0.15941123445159136
0	118	High neural uncertainty	0.1792126676722789
0	118	Low neural uncertainty	0.1702473620781325
0	119	High neural uncertainty	0.17822682728939548
0	119	Low neural uncertainty	0.1665289526891198
0	120	High neural uncertainty	0.17925459688649473
0	120	Low neural uncertainty	0.16690358619789955
0	121	High neural uncertainty	0.17429798440775998
0	121	Low neural uncertainty	0.15963770902459554
0	122	High neural uncertainty	0.1849772719191491
0	122	Low neural uncertainty	0.1716927949859407
0	123	High neural uncertainty	0.1778478181492221
0	123	Low neural uncertainty	0.16547508139866757
0	124	High neural uncertainty	0.1785257248596437
0	124	Low neural uncertainty	0.16931606205403063
0	125	High neural uncertainty	0.1785925019993705
0	125	Low neural uncertainty	0.16396373775752146
0	126	High neural uncertainty	0.18527227082816178
0	126	Low neural uncertainty	0.16690178739089595
0	127	High neural uncertainty	0.18199841001960274
0	127	Low neural uncertainty	0.17056986212253405
0	128	High neural uncertainty	0.18020522056438198
0	128	Low neural uncertainty	0.16516879781507432
0	129	High neural uncertainty	0.17789524125874834
0	129	Low neural uncertainty	0.1665084255816012
0	130	High neural uncertainty	0.1854058008286651
0	130	Low neural uncertainty	0.16818669053249935
0	131	High neural uncertainty	0.18621567979944764
0	131	Low neural uncertainty	0.16670686894261874
0	132	High neural uncertainty	0.1810584003888542
0	132	Low neural uncertainty	0.1679311577052377
0	133	High neural uncertainty	0.17714230835350542
0	133	Low neural uncertainty	0.16405669547315171
0	134	High neural uncertainty	0.17817330901748926
0	134	Low neural uncertainty	0.16976065604356894
0	135	High neural uncertainty	0.1866432963815822
0	135	Low neural uncertainty	0.1676012692627841
0	136	High neural uncertainty	0.17697063069517388
0	136	Low neural uncertainty	0.16372520822590225
0	137	High neural uncertainty	0.18184322453809126
0	137	Low neural uncertainty	0.16306632604019125
0	138	High neural uncertainty	0.1824900457097427
0	138	Low neural uncertainty	0.17127600437919624
0	139	High neural uncertainty	0.1830410372854715
0	139	Low neural uncertainty	0.15953517592246685
0	140	High neural uncertainty	0.18540074042675428
0	140	Low neural uncertainty	0.16971886091497185
0	141	High neural uncertainty	0.18171222226279668
0	141	Low neural uncertainty	0.16584517042602803
0	142	High neural uncertainty	0.18292674761375202
0	142	Low neural uncertainty	0.16544079020555014
0	143	High neural uncertainty	0.17819651141267115
0	143	Low neural uncertainty	0.17204356460673811
0	144	High neural uncertainty	0.1730081417351366
0	144	Low neural uncertainty	0.16392283568766938
0	145	High neural uncertainty	0.18186232372045272
0	145	Low neural uncertainty	0.1650780078564247
0	146	High neural uncertainty	0.18218695377480215
0	146	Low neural uncertainty	0.1646773850402347
0	147	High neural uncertainty	0.18647856103902932
0	147	Low neural uncertainty	0.1632216911359985
0	148	High neural uncertainty	0.18436357898064487
0	148	Low neural uncertainty	0.1735273531952308
0	149	High neural uncertainty	0.18364461216988698
0	149	Low neural uncertainty	0.17231738995176646
0	150	High neural uncertainty	0.18377061823895452
0	150	Low neural uncertainty	0.1647636886788932
0	151	High neural uncertainty	0.17784236219629862
0	151	Low neural uncertainty	0.16179116991005166
0	152	High neural uncertainty	0.18743654805859855
0	152	Low neural uncertainty	0.16695158589564707
0	153	High neural uncertainty	0.18262253541536763
0	153	Low neural uncertainty	0.16844126133646092
0	154	High neural uncertainty	0.18115711560415174
0	154	Low neural uncertainty	0.16429023499329234
0	155	High neural uncertainty	0.17824796017565125
0	155	Low neural uncertainty	0.16334293307907558
0	156	High neural uncertainty	0.17773483512228913
0	156	Low neural uncertainty	0.16632444846427907
0	157	High neural uncertainty	0.17991610072671682
0	157	Low neural uncertainty	0.16845517290312276
0	158	High neural uncertainty	0.18659984481081276
0	158	Low neural uncertainty	0.16734018219485547
0	159	High neural uncertainty	0.18748085382846338
0	159	Low neural uncertainty	0.16478277236013572
0	160	High neural uncertainty	0.18685185026514425
0	160	Low neural uncertainty	0.1655206562709993
0	161	High neural uncertainty	0.18154417596317102
0	161	Low neural uncertainty	0.16412412545084779
0	162	High neural uncertainty	0.18555012389904557
0	162	Low neural uncertainty	0.1637480412155725
0	163	High neural uncertainty	0.18562006538454068
0	163	Low neural uncertainty	0.16234482517930962
0	164	High neural uncertainty	0.1843472122640613
0	164	Low neural uncertainty	0.16520223988223773
0	165	High neural uncertainty	0.18594571093996734
0	165	Low neural uncertainty	0.16882371854877706
0	166	High neural uncertainty	0.17933313745572835
0	166	Low neural uncertainty	0.16493835009582386
0	167	High neural uncertainty	0.18163500223578993
0	167	Low neural uncertainty	0.16572291318903945
0	168	High neural uncertainty	0.1810245858786652
0	168	Low neural uncertainty	0.1649664872723237
0	169	High neural uncertainty	0.1899791353605259
0	169	Low neural uncertainty	0.15967031444507723
0	170	High neural uncertainty	0.1831852623213209
0	170	Low neural uncertainty	0.16597326920720284
0	171	High neural uncertainty	0.17542457398043657
0	171	Low neural uncertainty	0.16435634357501455
0	172	High neural uncertainty	0.17887564747339538
0	172	Low neural uncertainty	0.16207000813303007
0	173	High neural uncertainty	0.1861727139227919
0	173	Low neural uncertainty	0.16743996550458096
0	174	High neural uncertainty	0.17685320143788125
0	174	Low neural uncertainty	0.16641351094171272
0	175	High neural uncertainty	0.1835788599973767
0	175	Low neural uncertainty	0.1669772199487264
0	176	High neural uncertainty	0.18616601524033838
0	176	Low neural uncertainty	0.16572294460507914
0	177	High neural uncertainty	0.1810957109367381
0	177	Low neural uncertainty	0.16856079768161453
0	178	High neural uncertainty	0.18466565452061995
0	178	Low neural uncertainty	0.16315052791229778
0	179	High neural uncertainty	0.1859763590493866
0	179	Low neural uncertainty	0.165158152857508
0	180	High neural uncertainty	0.1826788914326931
0	180	Low neural uncertainty	0.16329193092064997
0	181	High neural uncertainty	0.1839593610836446
0	181	Low neural uncertainty	0.16638728782644044
0	182	High neural uncertainty	0.17716735177061935
0	182	Low neural uncertainty	0.1687269092563409
0	183	High neural uncertainty	0.17863595324380088
0	183	Low neural uncertainty	0.16161613857537147
0	184	High neural uncertainty	0.18679361917178647
0	184	Low neural uncertainty	0.16659938841311075
0	185	High neural uncertainty	0.17980541833767785
0	185	Low neural uncertainty	0.16851561317149155
0	186	High neural uncertainty	0.18353140382346406
0	186	Low neural uncertainty	0.16082627505912042
0	187	High neural uncertainty	0.17488104769976365
0	187	Low neural uncertainty	0.162680636264857
0	188	High neural uncertainty	0.1845552554016868
0	188	Low neural uncertainty	0.16459569814881791
0	189	High neural uncertainty	0.18581729229170166
0	189	Low neural uncertainty	0.16874115523374136
0	190	High neural uncertainty	0.18308934910158428
0	190	Low neural uncertainty	0.16198202755181373
0	191	High neural uncertainty	0.1817793493366747
0	191	Low neural uncertainty	0.16969520743202374
0	192	High neural uncertainty	0.1835381480236036
0	192	Low neural uncertainty	0.16380289846624452
0	193	High neural uncertainty	0.18536087616876903
0	193	Low neural uncertainty	0.1602056807617901
0	194	High neural uncertainty	0.1807995924094328
0	194	Low neural uncertainty	0.1684700665185785
0	195	High neural uncertainty	0.16955542553374203
0	195	Low neural uncertainty	0.16047836892306125
0	196	High neural uncertainty	0.18137884548333513
0	196	Low neural uncertainty	0.16450960109513882
0	197	High neural uncertainty	0.17617291949808334
0	197	Low neural uncertainty	0.1634826427336268
0	198	High neural uncertainty	0.18675928901662728
0	198	Low neural uncertainty	0.1662436443649219
0	199	High neural uncertainty	0.18101655390187027
0	199	Low neural uncertainty	0.16272468486271044
0	200	High neural uncertainty	0.17772365547639896
0	200	Low neural uncertainty	0.16274346519016714
0	201	High neural uncertainty	0.1810408880515026
0	201	Low neural uncertainty	0.16109349230246256
0	202	High neural uncertainty	0.17765177305471266
0	202	Low neural uncertainty	0.15807626134947406
0	203	High neural uncertainty	0.1829934947883252
0	203	Low neural uncertainty	0.17209304855770569
0	204	High neural uncertainty	0.17575834030080123
0	204	Low neural uncertainty	0.1662641589389593
0	205	High neural uncertainty	0.1822066690470327
0	205	Low neural uncertainty	0.16607066463455677
0	206	High neural uncertainty	0.17959538461771776
0	206	Low neural uncertainty	0.16471485410281128
0	207	High neural uncertainty	0.18605602967427184
0	207	Low neural uncertainty	0.16584081060377298
0	208	High neural uncertainty	0.18478057755311095
0	208	Low neural uncertainty	0.16224708313046082
0	209	High neural uncertainty	0.1837456313631826
0	209	Low neural uncertainty	0.17027400215293756
0	210	High neural uncertainty	0.18138979948888445
0	210	Low neural uncertainty	0.16440493165607692
0	211	High neural uncertainty	0.1793538359744444
0	211	Low neural uncertainty	0.16948702549330225
0	212	High neural uncertainty	0.17548498530097828
0	212	Low neural uncertainty	0.16488246872637616
0	213	High neural uncertainty	0.1846170440761068
0	213	Low neural uncertainty	0.17198621458522406
0	214	High neural uncertainty	0.18131775821684315
0	214	Low neural uncertainty	0.1645671661049368
0	215	High neural uncertainty	0.1860515536929633
0	215	Low neural uncertainty	0.17105609294934127
0	216	High neural uncertainty	0.1811716197904275
0	216	Low neural uncertainty	0.16844165957778767
0	217	High neural uncertainty	0.181488491500947
0	217	Low neural uncertainty	0.16614060773029762
0	218	High neural uncertainty	0.1936476252381976
0	218	Low neural uncertainty	0.16861826567602511
0	219	High neural uncertainty	0.1776419487421788
0	219	Low neural uncertainty	0.1680671737084436
0	220	High neural uncertainty	0.1849673450087425
0	220	Low neural uncertainty	0.16221205651655848
0	221	High neural uncertainty	0.18294596930211152
0	221	Low neural uncertainty	0.15863246449788435
0	222	High neural uncertainty	0.17849476058489183
0	222	Low neural uncertainty	0.16311777104739741
0	223	High neural uncertainty	0.18600207773481864
0	223	Low neural uncertainty	0.17026909455588327
0	224	High neural uncertainty	0.18694535012159147
0	224	Low neural uncertainty	0.17265596709772651
0	225	High neural uncertainty	0.1899306137602829
0	225	Low neural uncertainty	0.16664367658494136
0	226	High neural uncertainty	0.18145159779532033
0	226	Low neural uncertainty	0.16646403559869452
0	227	High neural uncertainty	0.17662492021807905
0	227	Low neural uncertainty	0.16285612341489047
0	228	High neural uncertainty	0.17310815517613137
0	228	Low neural uncertainty	0.16618191187677658
0	229	High neural uncertainty	0.17776692988466744
0	229	Low neural uncertainty	0.16747380461688033
0	230	High neural uncertainty	0.17884528367517205
0	230	Low neural uncertainty	0.16768331028419686
0	231	High neural uncertainty	0.18134945585559067
0	231	Low neural uncertainty	0.16538812593627839
0	232	High neural uncertainty	0.18177266966537073
0	232	Low neural uncertainty	0.17044308681569595
0	233	High neural uncertainty	0.19207253471151947
0	233	Low neural uncertainty	0.1699656453363219
0	234	High neural uncertainty	0.18137570739640466
0	234	Low neural uncertainty	0.16222786047162316
0	235	High neural uncertainty	0.18185622701516843
0	235	Low neural uncertainty	0.16111018730427595
0	236	High neural uncertainty	0.18481953138512744
0	236	Low neural uncertainty	0.17365876082288237
0	237	High neural uncertainty	0.17500479499910146
0	237	Low neural uncertainty	0.16579796013168108
0	238	High neural uncertainty	0.18338572140522238
0	238	Low neural uncertainty	0.16552857501090837
0	239	High neural uncertainty	0.1798611604498636
0	239	Low neural uncertainty	0.16377615266461182
0	240	High neural uncertainty	0.1768805064540274
0	240	Low neural uncertainty	0.165532174539261
0	241	High neural uncertainty	0.17921333492417152
0	241	Low neural uncertainty	0.16596211749624315
0	242	High neural uncertainty	0.1812086658688811
0	242	Low neural uncertainty	0.1643835567211367
0	243	High neural uncertainty	0.17354819372188268
0	243	Low neural uncertainty	0.16593240722301209
0	244	High neural uncertainty	0.18006936277608232
0	244	Low neural uncertainty	0.17169003524579052
0	245	High neural uncertainty	0.1775667823725438
0	245	Low neural uncertainty	0.16994720705296304
0	246	High neural uncertainty	0.17920867872733337
0	246	Low neural uncertainty	0.16892215075453149
0	247	High neural uncertainty	0.18063974765555255
0	247	Low neural uncertainty	0.16725651060247929
0	248	High neural uncertainty	0.18610170683236868
0	248	Low neural uncertainty	0.16790257001652512
0	249	High neural uncertainty	0.1775307284252757
0	249	Low neural uncertainty	0.1684672633989324
0	250	High neural uncertainty	0.17979537823246505
0	250	Low neural uncertainty	0.16368407369116728
0	251	High neural uncertainty	0.18384195280118962
0	251	Low neural uncertainty	0.16817745060591746
0	252	High neural uncertainty	0.1793739226879902
0	252	Low neural uncertainty	0.16847360815884035
0	253	High neural uncertainty	0.18261956243690963
0	253	Low neural uncertainty	0.16228611209694868
0	254	High neural uncertainty	0.18654928598694973
0	254	Low neural uncertainty	0.16995466776224352
0	255	High neural uncertainty	0.18356623935597374
0	255	Low neural uncertainty	0.16127457565699935
0	256	High neural uncertainty	0.1813036638415671
0	256	Low neural uncertainty	0.16508650038985562
0	257	High neural uncertainty	0.185683164706894
0	257	Low neural uncertainty	0.1680313395231472
0	258	High neural uncertainty	0.1844014458710633
0	258	Low neural uncertainty	0.1676266818961699
0	259	High neural uncertainty	0.18414391070976965
0	259	Low neural uncertainty	0.16914882287168123
0	260	High neural uncertainty	0.19086656697013696
0	260	Low neural uncertainty	0.17111714534394695
0	261	High neural uncertainty	0.18439762029274692
0	261	Low neural uncertainty	0.1673167051931545
0	262	High neural uncertainty	0.1810716869251836
0	262	Low neural uncertainty	0.16427241813834387
0	263	High neural uncertainty	0.17556842908047315
0	263	Low neural uncertainty	0.16445058057465198
0	264	High neural uncertainty	0.18422952036741486
0	264	Low neural uncertainty	0.16948533291942963
0	265	High neural uncertainty	0.18223347173151638
0	265	Low neural uncertainty	0.16508964228337633
0	266	High neural uncertainty	0.18530876610131428
0	266	Low neural uncertainty	0.16588689718418437
0	267	High neural uncertainty	0.17809984635301018
0	267	Low neural uncertainty	0.16649380740245448
0	268	High neural uncertainty	0.17937589676498755
0	268	Low neural uncertainty	0.16664155731026561
0	269	High neural uncertainty	0.18619982313979733
0	269	Low neural uncertainty	0.16751241858395105
0	270	High neural uncertainty	0.17696415462563841
0	270	Low neural uncertainty	0.15729488400142827
0	271	High neural uncertainty	0.17567186956422703
0	271	Low neural uncertainty	0.1656569115127364
0	272	High neural uncertainty	0.18405250932777914
0	272	Low neural uncertainty	0.1633327708834413
0	273	High neural uncertainty	0.17527427741019752
0	273	Low neural uncertainty	0.16409319699281588
0	274	High neural uncertainty	0.1755951605420678
0	274	Low neural uncertainty	0.16546023437301044
0	275	High neural uncertainty	0.18523017416654333
0	275	Low neural uncertainty	0.1655343805951912
0	276	High neural uncertainty	0.1836318392829101
0	276	Low neural uncertainty	0.163651684270029
0	277	High neural uncertainty	0.18142064187085044
0	277	Low neural uncertainty	0.16778244102891615
0	278	High neural uncertainty	0.18074203811443068
0	278	Low neural uncertainty	0.16348188996758878
0	279	High neural uncertainty	0.19038600509794895
0	279	Low neural uncertainty	0.17117906082889445
0	280	High neural uncertainty	0.1844931548992993
0	280	Low neural uncertainty	0.1644874980563078
0	281	High neural uncertainty	0.17687651126594428
0	281	Low neural uncertainty	0.15814775218904642
0	282	High neural uncertainty	0.17492651473428958
0	282	Low neural uncertainty	0.16559642068593208
0	283	High neural uncertainty	0.17956053345984668
0	283	Low neural uncertainty	0.1608844238339382
0	284	High neural uncertainty	0.18381071264488352
0	284	Low neural uncertainty	0.16207132729019336
0	285	High neural uncertainty	0.17684565848998698
0	285	Low neural uncertainty	0.16295053236504692
0	286	High neural uncertainty	0.1765422401375161
0	286	Low neural uncertainty	0.16422216043981172
0	287	High neural uncertainty	0.18218767667106464
0	287	Low neural uncertainty	0.17011685055163392
0	288	High neural uncertainty	0.1770839199927716
0	288	Low neural uncertainty	0.16896967902167095
0	289	High neural uncertainty	0.18363929340832086
0	289	Low neural uncertainty	0.15601573261133533
0	290	High neural uncertainty	0.1779752920313791
0	290	Low neural uncertainty	0.1642473384946699
0	291	High neural uncertainty	0.185051110671317
0	291	Low neural uncertainty	0.16031071500471786
0	292	High neural uncertainty	0.18105086130837353
0	292	Low neural uncertainty	0.16477941806805513
0	293	High neural uncertainty	0.1840343690740974
0	293	Low neural uncertainty	0.16083311060955705
0	294	High neural uncertainty	0.17991535753839544
0	294	Low neural uncertainty	0.16192045134535424
0	295	High neural uncertainty	0.18472112578120367
0	295	Low neural uncertainty	0.16047885747971768
0	296	High neural uncertainty	0.1778008739549444
0	296	Low neural uncertainty	0.16478439198415595
0	297	High neural uncertainty	0.1793757908616533
0	297	Low neural uncertainty	0.16394833781600318
0	298	High neural uncertainty	0.18302401952401945
0	298	Low neural uncertainty	0.1627321482248198
0	299	High neural uncertainty	0.18422907129754443
0	299	Low neural uncertainty	0.1757888176416311
0	300	High neural uncertainty	0.17467802525119344
0	300	Low neural uncertainty	0.16370571441635576
0	301	High neural uncertainty	0.1797281996875614
0	301	Low neural uncertainty	0.1627739009492073
0	302	High neural uncertainty	0.1754616893500592
0	302	Low neural uncertainty	0.15880714283167258
0	303	High neural uncertainty	0.18559998325279975
0	303	Low neural uncertainty	0.16332871877307076
0	304	High neural uncertainty	0.17032480995297533
0	304	Low neural uncertainty	0.16974029207587282
0	305	High neural uncertainty	0.17238042128643374
0	305	Low neural uncertainty	0.16246911587636176
0	306	High neural uncertainty	0.17979589906694352
0	306	Low neural uncertainty	0.1671506867040708
0	307	High neural uncertainty	0.18279667040577388
0	307	Low neural uncertainty	0.17088258653553787
0	308	High neural uncertainty	0.18279437705396642
0	308	Low neural uncertainty	0.17039167117094228
0	309	High neural uncertainty	0.17621072935447685
0	309	Low neural uncertainty	0.16089666052442936
0	310	High neural uncertainty	0.17882882127117414
0	310	Low neural uncertainty	0.16118385922569534
0	311	High neural uncertainty	0.18597100098705696
0	311	Low neural uncertainty	0.16861322769179793
0	312	High neural uncertainty	0.17362185960498785
0	312	Low neural uncertainty	0.15614874771838064
0	313	High neural uncertainty	0.18189022797794613
0	313	Low neural uncertainty	0.1657350725581507
0	314	High neural uncertainty	0.1751899347738212
0	314	Low neural uncertainty	0.16064555055780771
0	315	High neural uncertainty	0.1791493629211651
0	315	Low neural uncertainty	0.16339827540365756
0	316	High neural uncertainty	0.18272617587580828
0	316	Low neural uncertainty	0.1656146747492642
0	317	High neural uncertainty	0.18262508751824155
0	317	Low neural uncertainty	0.1657672768510768
0	318	High neural uncertainty	0.1822007928568628
0	318	Low neural uncertainty	0.16570706529902587
0	319	High neural uncertainty	0.18302735256012373
0	319	Low neural uncertainty	0.1678794431709409
0	320	High neural uncertainty	0.17609907649600692
0	320	Low neural uncertainty	0.1628196005498749
0	321	High neural uncertainty	0.18223002376585817
0	321	Low neural uncertainty	0.16571648394726413
0	322	High neural uncertainty	0.18168552084137898
0	322	Low neural uncertainty	0.16486597607237455
0	323	High neural uncertainty	0.18523814109694275
0	323	Low neural uncertainty	0.16573034657597
0	324	High neural uncertainty	0.17485840544109849
0	324	Low neural uncertainty	0.16374103849298732
0	325	High neural uncertainty	0.17867368105579953
0	325	Low neural uncertainty	0.1606361637690678
0	326	High neural uncertainty	0.1745788058001378
0	326	Low neural uncertainty	0.15632112038475568
0	327	High neural uncertainty	0.1828732675942372
0	327	Low neural uncertainty	0.16710197648618233
0	328	High neural uncertainty	0.17934201819024842
0	328	Low neural uncertainty	0.1601368539159489
0	329	High neural uncertainty	0.18007475391134925
0	329	Low neural uncertainty	0.1566400591286574
0	330	High neural uncertainty	0.16950759142009353
0	330	Low neural uncertainty	0.16493406635598332
0	331	High neural uncertainty	0.19084601346343288
0	331	Low neural uncertainty	0.17268802494193877
0	332	High neural uncertainty	0.18010986553027167
0	332	Low neural uncertainty	0.167193123888831
0	333	High neural uncertainty	0.18798912906756055
0	333	Low neural uncertainty	0.17257443758332588
0	334	High neural uncertainty	0.17555732494314613
0	334	Low neural uncertainty	0.16615661163529633
0	335	High neural uncertainty	0.18250035323279745
0	335	Low neural uncertainty	0.16523729884535746
0	336	High neural uncertainty	0.18207139310318585
0	336	Low neural uncertainty	0.16693022605335797
0	337	High neural uncertainty	0.17653523718653166
0	337	Low neural uncertainty	0.16206933155890813
0	338	High neural uncertainty	0.18206235937634913
0	338	Low neural uncertainty	0.1706026904260093
0	339	High neural uncertainty	0.1780907731335215
0	339	Low neural uncertainty	0.16138803548472916
0	340	High neural uncertainty	0.17971929611774423
0	340	Low neural uncertainty	0.1636816073841904
0	341	High neural uncertainty	0.1796141331685964
0	341	Low neural uncertainty	0.16097117164168348
0	342	High neural uncertainty	0.1841727295124689
0	342	Low neural uncertainty	0.17106087186857372
0	343	High neural uncertainty	0.1755736558695324
0	343	Low neural uncertainty	0.15895657815788575
0	344	High neural uncertainty	0.18062080362264518
0	344	Low neural uncertainty	0.16857271251714082
0	345	High neural uncertainty	0.17953282232899345
0	345	Low neural uncertainty	0.16478701156095932
0	346	High neural uncertainty	0.17948668766557982
0	346	Low neural uncertainty	0.16717620814150663
0	347	High neural uncertainty	0.1751219543175362
0	347	Low neural uncertainty	0.16149918693646176
0	348	High neural uncertainty	0.17789622488638626
0	348	Low neural uncertainty	0.16306840410284504
0	349	High neural uncertainty	0.18385271198779507
0	349	Low neural uncertainty	0.16704110999412478
0	350	High neural uncertainty	0.18149585432112583
0	350	Low neural uncertainty	0.16472003033716928
0	351	High neural uncertainty	0.17730826851985612
0	351	Low neural uncertainty	0.16604266143944024
0	352	High neural uncertainty	0.1833208151051308
0	352	Low neural uncertainty	0.16443012710627813
0	353	High neural uncertainty	0.18436445752506456
0	353	Low neural uncertainty	0.15990111127463563
0	354	High neural uncertainty	0.17447203853946647
0	354	Low neural uncertainty	0.16162609170311676
0	355	High neural uncertainty	0.18216995773829545
0	355	Low neural uncertainty	0.17358945822108104
0	356	High neural uncertainty	0.17630676585874158
0	356	Low neural uncertainty	0.16516159909528816
0	357	High neural uncertainty	0.1779527212418025
0	357	Low neural uncertainty	0.1699299911332039
0	358	High neural uncertainty	0.18081291321200596
0	358	Low neural uncertainty	0.1647139767390564
0	359	High neural uncertainty	0.1762568898094905
0	359	Low neural uncertainty	0.16822653244163113
0	360	High neural uncertainty	0.18284107154550738
0	360	Low neural uncertainty	0.16696155157612377
0	361	High neural uncertainty	0.18099067031017613
0	361	Low neural uncertainty	0.15995578370559477
0	362	High neural uncertainty	0.18122714371247814
0	362	Low neural uncertainty	0.17268554242634293
0	363	High neural uncertainty	0.18800403011159103
0	363	Low neural uncertainty	0.16822147106706636
0	364	High neural uncertainty	0.17699894829957233
0	364	Low neural uncertainty	0.16284637345674038
0	365	High neural uncertainty	0.18221285786995042
0	365	Low neural uncertainty	0.16603196178086205
0	366	High neural uncertainty	0.1812481419254944
0	366	Low neural uncertainty	0.1650272154615124
0	367	High neural uncertainty	0.17988357455167842
0	367	Low neural uncertainty	0.16862780521354437
0	368	High neural uncertainty	0.1762531287617717
0	368	Low neural uncertainty	0.16429044360815798
0	369	High neural uncertainty	0.17048389821124157
0	369	Low neural uncertainty	0.16384074811347185
0	370	High neural uncertainty	0.17273116361048954
0	370	Low neural uncertainty	0.16421176851782202
0	371	High neural uncertainty	0.1893181838391143
0	371	Low neural uncertainty	0.16599974951439345
0	372	High neural uncertainty	0.17403729184371794
0	372	Low neural uncertainty	0.15526500743682237
0	373	High neural uncertainty	0.17745519562782153
0	373	Low neural uncertainty	0.15804714853821308
0	374	High neural uncertainty	0.180984158070882
0	374	Low neural uncertainty	0.16571284452439025
0	375	High neural uncertainty	0.18902641796847358
0	375	Low neural uncertainty	0.1705423131386829
0	376	High neural uncertainty	0.17421189284823657
0	376	Low neural uncertainty	0.15976419429545166
0	377	High neural uncertainty	0.17673783498258616
0	377	Low neural uncertainty	0.166212876749537
0	378	High neural uncertainty	0.1731881625910082
0	378	Low neural uncertainty	0.16597693774372727
0	379	High neural uncertainty	0.17847323041230903
0	379	Low neural uncertainty	0.15781200631643358
0	380	High neural uncertainty	0.17995138727121743
0	380	Low neural uncertainty	0.16382080779891456
0	381	High neural uncertainty	0.17932052270771184
0	381	Low neural uncertainty	0.1688851468985711
0	382	High neural uncertainty	0.18771619177889934
0	382	Low neural uncertainty	0.16562832122224916
0	383	High neural uncertainty	0.17920403575092483
0	383	Low neural uncertainty	0.1692407310158815
0	384	High neural uncertainty	0.18831554408388612
0	384	Low neural uncertainty	0.1682513693596299
0	385	High neural uncertainty	0.1797506355674233
0	385	Low neural uncertainty	0.16311481166141856
0	386	High neural uncertainty	0.1870971189887648
0	386	Low neural uncertainty	0.16693433807188393
0	387	High neural uncertainty	0.18716843954398651
0	387	Low neural uncertainty	0.1620501263102184
0	388	High neural uncertainty	0.18444364852321116
0	388	Low neural uncertainty	0.1624762511427484
0	389	High neural uncertainty	0.17460993710169376
0	389	Low neural uncertainty	0.162583047737394
0	390	High neural uncertainty	0.18885022161941384
0	390	Low neural uncertainty	0.17258776855829086
0	391	High neural uncertainty	0.18314761070216784
0	391	Low neural uncertainty	0.17013392207068914
0	392	High neural uncertainty	0.18405149399810616
0	392	Low neural uncertainty	0.1694728484541546
0	393	High neural uncertainty	0.17927803339742635
0	393	Low neural uncertainty	0.16605694173262345
0	394	High neural uncertainty	0.18292314033703203
0	394	Low neural uncertainty	0.16558049370000164
0	395	High neural uncertainty	0.17845738139947412
0	395	Low neural uncertainty	0.16567687883330892
0	396	High neural uncertainty	0.17994385074795416
0	396	Low neural uncertainty	0.1606896545241332
0	397	High neural uncertainty	0.1905861732183652
0	397	Low neural uncertainty	0.16209606439341115
0	398	High neural uncertainty	0.17636634908987994
0	398	Low neural uncertainty	0.16020618128783648
0	399	High neural uncertainty	0.18060551457233867
0	399	Low neural uncertainty	0.15856593397006075
0	400	High neural uncertainty	0.1904030715367724
0	400	Low neural uncertainty	0.16489665513262416
0	401	High neural uncertainty	0.17620102686768427
0	401	Low neural uncertainty	0.16298723272092333
0	402	High neural uncertainty	0.17732385127455233
0	402	Low neural uncertainty	0.16466308407549254
0	403	High neural uncertainty	0.1822078287243411
0	403	Low neural uncertainty	0.16423772716537502
0	404	High neural uncertainty	0.18514573279887672
0	404	Low neural uncertainty	0.1680981992740097
0	405	High neural uncertainty	0.18392440008146527
0	405	Low neural uncertainty	0.16876846144822497
0	406	High neural uncertainty	0.18622802704569885
0	406	Low neural uncertainty	0.17176051924984848
0	407	High neural uncertainty	0.18656395286664332
0	407	Low neural uncertainty	0.16116324393445638
0	408	High neural uncertainty	0.18713658208675965
0	408	Low neural uncertainty	0.1634787984832686
0	409	High neural uncertainty	0.1793315613475662
0	409	Low neural uncertainty	0.16654548002988911
0	410	High neural uncertainty	0.17567115537524222
0	410	Low neural uncertainty	0.1683206927965741
0	411	High neural uncertainty	0.18603677340539715
0	411	Low neural uncertainty	0.17220330022879668
0	412	High neural uncertainty	0.18410280129361684
0	412	Low neural uncertainty	0.16807431649775129
0	413	High neural uncertainty	0.17998437389673863
0	413	Low neural uncertainty	0.1663038519937936
0	414	High neural uncertainty	0.18212484308909757
0	414	Low neural uncertainty	0.16050134128512705
0	415	High neural uncertainty	0.17631869738068157
0	415	Low neural uncertainty	0.16154540639070228
0	416	High neural uncertainty	0.19352242079737558
0	416	Low neural uncertainty	0.16660249150702458
0	417	High neural uncertainty	0.17861598986766017
0	417	Low neural uncertainty	0.16605544165893474
0	418	High neural uncertainty	0.18354591235835901
0	418	Low neural uncertainty	0.1656954265797783
0	419	High neural uncertainty	0.181496111750564
0	419	Low neural uncertainty	0.16572309091121504
0	420	High neural uncertainty	0.1849833390363607
0	420	Low neural uncertainty	0.162967562142741
0	421	High neural uncertainty	0.1769443767745931
0	421	Low neural uncertainty	0.1641299316707543
0	422	High neural uncertainty	0.18232103494440177
0	422	Low neural uncertainty	0.16911427776053622
0	423	High neural uncertainty	0.1792565892110094
0	423	Low neural uncertainty	0.16146548064255345
0	424	High neural uncertainty	0.17647107712273016
0	424	Low neural uncertainty	0.15923658766319468
0	425	High neural uncertainty	0.17965432350507074
0	425	Low neural uncertainty	0.16682876616047465
0	426	High neural uncertainty	0.1813047491924992
0	426	Low neural uncertainty	0.16398535791969873
0	427	High neural uncertainty	0.17714842109484213
0	427	Low neural uncertainty	0.16759895988281173
0	428	High neural uncertainty	0.17428737484943285
0	428	Low neural uncertainty	0.16966818862855787
0	429	High neural uncertainty	0.18376375694211944
0	429	Low neural uncertainty	0.16761363450347092
0	430	High neural uncertainty	0.18103079473492104
0	430	Low neural uncertainty	0.16082361342531085
0	431	High neural uncertainty	0.17846057557770365
0	431	Low neural uncertainty	0.16195123631175853
0	432	High neural uncertainty	0.18126138692988703
0	432	Low neural uncertainty	0.16906264728938955
0	433	High neural uncertainty	0.17744908290199732
0	433	Low neural uncertainty	0.15996299410615036
0	434	High neural uncertainty	0.18890180857466712
0	434	Low neural uncertainty	0.16381942634872612
0	435	High neural uncertainty	0.18219033984407562
0	435	Low neural uncertainty	0.1664958291810846
0	436	High neural uncertainty	0.17879940633617952
0	436	Low neural uncertainty	0.16458942691571551
0	437	High neural uncertainty	0.1869940415474307
0	437	Low neural uncertainty	0.16938967110583647
0	438	High neural uncertainty	0.18791404441178777
0	438	Low neural uncertainty	0.16261008993863818
0	439	High neural uncertainty	0.18374364258323583
0	439	Low neural uncertainty	0.17451770693401203
0	440	High neural uncertainty	0.18512064259029715
0	440	Low neural uncertainty	0.17116064251205898
0	441	High neural uncertainty	0.17580158161429094
0	441	Low neural uncertainty	0.16483707124940658
0	442	High neural uncertainty	0.1779856252603815
0	442	Low neural uncertainty	0.1627603096339708
0	443	High neural uncertainty	0.1942729909221876
0	443	Low neural uncertainty	0.1651234466599911
0	444	High neural uncertainty	0.1763268811785334
0	444	Low neural uncertainty	0.16267624605349115
0	445	High neural uncertainty	0.1810558035728866
0	445	Low neural uncertainty	0.1651451440814849
0	446	High neural uncertainty	0.17975718016171036
0	446	Low neural uncertainty	0.16487488177359116
0	447	High neural uncertainty	0.18387626896363998
0	447	Low neural uncertainty	0.16885040135539617
0	448	High neural uncertainty	0.18837095343663968
0	448	Low neural uncertainty	0.17124947021986434
0	449	High neural uncertainty	0.18756013468039698
0	449	Low neural uncertainty	0.17613586706832512
0	450	High neural uncertainty	0.1871923675421418
0	450	Low neural uncertainty	0.16706102158844693
0	451	High neural uncertainty	0.18283809443310534
0	451	Low neural uncertainty	0.1674333639166552
0	452	High neural uncertainty	0.17860478213696893
0	452	Low neural uncertainty	0.16639010832352968
0	453	High neural uncertainty	0.17788259941667744
0	453	Low neural uncertainty	0.16536046706866858
0	454	High neural uncertainty	0.17908518954494482
0	454	Low neural uncertainty	0.16664135473142014
0	455	High neural uncertainty	0.18966965543263695
0	455	Low neural uncertainty	0.16994730410512945
0	456	High neural uncertainty	0.17813335169283215
0	456	Low neural uncertainty	0.1663238891914569
0	457	High neural uncertainty	0.1826536090422902
0	457	Low neural uncertainty	0.1686369260423356
0	458	High neural uncertainty	0.17639372328354955
0	458	Low neural uncertainty	0.1694781079487581
0	459	High neural uncertainty	0.1704855479011341
0	459	Low neural uncertainty	0.16054772684481736
0	460	High neural uncertainty	0.18061331966069122
0	460	Low neural uncertainty	0.16856023227822337
0	461	High neural uncertainty	0.18260996773647378
0	461	Low neural uncertainty	0.16829132407407868
0	462	High neural uncertainty	0.17920862191683215
0	462	Low neural uncertainty	0.16588365187417417
0	463	High neural uncertainty	0.17672759112097433
0	463	Low neural uncertainty	0.17013229361283957
0	464	High neural uncertainty	0.1803872680656165
0	464	Low neural uncertainty	0.16592439740399306
0	465	High neural uncertainty	0.1875358878281573
0	465	Low neural uncertainty	0.16831452752468007
0	466	High neural uncertainty	0.17816401529246553
0	466	Low neural uncertainty	0.1619249239092675
0	467	High neural uncertainty	0.1796088621138197
0	467	Low neural uncertainty	0.1700486156017199
0	468	High neural uncertainty	0.17997531970457079
0	468	Low neural uncertainty	0.1572090577537646
0	469	High neural uncertainty	0.1728690891310643
0	469	Low neural uncertainty	0.15980022905185526
0	470	High neural uncertainty	0.17884493752533626
0	470	Low neural uncertainty	0.16331927313856545
0	471	High neural uncertainty	0.1788004832669203
0	471	Low neural uncertainty	0.16354801358199245
0	472	High neural uncertainty	0.18022708878294902
0	472	Low neural uncertainty	0.16278143131265815
0	473	High neural uncertainty	0.18155671030991555
0	473	Low neural uncertainty	0.1661950142505521
0	474	High neural uncertainty	0.18093834913623005
0	474	Low neural uncertainty	0.1672614108577189
0	475	High neural uncertainty	0.1798902955772566
0	475	Low neural uncertainty	0.1649434067866286
0	476	High neural uncertainty	0.18064458087556579
0	476	Low neural uncertainty	0.1725058790566255
0	477	High neural uncertainty	0.18732543373533975
0	477	Low neural uncertainty	0.16329367913247952
0	478	High neural uncertainty	0.17840243157690672
0	478	Low neural uncertainty	0.16601664462374563
0	479	High neural uncertainty	0.17653322176660763
0	479	Low neural uncertainty	0.16418080158734738
0	480	High neural uncertainty	0.181251887359969
0	480	Low neural uncertainty	0.16511434262869487
0	481	High neural uncertainty	0.17668276120169288
0	481	Low neural uncertainty	0.1669171269718735
0	482	High neural uncertainty	0.17702195284535052
0	482	Low neural uncertainty	0.16170588596036356
0	483	High neural uncertainty	0.18828936807952829
0	483	Low neural uncertainty	0.1704415888308568
0	484	High neural uncertainty	0.18212521172912433
0	484	Low neural uncertainty	0.1720411402732867
0	485	High neural uncertainty	0.18157754510388868
0	485	Low neural uncertainty	0.17025493600886707
0	486	High neural uncertainty	0.18417704887377423
0	486	Low neural uncertainty	0.16111567677886723
0	487	High neural uncertainty	0.16982471439087155
0	487	Low neural uncertainty	0.16367379580319347
0	488	High neural uncertainty	0.1811421632449312
0	488	Low neural uncertainty	0.16977144091680627
0	489	High neural uncertainty	0.17878914327258139
0	489	Low neural uncertainty	0.16605422971232145
0	490	High neural uncertainty	0.18256294490978758
0	490	Low neural uncertainty	0.1757586696987124
0	491	High neural uncertainty	0.18321647005057337
0	491	Low neural uncertainty	0.1624243070928185
0	492	High neural uncertainty	0.1854840802384518
0	492	Low neural uncertainty	0.1586707249233298
0	493	High neural uncertainty	0.176217730636889
0	493	Low neural uncertainty	0.164269861550605
0	494	High neural uncertainty	0.1821799960326423
0	494	Low neural uncertainty	0.1620811312788444
0	495	High neural uncertainty	0.18285980605938712
0	495	Low neural uncertainty	0.16959808878894628
0	496	High neural uncertainty	0.17729857913381647
0	496	Low neural uncertainty	0.1644536913052296
0	497	High neural uncertainty	0.17965511146199514
0	497	Low neural uncertainty	0.16525267286475645
0	498	High neural uncertainty	0.1752423546028407
0	498	Low neural uncertainty	0.16329264690026862
0	499	High neural uncertainty	0.17460872951792883
0	499	Low neural uncertainty	0.1608390148613893
0	500	High neural uncertainty	0.1791063422735625
0	500	Low neural uncertainty	0.16320513869945533
0	501	High neural uncertainty	0.18533384741078243
0	501	Low neural uncertainty	0.16354269615836473
0	502	High neural uncertainty	0.17909595068234915
0	502	Low neural uncertainty	0.16141022345616293
0	503	High neural uncertainty	0.177282241472019
0	503	Low neural uncertainty	0.16537953240302833
0	504	High neural uncertainty	0.1724336540097976
0	504	Low neural uncertainty	0.164267789710233
0	505	High neural uncertainty	0.18077742193827656
0	505	Low neural uncertainty	0.16504832000242278
0	506	High neural uncertainty	0.18481505051855254
0	506	Low neural uncertainty	0.16296275275847305
0	507	High neural uncertainty	0.17560689438780228
0	507	Low neural uncertainty	0.16838736937121462
0	508	High neural uncertainty	0.17493200067174455
0	508	Low neural uncertainty	0.16646771324548784
0	509	High neural uncertainty	0.18320250127733337
0	509	Low neural uncertainty	0.16818932497912703
0	510	High neural uncertainty	0.1748130613539571
0	510	Low neural uncertainty	0.16675962475136077
0	511	High neural uncertainty	0.1815085967777829
0	511	Low neural uncertainty	0.16643690190098623
0	512	High neural uncertainty	0.18030541568684685
0	512	Low neural uncertainty	0.16571142392246332
0	513	High neural uncertainty	0.17741360991898272
0	513	Low neural uncertainty	0.16355304435121137
0	514	High neural uncertainty	0.18386191494706475
0	514	Low neural uncertainty	0.1611996932361531
0	515	High neural uncertainty	0.18086590145220555
0	515	Low neural uncertainty	0.16407790319676396
0	516	High neural uncertainty	0.17489918303596025
0	516	Low neural uncertainty	0.1613176952915708
0	517	High neural uncertainty	0.17537575058760455
0	517	Low neural uncertainty	0.1611070413073165
0	518	High neural uncertainty	0.18018614087055004
0	518	Low neural uncertainty	0.1617335727809622
0	519	High neural uncertainty	0.18536899087129763
0	519	Low neural uncertainty	0.1591871336661441
0	520	High neural uncertainty	0.17219387456031846
0	520	Low neural uncertainty	0.16480549167606132
0	521	High neural uncertainty	0.17395739789053463
0	521	Low neural uncertainty	0.16548637671548658
0	522	High neural uncertainty	0.18006955309475392
0	522	Low neural uncertainty	0.16412441982458048
0	523	High neural uncertainty	0.18325197448925107
0	523	Low neural uncertainty	0.16789390114932326
0	524	High neural uncertainty	0.17423181899847273
0	524	Low neural uncertainty	0.16572120313462943
0	525	High neural uncertainty	0.17564778821041607
0	525	Low neural uncertainty	0.16759111355196118
0	526	High neural uncertainty	0.1849827923696208
0	526	Low neural uncertainty	0.16998368968033276
0	527	High neural uncertainty	0.1804159183221883
0	527	Low neural uncertainty	0.16321146801890965
0	528	High neural uncertainty	0.17832748137328502
0	528	Low neural uncertainty	0.1631869287949398
0	529	High neural uncertainty	0.1855872458889523
0	529	Low neural uncertainty	0.16274218017372832
0	530	High neural uncertainty	0.18187818158094646
0	530	Low neural uncertainty	0.16659016100825988
0	531	High neural uncertainty	0.18414024785050412
0	531	Low neural uncertainty	0.1716737168948218
0	532	High neural uncertainty	0.17707839954398358
0	532	Low neural uncertainty	0.1696725967742171
0	533	High neural uncertainty	0.18267372567300025
0	533	Low neural uncertainty	0.17210975441476664
0	534	High neural uncertainty	0.18420910362652868
0	534	Low neural uncertainty	0.16801772087852274
0	535	High neural uncertainty	0.17922592682834793
0	535	Low neural uncertainty	0.16642479359058443
0	536	High neural uncertainty	0.18668564573855617
0	536	Low neural uncertainty	0.1641187277953687
0	537	High neural uncertainty	0.1808539038529479
0	537	Low neural uncertainty	0.16082820076074864
0	538	High neural uncertainty	0.18197131133742564
0	538	Low neural uncertainty	0.16452592551918596
0	539	High neural uncertainty	0.17965874250974767
0	539	Low neural uncertainty	0.16725275497152925
0	540	High neural uncertainty	0.17960165898708166
0	540	Low neural uncertainty	0.16244970883722368
0	541	High neural uncertainty	0.1884561362511029
0	541	Low neural uncertainty	0.162710857260384
0	542	High neural uncertainty	0.18129709485976833
0	542	Low neural uncertainty	0.16651609352079527
0	543	High neural uncertainty	0.1827633469884935
0	543	Low neural uncertainty	0.17058390649882563
0	544	High neural uncertainty	0.1835886743321578
0	544	Low neural uncertainty	0.16905224555575252
0	545	High neural uncertainty	0.17156251717156865
0	545	Low neural uncertainty	0.16539044966982708
0	546	High neural uncertainty	0.18179659781511254
0	546	Low neural uncertainty	0.1649175777410822
0	547	High neural uncertainty	0.18430531221240368
0	547	Low neural uncertainty	0.1665247018665067
0	548	High neural uncertainty	0.18049137303502844
0	548	Low neural uncertainty	0.1625794023113163
0	549	High neural uncertainty	0.18631799491538034
0	549	Low neural uncertainty	0.16808408224049368
0	550	High neural uncertainty	0.17627387966408334
0	550	Low neural uncertainty	0.1645916084899496
0	551	High neural uncertainty	0.18441109422762755
0	551	Low neural uncertainty	0.16071969232190159
0	552	High neural uncertainty	0.17593085520732865
0	552	Low neural uncertainty	0.16237539600810955
0	553	High neural uncertainty	0.18403598411924668
0	553	Low neural uncertainty	0.1628483180865361
0	554	High neural uncertainty	0.1881750284996721
0	554	Low neural uncertainty	0.17292061194135538
0	555	High neural uncertainty	0.17066410591710668
0	555	Low neural uncertainty	0.16123890074052702
0	556	High neural uncertainty	0.17881037194532343
0	556	Low neural uncertainty	0.16496191335378824
0	557	High neural uncertainty	0.18400810173752252
0	557	Low neural uncertainty	0.16943196391511445
0	558	High neural uncertainty	0.18252427886035114
0	558	Low neural uncertainty	0.16359393344287643
0	559	High neural uncertainty	0.18724987889673825
0	559	Low neural uncertainty	0.1576012494530042
0	560	High neural uncertainty	0.1831354481671199
0	560	Low neural uncertainty	0.1574816826735327
0	561	High neural uncertainty	0.19004585838883709
0	561	Low neural uncertainty	0.16437728654204606
0	562	High neural uncertainty	0.17864944824875306
0	562	Low neural uncertainty	0.16551504598507172
0	563	High neural uncertainty	0.18219558878370554
0	563	Low neural uncertainty	0.16549729994793955
0	564	High neural uncertainty	0.17834552731201533
0	564	Low neural uncertainty	0.16254303658070282
0	565	High neural uncertainty	0.182601992675417
0	565	Low neural uncertainty	0.16641804947238967
0	566	High neural uncertainty	0.17502912677776086
0	566	Low neural uncertainty	0.15979785003247665
0	567	High neural uncertainty	0.18175658270667353
0	567	Low neural uncertainty	0.1657283638080073
0	568	High neural uncertainty	0.18210501010324198
0	568	Low neural uncertainty	0.15984307933136463
0	569	High neural uncertainty	0.18621290960508713
0	569	Low neural uncertainty	0.16430637507645157
0	570	High neural uncertainty	0.1831974775195435
0	570	Low neural uncertainty	0.16558463152780434
0	571	High neural uncertainty	0.1778047179574109
0	571	Low neural uncertainty	0.16602295833022168
0	572	High neural uncertainty	0.1808206608113815
0	572	Low neural uncertainty	0.16961193753573087
0	573	High neural uncertainty	0.18295766384968223
0	573	Low neural uncertainty	0.16345710330162733
0	574	High neural uncertainty	0.17865509732386572
0	574	Low neural uncertainty	0.16180256684808267
0	575	High neural uncertainty	0.17887529655182205
0	575	Low neural uncertainty	0.16471269283332976
0	576	High neural uncertainty	0.1800538425909516
0	576	Low neural uncertainty	0.17045560239669433
0	577	High neural uncertainty	0.18218000418432878
0	577	Low neural uncertainty	0.16163326354706725
0	578	High neural uncertainty	0.17569470815014243
0	578	Low neural uncertainty	0.16466634197632732
0	579	High neural uncertainty	0.17987220660534234
0	579	Low neural uncertainty	0.1652767814128265
0	580	High neural uncertainty	0.17939467181146104
0	580	Low neural uncertainty	0.16223550197292685
0	581	High neural uncertainty	0.18140877290973012
0	581	Low neural uncertainty	0.16875114010570944
0	582	High neural uncertainty	0.18449403950608567
0	582	Low neural uncertainty	0.16614800829030432
0	583	High neural uncertainty	0.18503991687136342
0	583	Low neural uncertainty	0.1640183045202109
0	584	High neural uncertainty	0.18278530277577518
0	584	Low neural uncertainty	0.17008503924934595
0	585	High neural uncertainty	0.18460717330861817
0	585	Low neural uncertainty	0.17155377510002884
0	586	High neural uncertainty	0.177210812130847
0	586	Low neural uncertainty	0.16439741928017365
0	587	High neural uncertainty	0.18170261821600323
0	587	Low neural uncertainty	0.1639897216672361
0	588	High neural uncertainty	0.18162686055317184
0	588	Low neural uncertainty	0.17158180215439234
0	589	High neural uncertainty	0.18077090513899247
0	589	Low neural uncertainty	0.16225369441884588
0	590	High neural uncertainty	0.1811698999808506
0	590	Low neural uncertainty	0.1602407812930584
0	591	High neural uncertainty	0.1826615128489861
0	591	Low neural uncertainty	0.16828950298335352
0	592	High neural uncertainty	0.17796264739011483
0	592	Low neural uncertainty	0.16040305344487052
0	593	High neural uncertainty	0.17692189851424175
0	593	Low neural uncertainty	0.163322439605925
0	594	High neural uncertainty	0.17619247429201526
0	594	Low neural uncertainty	0.15846943690739312
0	595	High neural uncertainty	0.18384069807980802
0	595	Low neural uncertainty	0.16797499167560345
0	596	High neural uncertainty	0.17952602961687636
0	596	Low neural uncertainty	0.16066734833615845
0	597	High neural uncertainty	0.18343317220876798
0	597	Low neural uncertainty	0.1718229650114226
0	598	High neural uncertainty	0.18117882126914545
0	598	Low neural uncertainty	0.17097019289022
0	599	High neural uncertainty	0.17912793408244793
0	599	Low neural uncertainty	0.1667324253965178
0	600	High neural uncertainty	0.17965258272515708
0	600	Low neural uncertainty	0.16264984976304359
0	601	High neural uncertainty	0.1739123961829274
0	601	Low neural uncertainty	0.16035845070476895
0	602	High neural uncertainty	0.17878710585134094
0	602	Low neural uncertainty	0.17290132891621143
0	603	High neural uncertainty	0.1850361019267913
0	603	Low neural uncertainty	0.16497150751300113
0	604	High neural uncertainty	0.18251385912047718
0	604	Low neural uncertainty	0.16155726684728652
0	605	High neural uncertainty	0.18075648384083617
0	605	Low neural uncertainty	0.16946841299560575
0	606	High neural uncertainty	0.1834452470557183
0	606	Low neural uncertainty	0.15873479681051408
0	607	High neural uncertainty	0.17789633225967144
0	607	Low neural uncertainty	0.16682158567709435
0	608	High neural uncertainty	0.1807014096888945
0	608	Low neural uncertainty	0.16629541912268792
0	609	High neural uncertainty	0.1828804596697884
0	609	Low neural uncertainty	0.16720892645219745
0	610	High neural uncertainty	0.17351658476785198
0	610	Low neural uncertainty	0.16616455051254087
0	611	High neural uncertainty	0.17598263302384978
0	611	Low neural uncertainty	0.16224222814215072
0	612	High neural uncertainty	0.17555908395595105
0	612	Low neural uncertainty	0.16340107617797844
0	613	High neural uncertainty	0.17883841368707604
0	613	Low neural uncertainty	0.1655535693771432
0	614	High neural uncertainty	0.17876259107692358
0	614	Low neural uncertainty	0.16389427953303695
0	615	High neural uncertainty	0.17954191744106168
0	615	Low neural uncertainty	0.16555120759504913
0	616	High neural uncertainty	0.17134580263216512
0	616	Low neural uncertainty	0.16004265443730661
0	617	High neural uncertainty	0.17349607473720838
0	617	Low neural uncertainty	0.1619795322642347
0	618	High neural uncertainty	0.1863049658202105
0	618	Low neural uncertainty	0.15893260459149028
0	619	High neural uncertainty	0.17527269546039143
0	619	Low neural uncertainty	0.15814922867944115
0	620	High neural uncertainty	0.1878150595326131
0	620	Low neural uncertainty	0.16906216007365138
0	621	High neural uncertainty	0.18591047916817321
0	621	Low neural uncertainty	0.16629579861596994
0	622	High neural uncertainty	0.18492875302353165
0	622	Low neural uncertainty	0.1695753704365215
0	623	High neural uncertainty	0.1740949616620543
0	623	Low neural uncertainty	0.1607173151056179
0	624	High neural uncertainty	0.18254263018846748
0	624	Low neural uncertainty	0.16510683222080727
0	625	High neural uncertainty	0.17887608203138475
0	625	Low neural uncertainty	0.16525864262841705
0	626	High neural uncertainty	0.18219673040833678
0	626	Low neural uncertainty	0.162366672075692
0	627	High neural uncertainty	0.17595764884034895
0	627	Low neural uncertainty	0.16858912197363363
0	628	High neural uncertainty	0.18246534493298255
0	628	Low neural uncertainty	0.16669907909665407
0	629	High neural uncertainty	0.1782552707648388
0	629	Low neural uncertainty	0.164406366504594
0	630	High neural uncertainty	0.17716529056846145
0	630	Low neural uncertainty	0.16660203134931753
0	631	High neural uncertainty	0.18693940069681458
0	631	Low neural uncertainty	0.17130375311026527
0	632	High neural uncertainty	0.17936955824649886
0	632	Low neural uncertainty	0.16900437802666757
0	633	High neural uncertainty	0.1903447666054025
0	633	Low neural uncertainty	0.16759311189152684
0	634	High neural uncertainty	0.17933743247995107
0	634	Low neural uncertainty	0.1610367930875404
0	635	High neural uncertainty	0.18017900528295205
0	635	Low neural uncertainty	0.16078002650240297
0	636	High neural uncertainty	0.17603447629599836
0	636	Low neural uncertainty	0.16065856894941014
0	637	High neural uncertainty	0.18967227827673583
0	637	Low neural uncertainty	0.1644569344438699
0	638	High neural uncertainty	0.17614142291343202
0	638	Low neural uncertainty	0.16763147822914815
0	639	High neural uncertainty	0.17934331891498356
0	639	Low neural uncertainty	0.15676900882913722
0	640	High neural uncertainty	0.17893263416151142
0	640	Low neural uncertainty	0.16190223595732434
0	641	High neural uncertainty	0.17974564894757458
0	641	Low neural uncertainty	0.16413823424834156
0	642	High neural uncertainty	0.17928335653758692
0	642	Low neural uncertainty	0.16121423373725255
0	643	High neural uncertainty	0.18932485024664802
0	643	Low neural uncertainty	0.1647550425121875
0	644	High neural uncertainty	0.17499232441939805
0	644	Low neural uncertainty	0.1553020785397896
0	645	High neural uncertainty	0.17892979868855474
0	645	Low neural uncertainty	0.1657046406491036
0	646	High neural uncertainty	0.1865788839687804
0	646	Low neural uncertainty	0.16888334365723048
0	647	High neural uncertainty	0.18364953356655958
0	647	Low neural uncertainty	0.16135443155189932
0	648	High neural uncertainty	0.1780834880263679
0	648	Low neural uncertainty	0.16391376238049796
0	649	High neural uncertainty	0.17900670693610976
0	649	Low neural uncertainty	0.16078879179225952
0	650	High neural uncertainty	0.17579905566576065
0	650	Low neural uncertainty	0.16112733453975092
0	651	High neural uncertainty	0.18049796905414275
0	651	Low neural uncertainty	0.1618992307637563
0	652	High neural uncertainty	0.18703728719045773
0	652	Low neural uncertainty	0.1710009306305146
0	653	High neural uncertainty	0.17385469601118342
0	653	Low neural uncertainty	0.1631256133473069
0	654	High neural uncertainty	0.17487483787890995
0	654	Low neural uncertainty	0.16385179915055992
0	655	High neural uncertainty	0.18677484056847732
0	655	Low neural uncertainty	0.16292230583472941
0	656	High neural uncertainty	0.1870744718532301
0	656	Low neural uncertainty	0.16887127014448258
0	657	High neural uncertainty	0.17598678903391582
0	657	Low neural uncertainty	0.17040402987136988
0	658	High neural uncertainty	0.18267924062781993
0	658	Low neural uncertainty	0.16742153702169366
0	659	High neural uncertainty	0.1776749003617945
0	659	Low neural uncertainty	0.16509586889575456
0	660	High neural uncertainty	0.1810444627222701
0	660	Low neural uncertainty	0.1682922730632609
0	661	High neural uncertainty	0.17618006463315106
0	661	Low neural uncertainty	0.16384067507673877
0	662	High neural uncertainty	0.18268469008760546
0	662	Low neural uncertainty	0.16349912966294272
0	663	High neural uncertainty	0.18229788828471233
0	663	Low neural uncertainty	0.16280332322657812
0	664	High neural uncertainty	0.18881381540544653
0	664	Low neural uncertainty	0.17016727695117898
0	665	High neural uncertainty	0.18315813941902612
0	665	Low neural uncertainty	0.1705703604864522
0	666	High neural uncertainty	0.18250969547588528
0	666	Low neural uncertainty	0.16851040294916392
0	667	High neural uncertainty	0.18051620055770004
0	667	Low neural uncertainty	0.16454189669544825
0	668	High neural uncertainty	0.1839871563930455
0	668	Low neural uncertainty	0.16459968044982667
0	669	High neural uncertainty	0.17788345026251928
0	669	Low neural uncertainty	0.16611659714480617
0	670	High neural uncertainty	0.18712498600451621
0	670	Low neural uncertainty	0.1694027463492693
0	671	High neural uncertainty	0.17727954116681552
0	671	Low neural uncertainty	0.16327843138404027
0	672	High neural uncertainty	0.18352479003337357
0	672	Low neural uncertainty	0.160326533820629
0	673	High neural uncertainty	0.18065208496746132
0	673	Low neural uncertainty	0.16886280803747913
0	674	High neural uncertainty	0.17804046627474454
0	674	Low neural uncertainty	0.16687437345442432
0	675	High neural uncertainty	0.18111325625561014
0	675	Low neural uncertainty	0.16478724199220401
0	676	High neural uncertainty	0.1863114650660858
0	676	Low neural uncertainty	0.1648335484037603
0	677	High neural uncertainty	0.18221262253531392
0	677	Low neural uncertainty	0.17462513934614055
0	678	High neural uncertainty	0.1890842972323092
0	678	Low neural uncertainty	0.1589152305571503
0	679	High neural uncertainty	0.18182695819805691
0	679	Low neural uncertainty	0.17436165600375522
0	680	High neural uncertainty	0.18183532404499783
0	680	Low neural uncertainty	0.177322789760163
0	681	High neural uncertainty	0.18290043553732538
0	681	Low neural uncertainty	0.1677323278125693
0	682	High neural uncertainty	0.18983649011913564
0	682	Low neural uncertainty	0.170549460570136
0	683	High neural uncertainty	0.18084957922711764
0	683	Low neural uncertainty	0.16168175964588646
0	684	High neural uncertainty	0.17291714168681566
0	684	Low neural uncertainty	0.1658456870991518
0	685	High neural uncertainty	0.17822131600179955
0	685	Low neural uncertainty	0.16692641811333156
0	686	High neural uncertainty	0.18229468989861844
0	686	Low neural uncertainty	0.1647677175868936
0	687	High neural uncertainty	0.17713490831685172
0	687	Low neural uncertainty	0.16404386177397748
0	688	High neural uncertainty	0.18134028673658575
0	688	Low neural uncertainty	0.16179210107932315
0	689	High neural uncertainty	0.17913072489376183
0	689	Low neural uncertainty	0.1659751603718478
0	690	High neural uncertainty	0.178728762636599
0	690	Low neural uncertainty	0.16298518568248527
0	691	High neural uncertainty	0.17981812324069668
0	691	Low neural uncertainty	0.16012283946258027
0	692	High neural uncertainty	0.1751351009823369
0	692	Low neural uncertainty	0.16843171739389273
0	693	High neural uncertainty	0.17419785194019377
0	693	Low neural uncertainty	0.1630843126402941
0	694	High neural uncertainty	0.18817967791852103
0	694	Low neural uncertainty	0.16770372882825635
0	695	High neural uncertainty	0.17752280977065205
0	695	Low neural uncertainty	0.1627084606424893
0	696	High neural uncertainty	0.18687293079395603
0	696	Low neural uncertainty	0.174083094864761
0	697	High neural uncertainty	0.18091018760350833
0	697	Low neural uncertainty	0.16595930620290092
0	698	High neural uncertainty	0.18091614034458606
0	698	Low neural uncertainty	0.16019932887640273
0	699	High neural uncertainty	0.18426754153657204
0	699	Low neural uncertainty	0.164661257423114
0	700	High neural uncertainty	0.18762421987641456
0	700	Low neural uncertainty	0.16329285941770572
0	701	High neural uncertainty	0.1830774064362229
0	701	Low neural uncertainty	0.15949224733523767
0	702	High neural uncertainty	0.17778547592034477
0	702	Low neural uncertainty	0.1648650227573435
0	703	High neural uncertainty	0.17973946448312608
0	703	Low neural uncertainty	0.16591416671353493
0	704	High neural uncertainty	0.17767339604745222
0	704	Low neural uncertainty	0.16148462244785908
0	705	High neural uncertainty	0.1815472579723671
0	705	Low neural uncertainty	0.16679693089802258
0	706	High neural uncertainty	0.18271814519272006
0	706	Low neural uncertainty	0.1631210011471323
0	707	High neural uncertainty	0.1802823454634256
0	707	Low neural uncertainty	0.16785201801805155
0	708	High neural uncertainty	0.18400696722849383
0	708	Low neural uncertainty	0.1703667701806715
0	709	High neural uncertainty	0.17622329549589708
0	709	Low neural uncertainty	0.1651509391776286
0	710	High neural uncertainty	0.17752471307459097
0	710	Low neural uncertainty	0.16854715724122876
0	711	High neural uncertainty	0.18015281540623052
0	711	Low neural uncertainty	0.1697014541066928
0	712	High neural uncertainty	0.1734401977786835
0	712	Low neural uncertainty	0.1577950786924715
0	713	High neural uncertainty	0.18290080349581062
0	713	Low neural uncertainty	0.17047021365010723
0	714	High neural uncertainty	0.18325010767004557
0	714	Low neural uncertainty	0.16585367060050327
0	715	High neural uncertainty	0.1761729906330126
0	715	Low neural uncertainty	0.1649836000467657
0	716	High neural uncertainty	0.18138004821850143
0	716	Low neural uncertainty	0.16303593777373807
0	717	High neural uncertainty	0.17989964299223038
0	717	Low neural uncertainty	0.16988353014735233
0	718	High neural uncertainty	0.18877929306574184
0	718	Low neural uncertainty	0.15650139180928568
0	719	High neural uncertainty	0.1833956291135311
0	719	Low neural uncertainty	0.17002299798102305
0	720	High neural uncertainty	0.1853220650368643
0	720	Low neural uncertainty	0.1699065584684582
0	721	High neural uncertainty	0.1852883476133833
0	721	Low neural uncertainty	0.16263986139251513
0	722	High neural uncertainty	0.1790515129246802
0	722	Low neural uncertainty	0.16569959359260247
0	723	High neural uncertainty	0.1811113235148953
0	723	Low neural uncertainty	0.17069192950772788
0	724	High neural uncertainty	0.17641765528027772
0	724	Low neural uncertainty	0.16455765700991762
0	725	High neural uncertainty	0.17935857601160451
0	725	Low neural uncertainty	0.1633893582320614
0	726	High neural uncertainty	0.18327446825746208
0	726	Low neural uncertainty	0.1686274498955237
0	727	High neural uncertainty	0.18279519248504586
0	727	Low neural uncertainty	0.16403170910455753
0	728	High neural uncertainty	0.18399582383932112
0	728	Low neural uncertainty	0.16253447976953242
0	729	High neural uncertainty	0.17673881354220952
0	729	Low neural uncertainty	0.16437154898409057
0	730	High neural uncertainty	0.18016304841328215
0	730	Low neural uncertainty	0.16765480743101083
0	731	High neural uncertainty	0.18720240413976366
0	731	Low neural uncertainty	0.16603146993477177
0	732	High neural uncertainty	0.17990764371805207
0	732	Low neural uncertainty	0.1642440461184743
0	733	High neural uncertainty	0.1814965892503073
0	733	Low neural uncertainty	0.15861085173112888
0	734	High neural uncertainty	0.17918136339293642
0	734	Low neural uncertainty	0.15814951072246447
0	735	High neural uncertainty	0.17534416673804887
0	735	Low neural uncertainty	0.16199829653054368
0	736	High neural uncertainty	0.17528259319397677
0	736	Low neural uncertainty	0.16285449835384783
0	737	High neural uncertainty	0.18798403943970798
0	737	Low neural uncertainty	0.17061187765112304
0	738	High neural uncertainty	0.18668985188730586
0	738	Low neural uncertainty	0.16476085686731365
0	739	High neural uncertainty	0.18209066937465274
0	739	Low neural uncertainty	0.16434391806401374
0	740	High neural uncertainty	0.1818166650835259
0	740	Low neural uncertainty	0.16610501633251498
0	741	High neural uncertainty	0.18150425750733146
0	741	Low neural uncertainty	0.16039297920552592
0	742	High neural uncertainty	0.18204295978066426
0	742	Low neural uncertainty	0.16857415945238266
0	743	High neural uncertainty	0.17993669096455753
0	743	Low neural uncertainty	0.16171693163324222
0	744	High neural uncertainty	0.1802618187681022
0	744	Low neural uncertainty	0.16234489885923725
0	745	High neural uncertainty	0.17370904393261688
0	745	Low neural uncertainty	0.16154232528320184
0	746	High neural uncertainty	0.1822565458722894
0	746	Low neural uncertainty	0.1628822800108413
0	747	High neural uncertainty	0.17823657765994105
0	747	Low neural uncertainty	0.17032054830491877
0	748	High neural uncertainty	0.16892291266269704
0	748	Low neural uncertainty	0.1610217188297873
0	749	High neural uncertainty	0.1883984842548468
0	749	Low neural uncertainty	0.16771153698787492
0	750	High neural uncertainty	0.184826302353236
0	750	Low neural uncertainty	0.1606453713842587
0	751	High neural uncertainty	0.18410572500998826
0	751	Low neural uncertainty	0.16634632232531052
0	752	High neural uncertainty	0.17668915834554605
0	752	Low neural uncertainty	0.16819986325869177
0	753	High neural uncertainty	0.17991426759017987
0	753	Low neural uncertainty	0.16412458550021047
0	754	High neural uncertainty	0.18624951026919978
0	754	Low neural uncertainty	0.1723520109963979
0	755	High neural uncertainty	0.18517184521864188
0	755	Low neural uncertainty	0.16997261571952801
0	756	High neural uncertainty	0.1779227682866627
0	756	Low neural uncertainty	0.15953359120760602
0	757	High neural uncertainty	0.17899895475745023
0	757	Low neural uncertainty	0.15082507924581764
0	758	High neural uncertainty	0.17604681650946322
0	758	Low neural uncertainty	0.1592993574512717
0	759	High neural uncertainty	0.17990926628336537
0	759	Low neural uncertainty	0.16169492853420117
0	760	High neural uncertainty	0.18608746558590705
0	760	Low neural uncertainty	0.1726043492502843
0	761	High neural uncertainty	0.1751677590322691
0	761	Low neural uncertainty	0.16256111305677556
0	762	High neural uncertainty	0.1842553279273733
0	762	Low neural uncertainty	0.16243676440358454
0	763	High neural uncertainty	0.1888679898743964
0	763	Low neural uncertainty	0.17153976884960725
0	764	High neural uncertainty	0.1867800154653545
0	764	Low neural uncertainty	0.16779944573819652
0	765	High neural uncertainty	0.1855754827433627
0	765	Low neural uncertainty	0.1665102140649661
0	766	High neural uncertainty	0.17913178158146498
0	766	Low neural uncertainty	0.15830153086170606
0	767	High neural uncertainty	0.18335229345809345
0	767	Low neural uncertainty	0.16966463003699167
0	768	High neural uncertainty	0.18338307399196058
0	768	Low neural uncertainty	0.1662810541882918
0	769	High neural uncertainty	0.1811570893443194
0	769	Low neural uncertainty	0.16698803453799724
0	770	High neural uncertainty	0.17997518333178658
0	770	Low neural uncertainty	0.15885330935162928
0	771	High neural uncertainty	0.18640391387500863
0	771	Low neural uncertainty	0.16801119195359215
0	772	High neural uncertainty	0.1850147385530921
0	772	Low neural uncertainty	0.1586919452859687
0	773	High neural uncertainty	0.18257928598136186
0	773	Low neural uncertainty	0.16837532243546646
0	774	High neural uncertainty	0.1812635471947785
0	774	Low neural uncertainty	0.16682090807712546
0	775	High neural uncertainty	0.18403906235248457
0	775	Low neural uncertainty	0.16962993165303433
0	776	High neural uncertainty	0.1758547248088685
0	776	Low neural uncertainty	0.1628764367399633
0	777	High neural uncertainty	0.18448739413765763
0	777	Low neural uncertainty	0.1691349079898624
0	778	High neural uncertainty	0.18687385063670953
0	778	Low neural uncertainty	0.16347154918579163
0	779	High neural uncertainty	0.17675170797840095
0	779	Low neural uncertainty	0.16837575354626524
0	780	High neural uncertainty	0.17107905799899936
0	780	Low neural uncertainty	0.16350596732607098
0	781	High neural uncertainty	0.1810352707582716
0	781	Low neural uncertainty	0.16917330605743597
0	782	High neural uncertainty	0.1779943078321458
0	782	Low neural uncertainty	0.16684759884982756
0	783	High neural uncertainty	0.183689113658747
0	783	Low neural uncertainty	0.1641305209721931
0	784	High neural uncertainty	0.17891806647250433
0	784	Low neural uncertainty	0.1658903441202884
0	785	High neural uncertainty	0.180169914234732
0	785	Low neural uncertainty	0.16772000709719273
0	786	High neural uncertainty	0.18410941063867764
0	786	Low neural uncertainty	0.16703884031004146
0	787	High neural uncertainty	0.1803347295823881
0	787	Low neural uncertainty	0.16373420010923792
0	788	High neural uncertainty	0.17961176727122632
0	788	Low neural uncertainty	0.16670691693082057
0	789	High neural uncertainty	0.17853928463866683
0	789	Low neural uncertainty	0.15966367847782273
0	790	High neural uncertainty	0.18354434796672667
0	790	Low neural uncertainty	0.1678663275608503
0	791	High neural uncertainty	0.17873241063301512
0	791	Low neural uncertainty	0.15835545858426847
0	792	High neural uncertainty	0.1799497200513429
0	792	Low neural uncertainty	0.16472059769516237
0	793	High neural uncertainty	0.17990504952644942
0	793	Low neural uncertainty	0.16870474385231796
0	794	High neural uncertainty	0.1816176354478734
0	794	Low neural uncertainty	0.16179672805305098
0	795	High neural uncertainty	0.1865286633334155
0	795	Low neural uncertainty	0.16936516355221293
0	796	High neural uncertainty	0.19604028403558918
0	796	Low neural uncertainty	0.1663034343290624
0	797	High neural uncertainty	0.18243659758219938
0	797	Low neural uncertainty	0.1664984730273371
0	798	High neural uncertainty	0.184524730788497
0	798	Low neural uncertainty	0.17043465456952553
0	799	High neural uncertainty	0.18369081474288088
0	799	Low neural uncertainty	0.1552300689131454
0	800	High neural uncertainty	0.1809306101166862
0	800	Low neural uncertainty	0.16412779131692068
0	801	High neural uncertainty	0.1897813620124688
0	801	Low neural uncertainty	0.1639336540510583
0	802	High neural uncertainty	0.17435504553652156
0	802	Low neural uncertainty	0.1654642571283867
0	803	High neural uncertainty	0.18124887937976922
0	803	Low neural uncertainty	0.17314753484456716
0	804	High neural uncertainty	0.18227408117905364
0	804	Low neural uncertainty	0.15995040351612907
0	805	High neural uncertainty	0.18217102310277997
0	805	Low neural uncertainty	0.16795951172046333
0	806	High neural uncertainty	0.17801205302888728
0	806	Low neural uncertainty	0.15962069618665162
0	807	High neural uncertainty	0.1826986395749999
0	807	Low neural uncertainty	0.16746667185596578
0	808	High neural uncertainty	0.18449689132296554
0	808	Low neural uncertainty	0.16446647797746228
0	809	High neural uncertainty	0.1812775760418613
0	809	Low neural uncertainty	0.166809926325981
0	810	High neural uncertainty	0.18212487512990905
0	810	Low neural uncertainty	0.1703631861725101
0	811	High neural uncertainty	0.17550494613873815
0	811	Low neural uncertainty	0.16383830046181413
0	812	High neural uncertainty	0.1794459500733941
0	812	Low neural uncertainty	0.1699965438407493
0	813	High neural uncertainty	0.18604761355608826
0	813	Low neural uncertainty	0.16794793930941326
0	814	High neural uncertainty	0.17803730200615092
0	814	Low neural uncertainty	0.16566922437715706
0	815	High neural uncertainty	0.1831954387012272
0	815	Low neural uncertainty	0.16679397700532866
0	816	High neural uncertainty	0.17673282578182856
0	816	Low neural uncertainty	0.16082332981446584
0	817	High neural uncertainty	0.17837291184533444
0	817	Low neural uncertainty	0.17189680635362262
0	818	High neural uncertainty	0.17414004192992535
0	818	Low neural uncertainty	0.16103636399662757
0	819	High neural uncertainty	0.17801398281239128
0	819	Low neural uncertainty	0.16843162837388148
0	820	High neural uncertainty	0.17628137202078034
0	820	Low neural uncertainty	0.1641616649299419
0	821	High neural uncertainty	0.18035426678203553
0	821	Low neural uncertainty	0.16424976616591472
0	822	High neural uncertainty	0.1829738762832216
0	822	Low neural uncertainty	0.16473148314969363
0	823	High neural uncertainty	0.18261217069490485
0	823	Low neural uncertainty	0.1631500283340997
0	824	High neural uncertainty	0.1857578212486415
0	824	Low neural uncertainty	0.17042405112495734
0	825	High neural uncertainty	0.185265271052271
0	825	Low neural uncertainty	0.16849903398098873
0	826	High neural uncertainty	0.18095644273578398
0	826	Low neural uncertainty	0.16393876337988786
0	827	High neural uncertainty	0.18344509968900338
0	827	Low neural uncertainty	0.173464800019178
0	828	High neural uncertainty	0.18078877539119234
0	828	Low neural uncertainty	0.16024310891627186
0	829	High neural uncertainty	0.17818651939385208
0	829	Low neural uncertainty	0.1656194977416086
0	830	High neural uncertainty	0.1790392341174909
0	830	Low neural uncertainty	0.1593424845684156
0	831	High neural uncertainty	0.17710592648811904
0	831	Low neural uncertainty	0.16676722129048618
0	832	High neural uncertainty	0.1804900494453142
0	832	Low neural uncertainty	0.16480675348659496
0	833	High neural uncertainty	0.1866000343171787
0	833	Low neural uncertainty	0.1707961917190633
0	834	High neural uncertainty	0.18008425641594938
0	834	Low neural uncertainty	0.1634792950146693
0	835	High neural uncertainty	0.17805625485727397
0	835	Low neural uncertainty	0.1619505130039219
0	836	High neural uncertainty	0.19022931671102816
0	836	Low neural uncertainty	0.1688474464068115
0	837	High neural uncertainty	0.18317169015929038
0	837	Low neural uncertainty	0.16979374170231015
0	838	High neural uncertainty	0.18534068573039175
0	838	Low neural uncertainty	0.16512274201221602
0	839	High neural uncertainty	0.1850315513731908
0	839	Low neural uncertainty	0.16780288873929686
0	840	High neural uncertainty	0.1827861453880558
0	840	Low neural uncertainty	0.16752934583238188
0	841	High neural uncertainty	0.18340143798285277
0	841	Low neural uncertainty	0.16633641606279917
0	842	High neural uncertainty	0.1773346081263665
0	842	Low neural uncertainty	0.1618129987168494
0	843	High neural uncertainty	0.18106486390955795
0	843	Low neural uncertainty	0.16382682666336523
0	844	High neural uncertainty	0.180430368794259
0	844	Low neural uncertainty	0.17201511923627583
0	845	High neural uncertainty	0.18291989540325454
0	845	Low neural uncertainty	0.1742591659842119
0	846	High neural uncertainty	0.18352711679502332
0	846	Low neural uncertainty	0.17312552652366886
0	847	High neural uncertainty	0.17765655021471974
0	847	Low neural uncertainty	0.15802634794726042
0	848	High neural uncertainty	0.17862037086427993
0	848	Low neural uncertainty	0.16419813554747587
0	849	High neural uncertainty	0.1802059113913544
0	849	Low neural uncertainty	0.15899188534192368
0	850	High neural uncertainty	0.18439480065545866
0	850	Low neural uncertainty	0.1652516053337653
0	851	High neural uncertainty	0.17854833864336117
0	851	Low neural uncertainty	0.16227285810306405
0	852	High neural uncertainty	0.1860599772128263
0	852	Low neural uncertainty	0.1652718893520285
0	853	High neural uncertainty	0.1819365857474722
0	853	Low neural uncertainty	0.1652985466556101
0	854	High neural uncertainty	0.18485799189625096
0	854	Low neural uncertainty	0.16213523202469818
0	855	High neural uncertainty	0.18004316266612413
0	855	Low neural uncertainty	0.1641881291871228
0	856	High neural uncertainty	0.17889247465902167
0	856	Low neural uncertainty	0.1671347845974315
0	857	High neural uncertainty	0.1836553628530519
0	857	Low neural uncertainty	0.16729327925676443
0	858	High neural uncertainty	0.18440431708898805
0	858	Low neural uncertainty	0.16531068405379565
0	859	High neural uncertainty	0.1907930346132877
0	859	Low neural uncertainty	0.1692290945651469
0	860	High neural uncertainty	0.1745020421098726
0	860	Low neural uncertainty	0.16153565212399504
0	861	High neural uncertainty	0.18280994345173013
0	861	Low neural uncertainty	0.1685434333223128
0	862	High neural uncertainty	0.17723410381793137
0	862	Low neural uncertainty	0.162573596834587
0	863	High neural uncertainty	0.176500271626125
0	863	Low neural uncertainty	0.16058138578931763
0	864	High neural uncertainty	0.18163830455388896
0	864	Low neural uncertainty	0.16448074568457377
0	865	High neural uncertainty	0.17844270376097085
0	865	Low neural uncertainty	0.16688445920950956
0	866	High neural uncertainty	0.18307158546508087
0	866	Low neural uncertainty	0.1639094561420202
0	867	High neural uncertainty	0.1775058035748769
0	867	Low neural uncertainty	0.16508567598028454
0	868	High neural uncertainty	0.1762807632941402
0	868	Low neural uncertainty	0.16399980992627883
0	869	High neural uncertainty	0.18251109437879073
0	869	Low neural uncertainty	0.16391338930072186
0	870	High neural uncertainty	0.17320565834106225
0	870	Low neural uncertainty	0.1622376083416398
0	871	High neural uncertainty	0.1831947921508281
0	871	Low neural uncertainty	0.1595404826323535
0	872	High neural uncertainty	0.17952392721075172
0	872	Low neural uncertainty	0.16143781803854587
0	873	High neural uncertainty	0.17739005804149527
0	873	Low neural uncertainty	0.16284437860451298
0	874	High neural uncertainty	0.17412200256657365
0	874	Low neural uncertainty	0.16232890023534774
0	875	High neural uncertainty	0.18692190841099338
0	875	Low neural uncertainty	0.16942121188693982
0	876	High neural uncertainty	0.18328060435929816
0	876	Low neural uncertainty	0.16588087292985484
0	877	High neural uncertainty	0.18000896780104514
0	877	Low neural uncertainty	0.16297559098345948
0	878	High neural uncertainty	0.1815195614134369
0	878	Low neural uncertainty	0.16139472849002526
0	879	High neural uncertainty	0.17891784137016614
0	879	Low neural uncertainty	0.16253357815521327
0	880	High neural uncertainty	0.18002403810920392
0	880	Low neural uncertainty	0.17303611570901492
0	881	High neural uncertainty	0.1761819834152137
0	881	Low neural uncertainty	0.15964068903391226
0	882	High neural uncertainty	0.1827275221460703
0	882	Low neural uncertainty	0.16393867657073205
0	883	High neural uncertainty	0.19089717147281762
0	883	Low neural uncertainty	0.16397725824619397
0	884	High neural uncertainty	0.1857429248551777
0	884	Low neural uncertainty	0.16619097450467693
0	885	High neural uncertainty	0.1839219968662093
0	885	Low neural uncertainty	0.16401441496416888
0	886	High neural uncertainty	0.18659385794759328
0	886	Low neural uncertainty	0.16592264309482258
0	887	High neural uncertainty	0.1781371787206733
0	887	Low neural uncertainty	0.1633804823958906
0	888	High neural uncertainty	0.18682258993608508
0	888	Low neural uncertainty	0.1698976247069196
0	889	High neural uncertainty	0.1818829766499296
0	889	Low neural uncertainty	0.15902878657425834
0	890	High neural uncertainty	0.17772274125904097
0	890	Low neural uncertainty	0.16563133173576142
0	891	High neural uncertainty	0.17439199217518928
0	891	Low neural uncertainty	0.16298054192922565
0	892	High neural uncertainty	0.1846392868146538
0	892	Low neural uncertainty	0.16593049874041857
0	893	High neural uncertainty	0.17645819995072365
0	893	Low neural uncertainty	0.16007948807228464
0	894	High neural uncertainty	0.18263695754707024
0	894	Low neural uncertainty	0.16901338888328946
0	895	High neural uncertainty	0.18372674782280582
0	895	Low neural uncertainty	0.17112535916574087
0	896	High neural uncertainty	0.17996800278285427
0	896	Low neural uncertainty	0.16107638561077095
0	897	High neural uncertainty	0.1818820300711879
0	897	Low neural uncertainty	0.16157235206522325
0	898	High neural uncertainty	0.18232809491812507
0	898	Low neural uncertainty	0.16455333769206276
0	899	High neural uncertainty	0.18118741668570865
0	899	Low neural uncertainty	0.16473775141945765
0	900	High neural uncertainty	0.17953742029948783
0	900	Low neural uncertainty	0.16257469552274534
0	901	High neural uncertainty	0.18454695276716643
0	901	Low neural uncertainty	0.16939326148695613
0	902	High neural uncertainty	0.19031068090234685
0	902	Low neural uncertainty	0.16451369605507218
0	903	High neural uncertainty	0.1828845477914184
0	903	Low neural uncertainty	0.16115575164772702
0	904	High neural uncertainty	0.1852165188825474
0	904	Low neural uncertainty	0.17642778693904576
0	905	High neural uncertainty	0.17536440514494858
0	905	Low neural uncertainty	0.16381619246494225
0	906	High neural uncertainty	0.1809144981509442
0	906	Low neural uncertainty	0.16581303989089358
0	907	High neural uncertainty	0.1800391328586845
0	907	Low neural uncertainty	0.16298074575435925
0	908	High neural uncertainty	0.1822909503323666
0	908	Low neural uncertainty	0.1672951047637927
0	909	High neural uncertainty	0.17907629688489557
0	909	Low neural uncertainty	0.165180001819078
0	910	High neural uncertainty	0.1784272022323946
0	910	Low neural uncertainty	0.16126490076175198
0	911	High neural uncertainty	0.1800037905373499
0	911	Low neural uncertainty	0.16774541672643864
0	912	High neural uncertainty	0.17884071229117615
0	912	Low neural uncertainty	0.16254823917493189
0	913	High neural uncertainty	0.18097332083207185
0	913	Low neural uncertainty	0.17045457968986844
0	914	High neural uncertainty	0.18234960547552118
0	914	Low neural uncertainty	0.15917003690985415
0	915	High neural uncertainty	0.1876403254534172
0	915	Low neural uncertainty	0.1660747187200112
0	916	High neural uncertainty	0.17745936372095597
0	916	Low neural uncertainty	0.16539404928268425
0	917	High neural uncertainty	0.18401118025358826
0	917	Low neural uncertainty	0.16200111489299324
0	918	High neural uncertainty	0.17815981221820434
0	918	Low neural uncertainty	0.1644333410830361
0	919	High neural uncertainty	0.17992403357605652
0	919	Low neural uncertainty	0.1633032024395429
0	920	High neural uncertainty	0.17484839958448056
0	920	Low neural uncertainty	0.16042932608333446
0	921	High neural uncertainty	0.1800379069816277
0	921	Low neural uncertainty	0.16394138443485137
0	922	High neural uncertainty	0.17605386688067245
0	922	Low neural uncertainty	0.16489865742662355
0	923	High neural uncertainty	0.18674863027186936
0	923	Low neural uncertainty	0.16175602106841017
0	924	High neural uncertainty	0.1755933148211574
0	924	Low neural uncertainty	0.16048117148849914
0	925	High neural uncertainty	0.17559637844423123
0	925	Low neural uncertainty	0.16459274859017003
0	926	High neural uncertainty	0.18513785919550738
0	926	Low neural uncertainty	0.16083634965825885
0	927	High neural uncertainty	0.18886851423647405
0	927	Low neural uncertainty	0.16434529205738013
0	928	High neural uncertainty	0.1764401446946113
0	928	Low neural uncertainty	0.1664696039039779
0	929	High neural uncertainty	0.18396703496271308
0	929	Low neural uncertainty	0.16201666189012953
0	930	High neural uncertainty	0.1772921885764975
0	930	Low neural uncertainty	0.16328619760352528
0	931	High neural uncertainty	0.18468600549637504
0	931	Low neural uncertainty	0.17342562376117937
0	932	High neural uncertainty	0.17645630244652621
0	932	Low neural uncertainty	0.16080522454863974
0	933	High neural uncertainty	0.18414271096958731
0	933	Low neural uncertainty	0.17076832893272692
0	934	High neural uncertainty	0.1817295325655877
0	934	Low neural uncertainty	0.16335044360243653
0	935	High neural uncertainty	0.1835119535882432
0	935	Low neural uncertainty	0.16409077242096337
0	936	High neural uncertainty	0.18070668629732056
0	936	Low neural uncertainty	0.16674207913566894
0	937	High neural uncertainty	0.1766603852361974
0	937	Low neural uncertainty	0.16506397048847077
0	938	High neural uncertainty	0.18119109169924197
0	938	Low neural uncertainty	0.15590921493421792
0	939	High neural uncertainty	0.18926993963781535
0	939	Low neural uncertainty	0.1607633960269965
0	940	High neural uncertainty	0.18546888632830294
0	940	Low neural uncertainty	0.16046381189700196
0	941	High neural uncertainty	0.18116788115875732
0	941	Low neural uncertainty	0.16593561790152567
0	942	High neural uncertainty	0.17840239652463696
0	942	Low neural uncertainty	0.1613241606273828
0	943	High neural uncertainty	0.1785946747732863
0	943	Low neural uncertainty	0.16500427065154796
0	944	High neural uncertainty	0.18407611248812172
0	944	Low neural uncertainty	0.16347751253563042
0	945	High neural uncertainty	0.1769357909746315
0	945	Low neural uncertainty	0.15960580440379438
0	946	High neural uncertainty	0.1821684859314897
0	946	Low neural uncertainty	0.16116633326927193
0	947	High neural uncertainty	0.18057480229388576
0	947	Low neural uncertainty	0.16347889476952723
0	948	High neural uncertainty	0.17957782303252245
0	948	Low neural uncertainty	0.1720754195631726
0	949	High neural uncertainty	0.18841341463980277
0	949	Low neural uncertainty	0.16772868913727737
0	950	High neural uncertainty	0.1783884928485523
0	950	Low neural uncertainty	0.16762806965917437
0	951	High neural uncertainty	0.1754362250955777
0	951	Low neural uncertainty	0.16988303469037172
0	952	High neural uncertainty	0.17359345583317526
0	952	Low neural uncertainty	0.1634389455801902
0	953	High neural uncertainty	0.18153436967306233
0	953	Low neural uncertainty	0.1627215553985834
0	954	High neural uncertainty	0.18035310234393237
0	954	Low neural uncertainty	0.15923330487677442
0	955	High neural uncertainty	0.17991760252767378
0	955	Low neural uncertainty	0.1689275376831552
0	956	High neural uncertainty	0.18508478017877092
0	956	Low neural uncertainty	0.16782589241429233
0	957	High neural uncertainty	0.18463517152393366
0	957	Low neural uncertainty	0.17249413712194192
0	958	High neural uncertainty	0.18482352082993517
0	958	Low neural uncertainty	0.16452669030144465
0	959	High neural uncertainty	0.17533960512273472
0	959	Low neural uncertainty	0.16399614415471359
0	960	High neural uncertainty	0.1836199105872254
0	960	Low neural uncertainty	0.15751992469747877
0	961	High neural uncertainty	0.18048482094143467
0	961	Low neural uncertainty	0.1605793371812369
0	962	High neural uncertainty	0.17868702243764467
0	962	Low neural uncertainty	0.16384041064083135
0	963	High neural uncertainty	0.1858844211894717
0	963	Low neural uncertainty	0.16537772564290606
0	964	High neural uncertainty	0.17555688715758472
0	964	Low neural uncertainty	0.165485144225446
0	965	High neural uncertainty	0.18557995808308173
0	965	Low neural uncertainty	0.16612763410576312
0	966	High neural uncertainty	0.18262168500259135
0	966	Low neural uncertainty	0.16868030192600847
0	967	High neural uncertainty	0.17463463114472827
0	967	Low neural uncertainty	0.16008852597654852
0	968	High neural uncertainty	0.1823886184932531
0	968	Low neural uncertainty	0.16482429033553653
0	969	High neural uncertainty	0.18412140687925185
0	969	Low neural uncertainty	0.15951993245031768
0	970	High neural uncertainty	0.18579087755142698
0	970	Low neural uncertainty	0.16135858573376338
0	971	High neural uncertainty	0.17288333189774546
0	971	Low neural uncertainty	0.16387375495647624
0	972	High neural uncertainty	0.1812340221030313
0	972	Low neural uncertainty	0.16382850636770738
0	973	High neural uncertainty	0.18153652958726024
0	973	Low neural uncertainty	0.16843847821434663
0	974	High neural uncertainty	0.17971532423982015
0	974	Low neural uncertainty	0.16590076279634564
0	975	High neural uncertainty	0.1800544296237457
0	975	Low neural uncertainty	0.16392750001488723
0	976	High neural uncertainty	0.17742340046484376
0	976	Low neural uncertainty	0.15998152338498314
0	977	High neural uncertainty	0.18873004487039555
0	977	Low neural uncertainty	0.16416917905039363
0	978	High neural uncertainty	0.1806715347799235
0	978	Low neural uncertainty	0.16660566729187656
0	979	High neural uncertainty	0.17281444055847214
0	979	Low neural uncertainty	0.15975443746749723
0	980	High neural uncertainty	0.183834073970499
0	980	Low neural uncertainty	0.16917302752655758
0	981	High neural uncertainty	0.17892240650154334
0	981	Low neural uncertainty	0.1605815011467471
0	982	High neural uncertainty	0.1763696539123125
0	982	Low neural uncertainty	0.17099103136003685
0	983	High neural uncertainty	0.1803598971989454
0	983	Low neural uncertainty	0.163360199032935
0	984	High neural uncertainty	0.18802934793603743
0	984	Low neural uncertainty	0.17310313214214793
0	985	High neural uncertainty	0.18280559130548757
0	985	Low neural uncertainty	0.1704682865929642
0	986	High neural uncertainty	0.1807007249548789
0	986	Low neural uncertainty	0.16272556784760225
0	987	High neural uncertainty	0.18099528810238952
0	987	Low neural uncertainty	0.16833089609623667
0	988	High neural uncertainty	0.18356546807124313
0	988	Low neural uncertainty	0.16446662647410665
0	989	High neural uncertainty	0.17626728855332377
0	989	Low neural uncertainty	0.1657979292474237
0	990	High neural uncertainty	0.18606078594897868
0	990	Low neural uncertainty	0.16383825110167952
0	991	High neural uncertainty	0.18144146283767654
0	991	Low neural uncertainty	0.16062698915508897
0	992	High neural uncertainty	0.1787186218220673
0	992	Low neural uncertainty	0.1636994231112077
0	993	High neural uncertainty	0.18507229727188995
0	993	Low neural uncertainty	0.16444989609919938
0	994	High neural uncertainty	0.1761737559529476
0	994	Low neural uncertainty	0.16347180207944093
0	995	High neural uncertainty	0.17676969492409064
0	995	Low neural uncertainty	0.16408082702707405
0	996	High neural uncertainty	0.18118153731730305
0	996	Low neural uncertainty	0.1601596014226302
0	997	High neural uncertainty	0.1778917125386753
0	997	Low neural uncertainty	0.16260907194611485
0	998	High neural uncertainty	0.18251295516124186
0	998	Low neural uncertainty	0.1669647456857432
0	999	High neural uncertainty	0.1842160665808211
0	999	Low neural uncertainty	0.16315600084431445
1	0	High neural uncertainty	0.17775438664728926
1	0	Low neural uncertainty	0.16204968937386371
1	1	High neural uncertainty	0.1756494942205601
1	1	Low neural uncertainty	0.16450305843326934
1	2	High neural uncertainty	0.17555977977255827
1	2	Low neural uncertainty	0.16031728204048387
1	3	High neural uncertainty	0.18317708744279562
1	3	Low neural uncertainty	0.1639359013129162
1	4	High neural uncertainty	0.18137485715605367
1	4	Low neural uncertainty	0.16758041731188036
1	5	High neural uncertainty	0.1785598776883889
1	5	Low neural uncertainty	0.1692219008171293
1	6	High neural uncertainty	0.16965480426046234
1	6	Low neural uncertainty	0.1601071952793967
1	7	High neural uncertainty	0.1884150390358591
1	7	Low neural uncertainty	0.1729973036736297
1	8	High neural uncertainty	0.17322132052169553
1	8	Low neural uncertainty	0.16583493951211767
1	9	High neural uncertainty	0.1761345294885554
1	9	Low neural uncertainty	0.16456055829291513
1	10	High neural uncertainty	0.17727737998775647
1	10	Low neural uncertainty	0.16859800773998776
1	11	High neural uncertainty	0.18140547412089272
1	11	Low neural uncertainty	0.16687435984370624
1	12	High neural uncertainty	0.18140310580141752
1	12	Low neural uncertainty	0.16546812203179617
1	13	High neural uncertainty	0.17511493014373636
1	13	Low neural uncertainty	0.15849819371077306
1	14	High neural uncertainty	0.18250062819151702
1	14	Low neural uncertainty	0.15872018251654607
1	15	High neural uncertainty	0.1795260108735967
1	15	Low neural uncertainty	0.16212883553097573
1	16	High neural uncertainty	0.17840899890434977
1	16	Low neural uncertainty	0.15970885569219284
1	17	High neural uncertainty	0.1875622836464404
1	17	Low neural uncertainty	0.16541253018618496
1	18	High neural uncertainty	0.185608159898293
1	18	Low neural uncertainty	0.16821918174132286
1	19	High neural uncertainty	0.17421944815418128
1	19	Low neural uncertainty	0.15875063720521954
1	20	High neural uncertainty	0.1812320810772589
1	20	Low neural uncertainty	0.1633571849872603
1	21	High neural uncertainty	0.17865823555352725
1	21	Low neural uncertainty	0.1717782792992915
1	22	High neural uncertainty	0.17872742288954838
1	22	Low neural uncertainty	0.1674086195036673
1	23	High neural uncertainty	0.18277673229391603
1	23	Low neural uncertainty	0.16697787852869958
1	24	High neural uncertainty	0.17680687165222217
1	24	Low neural uncertainty	0.16803986013309324
1	25	High neural uncertainty	0.17848249368497307
1	25	Low neural uncertainty	0.15983884413641683
1	26	High neural uncertainty	0.18109166971688984
1	26	Low neural uncertainty	0.16685507155029375
1	27	High neural uncertainty	0.17633961203516985
1	27	Low neural uncertainty	0.16283555693732898
1	28	High neural uncertainty	0.17264466323916444
1	28	Low neural uncertainty	0.1586496311110179
1	29	High neural uncertainty	0.1814601167851232
1	29	Low neural uncertainty	0.16163952874229057
1	30	High neural uncertainty	0.17838578823693094
1	30	Low neural uncertainty	0.16315168331503177
1	31	High neural uncertainty	0.18278769303530934
1	31	Low neural uncertainty	0.16330634752618509
1	32	High neural uncertainty	0.18939810875334426
1	32	Low neural uncertainty	0.16993586410097095
1	33	High neural uncertainty	0.1847291482445652
1	33	Low neural uncertainty	0.16862986852163667
1	34	High neural uncertainty	0.17356337296288835
1	34	Low neural uncertainty	0.16732433041388142
1	35	High neural uncertainty	0.18436791036283845
1	35	Low neural uncertainty	0.1717842087165444
1	36	High neural uncertainty	0.1872986675956077
1	36	Low neural uncertainty	0.16997874513459346
1	37	High neural uncertainty	0.17695252552913726
1	37	Low neural uncertainty	0.1686565744135523
1	38	High neural uncertainty	0.18296053042861624
1	38	Low neural uncertainty	0.16360122517071748
1	39	High neural uncertainty	0.1797071339831869
1	39	Low neural uncertainty	0.16492628856705005
1	40	High neural uncertainty	0.18028843622898824
1	40	Low neural uncertainty	0.16470095042871435
1	41	High neural uncertainty	0.18566651913543625
1	41	Low neural uncertainty	0.1741276101436121
1	42	High neural uncertainty	0.1816633428210356
1	42	Low neural uncertainty	0.16622463192078898
1	43	High neural uncertainty	0.17943701996075742
1	43	Low neural uncertainty	0.16373460957054722
1	44	High neural uncertainty	0.17567423013007843
1	44	Low neural uncertainty	0.15862885213797936
1	45	High neural uncertainty	0.18444508751999597
1	45	Low neural uncertainty	0.17101288432397324
1	46	High neural uncertainty	0.17851356038725977
1	46	Low neural uncertainty	0.1669915967670824
1	47	High neural uncertainty	0.17882949321412775
1	47	Low neural uncertainty	0.16813551344390185
1	48	High neural uncertainty	0.17810802473240392
1	48	Low neural uncertainty	0.16242143721462518
1	49	High neural uncertainty	0.17852898042247412
1	49	Low neural uncertainty	0.16607425148802687
1	50	High neural uncertainty	0.18212436277215466
1	50	Low neural uncertainty	0.17096800227329373
1	51	High neural uncertainty	0.17974472881872633
1	51	Low neural uncertainty	0.16441306344177803
1	52	High neural uncertainty	0.18332751008881001
1	52	Low neural uncertainty	0.16635930844448002
1	53	High neural uncertainty	0.17364694201656264
1	53	Low neural uncertainty	0.16527357423635727
1	54	High neural uncertainty	0.17679508948070202
1	54	Low neural uncertainty	0.16847405705194074
1	55	High neural uncertainty	0.17871034290784912
1	55	Low neural uncertainty	0.16996735384974815
1	56	High neural uncertainty	0.18011196107748353
1	56	Low neural uncertainty	0.16191060026424395
1	57	High neural uncertainty	0.17985256702093622
1	57	Low neural uncertainty	0.15855514560576917
1	58	High neural uncertainty	0.18177262699643207
1	58	Low neural uncertainty	0.159517407182889
1	59	High neural uncertainty	0.1759325731013873
1	59	Low neural uncertainty	0.16245819063656733
1	60	High neural uncertainty	0.18082482538776673
1	60	Low neural uncertainty	0.16028605245146643
1	61	High neural uncertainty	0.17925716955830862
1	61	Low neural uncertainty	0.16267480782506283
1	62	High neural uncertainty	0.19168360032566925
1	62	Low neural uncertainty	0.16892124064540026
1	63	High neural uncertainty	0.18051490979623758
1	63	Low neural uncertainty	0.16617448317218864
1	64	High neural uncertainty	0.17796919922246132
1	64	Low neural uncertainty	0.16602880100728543
1	65	High neural uncertainty	0.18683740797881696
1	65	Low neural uncertainty	0.1708686861645901
1	66	High neural uncertainty	0.17914280252164347
1	66	Low neural uncertainty	0.16388607177997427
1	67	High neural uncertainty	0.17960729793840485
1	67	Low neural uncertainty	0.16955141989975753
1	68	High neural uncertainty	0.18281985831433362
1	68	Low neural uncertainty	0.16928276246613944
1	69	High neural uncertainty	0.17628102644386595
1	69	Low neural uncertainty	0.1655474292662844
1	70	High neural uncertainty	0.17828204710540535
1	70	Low neural uncertainty	0.16549041326171493
1	71	High neural uncertainty	0.17605389482632797
1	71	Low neural uncertainty	0.15798574858749112
1	72	High neural uncertainty	0.18388389531973215
1	72	Low neural uncertainty	0.1666061314315219
1	73	High neural uncertainty	0.17721364323294267
1	73	Low neural uncertainty	0.1679185666557939
1	74	High neural uncertainty	0.1736895615415644
1	74	Low neural uncertainty	0.16588721409813417
1	75	High neural uncertainty	0.181268424166801
1	75	Low neural uncertainty	0.1657602641993543
1	76	High neural uncertainty	0.17716558436818478
1	76	Low neural uncertainty	0.16518163556526275
1	77	High neural uncertainty	0.18244518068338136
1	77	Low neural uncertainty	0.15847079806427333
1	78	High neural uncertainty	0.18389046073608653
1	78	Low neural uncertainty	0.16815335889686464
1	79	High neural uncertainty	0.1835761672144734
1	79	Low neural uncertainty	0.17119236794045561
1	80	High neural uncertainty	0.18033386041358077
1	80	Low neural uncertainty	0.16577042168405498
1	81	High neural uncertainty	0.17343417131386557
1	81	Low neural uncertainty	0.1596151505326248
1	82	High neural uncertainty	0.1776143927642763
1	82	Low neural uncertainty	0.16158310860384073
1	83	High neural uncertainty	0.18147666286965652
1	83	Low neural uncertainty	0.16794085776022588
1	84	High neural uncertainty	0.1859846942802081
1	84	Low neural uncertainty	0.1661892776043351
1	85	High neural uncertainty	0.1788153593137668
1	85	Low neural uncertainty	0.16186279795224295
1	86	High neural uncertainty	0.18027036450980827
1	86	Low neural uncertainty	0.15973700203079938
1	87	High neural uncertainty	0.17730566083385424
1	87	Low neural uncertainty	0.16141137182271467
1	88	High neural uncertainty	0.17624912186540911
1	88	Low neural uncertainty	0.17083700014787997
1	89	High neural uncertainty	0.18402625809190917
1	89	Low neural uncertainty	0.16921242285651275
1	90	High neural uncertainty	0.18098409028677379
1	90	Low neural uncertainty	0.16054426387906814
1	91	High neural uncertainty	0.17888701660825693
1	91	Low neural uncertainty	0.1679530360657126
1	92	High neural uncertainty	0.17778581479737537
1	92	Low neural uncertainty	0.15942974264754245
1	93	High neural uncertainty	0.18164077398499184
1	93	Low neural uncertainty	0.15943677614217686
1	94	High neural uncertainty	0.17411419615014143
1	94	Low neural uncertainty	0.16198867025058805
1	95	High neural uncertainty	0.1779166951877287
1	95	Low neural uncertainty	0.16203655480563292
1	96	High neural uncertainty	0.18796603686333707
1	96	Low neural uncertainty	0.16656714491647706
1	97	High neural uncertainty	0.17956350356492895
1	97	Low neural uncertainty	0.1650894401866138
1	98	High neural uncertainty	0.17729234255477413
1	98	Low neural uncertainty	0.16604775243077077
1	99	High neural uncertainty	0.1759611283150882
1	99	Low neural uncertainty	0.1656287178485546
1	100	High neural uncertainty	0.17985196749692683
1	100	Low neural uncertainty	0.174312562978533
1	101	High neural uncertainty	0.18150701065109684
1	101	Low neural uncertainty	0.15667865333293954
1	102	High neural uncertainty	0.18800285831755165
1	102	Low neural uncertainty	0.1676725555019743
1	103	High neural uncertainty	0.18332603820428167
1	103	Low neural uncertainty	0.1622280135411144
1	104	High neural uncertainty	0.19352573064597073
1	104	Low neural uncertainty	0.17180322291001512
1	105	High neural uncertainty	0.17895674605713718
1	105	Low neural uncertainty	0.16270257901025395
1	106	High neural uncertainty	0.17707665429800015
1	106	Low neural uncertainty	0.1702962261354051
1	107	High neural uncertainty	0.18108433403354082
1	107	Low neural uncertainty	0.16108348385692833
1	108	High neural uncertainty	0.18297179373923317
1	108	Low neural uncertainty	0.15941093116937183
1	109	High neural uncertainty	0.17944496388061798
1	109	Low neural uncertainty	0.16580048533290614
1	110	High neural uncertainty	0.19004932289041643
1	110	Low neural uncertainty	0.17309795373378123
1	111	High neural uncertainty	0.18871815652222296
1	111	Low neural uncertainty	0.16707701797187696
1	112	High neural uncertainty	0.1842577296009895
1	112	Low neural uncertainty	0.16854648313229584
1	113	High neural uncertainty	0.17825445550047345
1	113	Low neural uncertainty	0.1722923720156103
1	114	High neural uncertainty	0.18460857004589495
1	114	Low neural uncertainty	0.1627697529617585
1	115	High neural uncertainty	0.17915781091391014
1	115	Low neural uncertainty	0.16921442881231658
1	116	High neural uncertainty	0.18858529096076684
1	116	Low neural uncertainty	0.16696231941404982
1	117	High neural uncertainty	0.18096054296610006
1	117	Low neural uncertainty	0.16785404158313463
1	118	High neural uncertainty	0.1818464994790694
1	118	Low neural uncertainty	0.16984020540664466
1	119	High neural uncertainty	0.17937561420861792
1	119	Low neural uncertainty	0.1661091291324748
1	120	High neural uncertainty	0.18337583762881227
1	120	Low neural uncertainty	0.16033134943621374
1	121	High neural uncertainty	0.1796038044136538
1	121	Low neural uncertainty	0.16539449827938188
1	122	High neural uncertainty	0.1832179256790873
1	122	Low neural uncertainty	0.16015178349204343
1	123	High neural uncertainty	0.1772230058607578
1	123	Low neural uncertainty	0.16650163782791197
1	124	High neural uncertainty	0.1771146468475988
1	124	Low neural uncertainty	0.1528852353469663
1	125	High neural uncertainty	0.1811832862568992
1	125	Low neural uncertainty	0.16044960602092678
1	126	High neural uncertainty	0.1764056309650846
1	126	Low neural uncertainty	0.16661674069643834
1	127	High neural uncertainty	0.18297417972130572
1	127	Low neural uncertainty	0.16798661807054832
1	128	High neural uncertainty	0.18401411679932275
1	128	Low neural uncertainty	0.16291839065692684
1	129	High neural uncertainty	0.18063775542071517
1	129	Low neural uncertainty	0.16556381716775523
1	130	High neural uncertainty	0.17750703813552893
1	130	Low neural uncertainty	0.16666702444259202
1	131	High neural uncertainty	0.18428414808637442
1	131	Low neural uncertainty	0.16902073036561233
1	132	High neural uncertainty	0.1811584534318827
1	132	Low neural uncertainty	0.17282634280727482
1	133	High neural uncertainty	0.1850105834688005
1	133	Low neural uncertainty	0.16893737952265084
1	134	High neural uncertainty	0.18609843032875006
1	134	Low neural uncertainty	0.1673234319861303
1	135	High neural uncertainty	0.17932472423230805
1	135	Low neural uncertainty	0.16258423061078858
1	136	High neural uncertainty	0.18048373427850672
1	136	Low neural uncertainty	0.16427442185962018
1	137	High neural uncertainty	0.17868315594578088
1	137	Low neural uncertainty	0.1614349506112155
1	138	High neural uncertainty	0.17672546008093612
1	138	Low neural uncertainty	0.16532828182628895
1	139	High neural uncertainty	0.1782621055530892
1	139	Low neural uncertainty	0.16245310655334055
1	140	High neural uncertainty	0.18815172285049903
1	140	Low neural uncertainty	0.16201418846865592
1	141	High neural uncertainty	0.18375451719604236
1	141	Low neural uncertainty	0.16882628358620969
1	142	High neural uncertainty	0.1738564798882115
1	142	Low neural uncertainty	0.1632458067204353
1	143	High neural uncertainty	0.17607982743405637
1	143	Low neural uncertainty	0.1620561864203048
1	144	High neural uncertainty	0.17837013409663813
1	144	Low neural uncertainty	0.16355034649290584
1	145	High neural uncertainty	0.18366238413413535
1	145	Low neural uncertainty	0.1641129028915596
1	146	High neural uncertainty	0.18141841974572762
1	146	Low neural uncertainty	0.1603028914401273
1	147	High neural uncertainty	0.17882290931650258
1	147	Low neural uncertainty	0.16674358192130762
1	148	High neural uncertainty	0.18061110182439372
1	148	Low neural uncertainty	0.15737697078274193
1	149	High neural uncertainty	0.1912484522874545
1	149	Low neural uncertainty	0.16924158407664172
1	150	High neural uncertainty	0.1866814062592018
1	150	Low neural uncertainty	0.16913978462963897
1	151	High neural uncertainty	0.17715428485592633
1	151	Low neural uncertainty	0.159772539108094
1	152	High neural uncertainty	0.17956428792277845
1	152	Low neural uncertainty	0.16869037432446232
1	153	High neural uncertainty	0.1814605880541655
1	153	Low neural uncertainty	0.1653817505784475
1	154	High neural uncertainty	0.18731696384602928
1	154	Low neural uncertainty	0.16865836330957118
1	155	High neural uncertainty	0.18597782702592977
1	155	Low neural uncertainty	0.16888608340346645
1	156	High neural uncertainty	0.18011900432552558
1	156	Low neural uncertainty	0.16369754629479033
1	157	High neural uncertainty	0.1842647274317423
1	157	Low neural uncertainty	0.16328760242078727
1	158	High neural uncertainty	0.18366790799297955
1	158	Low neural uncertainty	0.16815450919940655
1	159	High neural uncertainty	0.17816530876945302
1	159	Low neural uncertainty	0.17194716859775633
1	160	High neural uncertainty	0.17661936703112396
1	160	Low neural uncertainty	0.16508878602780455
1	161	High neural uncertainty	0.17613253386621983
1	161	Low neural uncertainty	0.16553391192815248
1	162	High neural uncertainty	0.1827563991482821
1	162	Low neural uncertainty	0.17098892258244236
1	163	High neural uncertainty	0.1800208554156874
1	163	Low neural uncertainty	0.1647014444562526
1	164	High neural uncertainty	0.18740635924056137
1	164	Low neural uncertainty	0.1691884956326704
1	165	High neural uncertainty	0.18315606458741507
1	165	Low neural uncertainty	0.16314541164830615
1	166	High neural uncertainty	0.17903544963737664
1	166	Low neural uncertainty	0.16614239652375865
1	167	High neural uncertainty	0.17652545631345024
1	167	Low neural uncertainty	0.16536045052018594
1	168	High neural uncertainty	0.18337599717887013
1	168	Low neural uncertainty	0.16558373604540225
1	169	High neural uncertainty	0.17577681403746254
1	169	Low neural uncertainty	0.16092911134269794
1	170	High neural uncertainty	0.18666247189868135
1	170	Low neural uncertainty	0.1686974128715421
1	171	High neural uncertainty	0.17996530591262744
1	171	Low neural uncertainty	0.1648310852211326
1	172	High neural uncertainty	0.18034291686763693
1	172	Low neural uncertainty	0.1598341119112548
1	173	High neural uncertainty	0.18257342771531299
1	173	Low neural uncertainty	0.16834274980794112
1	174	High neural uncertainty	0.18520632009839463
1	174	Low neural uncertainty	0.16683020883275748
1	175	High neural uncertainty	0.18334051491877604
1	175	Low neural uncertainty	0.1615036449869188
1	176	High neural uncertainty	0.17791691074862284
1	176	Low neural uncertainty	0.16683788578804506
1	177	High neural uncertainty	0.17465792152905746
1	177	Low neural uncertainty	0.16058881993433582
1	178	High neural uncertainty	0.18787468417508102
1	178	Low neural uncertainty	0.16793263731070512
1	179	High neural uncertainty	0.17560526952092928
1	179	Low neural uncertainty	0.16373637546517508
1	180	High neural uncertainty	0.1830612699948294
1	180	Low neural uncertainty	0.16330343679984682
1	181	High neural uncertainty	0.18116415885018472
1	181	Low neural uncertainty	0.165387904134819
1	182	High neural uncertainty	0.18405518998758547
1	182	Low neural uncertainty	0.16039530011454747
1	183	High neural uncertainty	0.17687308312965788
1	183	Low neural uncertainty	0.16581079961330158
1	184	High neural uncertainty	0.1851237988067793
1	184	Low neural uncertainty	0.16426013308961968
1	185	High neural uncertainty	0.17880754556081768
1	185	Low neural uncertainty	0.1643007571907085
1	186	High neural uncertainty	0.1770285085527997
1	186	Low neural uncertainty	0.1577361558321632
1	187	High neural uncertainty	0.184390109430899
1	187	Low neural uncertainty	0.16781264278800276
1	188	High neural uncertainty	0.1853115216547801
1	188	Low neural uncertainty	0.16571514094940898
1	189	High neural uncertainty	0.1819083722893122
1	189	Low neural uncertainty	0.16909646983203225
1	190	High neural uncertainty	0.17113469593351843
1	190	Low neural uncertainty	0.16760427673384282
1	191	High neural uncertainty	0.17975256022023062
1	191	Low neural uncertainty	0.16299529657636813
1	192	High neural uncertainty	0.17164037959475414
1	192	Low neural uncertainty	0.16400430769753105
1	193	High neural uncertainty	0.17649221785311692
1	193	Low neural uncertainty	0.15989823800205621
1	194	High neural uncertainty	0.1883438026779601
1	194	Low neural uncertainty	0.16160526926173158
1	195	High neural uncertainty	0.1774460055203114
1	195	Low neural uncertainty	0.1620930349465264
1	196	High neural uncertainty	0.18422064576608946
1	196	Low neural uncertainty	0.16747476668408418
1	197	High neural uncertainty	0.18931713526121452
1	197	Low neural uncertainty	0.16342483895856363
1	198	High neural uncertainty	0.18144706857943163
1	198	Low neural uncertainty	0.16838418624738205
1	199	High neural uncertainty	0.18814218239321595
1	199	Low neural uncertainty	0.1606773906783802
1	200	High neural uncertainty	0.18154147401225443
1	200	Low neural uncertainty	0.1635277137748267
1	201	High neural uncertainty	0.18215087497024884
1	201	Low neural uncertainty	0.166456654820248
1	202	High neural uncertainty	0.1872428192102412
1	202	Low neural uncertainty	0.1722978910783012
1	203	High neural uncertainty	0.1761830040265926
1	203	Low neural uncertainty	0.16393958424724223
1	204	High neural uncertainty	0.17770378398730774
1	204	Low neural uncertainty	0.1709999350162833
1	205	High neural uncertainty	0.17300721758078821
1	205	Low neural uncertainty	0.1655311053211445
1	206	High neural uncertainty	0.17978637320365998
1	206	Low neural uncertainty	0.17090344525525877
1	207	High neural uncertainty	0.1838109139643493
1	207	Low neural uncertainty	0.16184430845348163
1	208	High neural uncertainty	0.18276272106279118
1	208	Low neural uncertainty	0.16590745981547914
1	209	High neural uncertainty	0.1852123989930306
1	209	Low neural uncertainty	0.17234727178194253
1	210	High neural uncertainty	0.17948737024355327
1	210	Low neural uncertainty	0.15898026482477023
1	211	High neural uncertainty	0.18258557180786517
1	211	Low neural uncertainty	0.16268686454139614
1	212	High neural uncertainty	0.1792630279751324
1	212	Low neural uncertainty	0.1678831775294584
1	213	High neural uncertainty	0.1857662865896533
1	213	Low neural uncertainty	0.16924765458788554
1	214	High neural uncertainty	0.17770379309678405
1	214	Low neural uncertainty	0.16627365079649614
1	215	High neural uncertainty	0.17693451503288607
1	215	Low neural uncertainty	0.1689906108207227
1	216	High neural uncertainty	0.1826954554353721
1	216	Low neural uncertainty	0.16230942459984557
1	217	High neural uncertainty	0.18493977208517445
1	217	Low neural uncertainty	0.1719886530025435
1	218	High neural uncertainty	0.1750040105640803
1	218	Low neural uncertainty	0.1608142507766119
1	219	High neural uncertainty	0.1868154406970989
1	219	Low neural uncertainty	0.16799085748791087
1	220	High neural uncertainty	0.18038614294646263
1	220	Low neural uncertainty	0.1663417388495618
1	221	High neural uncertainty	0.17938299111694103
1	221	Low neural uncertainty	0.1729587836970576
1	222	High neural uncertainty	0.17517869825182864
1	222	Low neural uncertainty	0.16681412135112014
1	223	High neural uncertainty	0.17832933903595785
1	223	Low neural uncertainty	0.16161464695243904
1	224	High neural uncertainty	0.17354427902821007
1	224	Low neural uncertainty	0.16116171889099892
1	225	High neural uncertainty	0.18741668885632023
1	225	Low neural uncertainty	0.16367614547271753
1	226	High neural uncertainty	0.182487169653044
1	226	Low neural uncertainty	0.17375752955670087
1	227	High neural uncertainty	0.18567951135638408
1	227	Low neural uncertainty	0.1658995483084398
1	228	High neural uncertainty	0.18179911861591075
1	228	Low neural uncertainty	0.1654723681357698
1	229	High neural uncertainty	0.181474256110489
1	229	Low neural uncertainty	0.164678591522246
1	230	High neural uncertainty	0.1806199795988065
1	230	Low neural uncertainty	0.17340463825782124
1	231	High neural uncertainty	0.17900091397440912
1	231	Low neural uncertainty	0.16678476881127888
1	232	High neural uncertainty	0.1809472030124314
1	232	Low neural uncertainty	0.16844340771140323
1	233	High neural uncertainty	0.180390156529302
1	233	Low neural uncertainty	0.1709395230283147
1	234	High neural uncertainty	0.17932626709907834
1	234	Low neural uncertainty	0.1658844635472235
1	235	High neural uncertainty	0.18086052474456046
1	235	Low neural uncertainty	0.165792974441994
1	236	High neural uncertainty	0.17321317612497628
1	236	Low neural uncertainty	0.16460619219911932
1	237	High neural uncertainty	0.1801152134385762
1	237	Low neural uncertainty	0.17088047280710264
1	238	High neural uncertainty	0.18269677944777163
1	238	Low neural uncertainty	0.16014792226435762
1	239	High neural uncertainty	0.17872534870495396
1	239	Low neural uncertainty	0.16178090818981453
1	240	High neural uncertainty	0.18473639775030617
1	240	Low neural uncertainty	0.15933159032002175
1	241	High neural uncertainty	0.1803007867797632
1	241	Low neural uncertainty	0.16430033441615563
1	242	High neural uncertainty	0.1864148063914331
1	242	Low neural uncertainty	0.16719322130158035
1	243	High neural uncertainty	0.18661585701588532
1	243	Low neural uncertainty	0.1683753169478798
1	244	High neural uncertainty	0.18644638428367621
1	244	Low neural uncertainty	0.16692832385943085
1	245	High neural uncertainty	0.18013973140684483
1	245	Low neural uncertainty	0.1713350300203826
1	246	High neural uncertainty	0.18034280152135587
1	246	Low neural uncertainty	0.1626466753119582
1	247	High neural uncertainty	0.1767251433864021
1	247	Low neural uncertainty	0.1639518252681098
1	248	High neural uncertainty	0.18310628595262365
1	248	Low neural uncertainty	0.16099688121842723
1	249	High neural uncertainty	0.18375933225444246
1	249	Low neural uncertainty	0.1693336751038938
1	250	High neural uncertainty	0.18355316245227005
1	250	Low neural uncertainty	0.1650038661854241
1	251	High neural uncertainty	0.17777478092291574
1	251	Low neural uncertainty	0.16540624870847756
1	252	High neural uncertainty	0.1810089064654983
1	252	Low neural uncertainty	0.16834291943761637
1	253	High neural uncertainty	0.18002840993918795
1	253	Low neural uncertainty	0.17165028984988348
1	254	High neural uncertainty	0.1812527289737583
1	254	Low neural uncertainty	0.16433771529896268
1	255	High neural uncertainty	0.18188432530024784
1	255	Low neural uncertainty	0.17279370286368537
1	256	High neural uncertainty	0.1855057123570037
1	256	Low neural uncertainty	0.17114919322472313
1	257	High neural uncertainty	0.1829252446847305
1	257	Low neural uncertainty	0.16311325318297099
1	258	High neural uncertainty	0.1774862759952194
1	258	Low neural uncertainty	0.1681643571279207
1	259	High neural uncertainty	0.17678298841804485
1	259	Low neural uncertainty	0.16299080593590687
1	260	High neural uncertainty	0.1785946062170772
1	260	Low neural uncertainty	0.16795781013454697
1	261	High neural uncertainty	0.18121840936539627
1	261	Low neural uncertainty	0.16460538763869997
1	262	High neural uncertainty	0.18173234454734322
1	262	Low neural uncertainty	0.16310101261339266
1	263	High neural uncertainty	0.18143032743354648
1	263	Low neural uncertainty	0.1666298317289327
1	264	High neural uncertainty	0.18314917570021833
1	264	Low neural uncertainty	0.16194527214455817
1	265	High neural uncertainty	0.18468196467932277
1	265	Low neural uncertainty	0.1621133698506673
1	266	High neural uncertainty	0.1774820542604479
1	266	Low neural uncertainty	0.16215447161143923
1	267	High neural uncertainty	0.18087219712920433
1	267	Low neural uncertainty	0.16058493941466714
1	268	High neural uncertainty	0.18684895848580702
1	268	Low neural uncertainty	0.1587524712920986
1	269	High neural uncertainty	0.1895225730272694
1	269	Low neural uncertainty	0.16967535255281446
1	270	High neural uncertainty	0.17922611766298457
1	270	Low neural uncertainty	0.16680066771525315
1	271	High neural uncertainty	0.17614379056202104
1	271	Low neural uncertainty	0.1590691590636784
1	272	High neural uncertainty	0.18783177338104418
1	272	Low neural uncertainty	0.17283086458452096
1	273	High neural uncertainty	0.1843253226354156
1	273	Low neural uncertainty	0.16226552695280694
1	274	High neural uncertainty	0.18293461261491234
1	274	Low neural uncertainty	0.16114975661982292
1	275	High neural uncertainty	0.18359200504759143
1	275	Low neural uncertainty	0.16922868007937866
1	276	High neural uncertainty	0.18102451439000614
1	276	Low neural uncertainty	0.16660587191804171
1	277	High neural uncertainty	0.17618324922133777
1	277	Low neural uncertainty	0.159564016399266
1	278	High neural uncertainty	0.18062539710230485
1	278	Low neural uncertainty	0.1692984258546003
1	279	High neural uncertainty	0.18013329650400903
1	279	Low neural uncertainty	0.16818705218313632
1	280	High neural uncertainty	0.18489485084865562
1	280	Low neural uncertainty	0.16730857938099394
1	281	High neural uncertainty	0.18499423873634643
1	281	Low neural uncertainty	0.16584654385048953
1	282	High neural uncertainty	0.1843247460882543
1	282	Low neural uncertainty	0.16663480515505544
1	283	High neural uncertainty	0.183813712690817
1	283	Low neural uncertainty	0.16917334223497033
1	284	High neural uncertainty	0.1798185312377637
1	284	Low neural uncertainty	0.16726298940800177
1	285	High neural uncertainty	0.18000929093361215
1	285	Low neural uncertainty	0.16651585385725579
1	286	High neural uncertainty	0.17435041930964562
1	286	Low neural uncertainty	0.16567437735945964
1	287	High neural uncertainty	0.17673485908607808
1	287	Low neural uncertainty	0.16709371023253652
1	288	High neural uncertainty	0.1892156595818614
1	288	Low neural uncertainty	0.16089351225672252
1	289	High neural uncertainty	0.1710159595018987
1	289	Low neural uncertainty	0.16782713382682884
1	290	High neural uncertainty	0.17167582313049895
1	290	Low neural uncertainty	0.16245220870158358
1	291	High neural uncertainty	0.177468862994751
1	291	Low neural uncertainty	0.16051774499359703
1	292	High neural uncertainty	0.1845036303437118
1	292	Low neural uncertainty	0.17360353779971047
1	293	High neural uncertainty	0.1814457440959561
1	293	Low neural uncertainty	0.17122570059266048
1	294	High neural uncertainty	0.17745639892801424
1	294	Low neural uncertainty	0.16551938233860533
1	295	High neural uncertainty	0.18582080532991263
1	295	Low neural uncertainty	0.16101233651052008
1	296	High neural uncertainty	0.18399616207715985
1	296	Low neural uncertainty	0.1635701167530535
1	297	High neural uncertainty	0.17965881002240486
1	297	Low neural uncertainty	0.16586414276943778
1	298	High neural uncertainty	0.1811915792115235
1	298	Low neural uncertainty	0.1665819890688315
1	299	High neural uncertainty	0.18145575031279787
1	299	Low neural uncertainty	0.17574264187044591
1	300	High neural uncertainty	0.17621090938582112
1	300	Low neural uncertainty	0.15664251920966127
1	301	High neural uncertainty	0.18590925455998897
1	301	Low neural uncertainty	0.17365293312585312
1	302	High neural uncertainty	0.17861438395222404
1	302	Low neural uncertainty	0.16076997381619634
1	303	High neural uncertainty	0.16897478115752537
1	303	Low neural uncertainty	0.16767809982664042
1	304	High neural uncertainty	0.17539256223378372
1	304	Low neural uncertainty	0.16821305430439468
1	305	High neural uncertainty	0.18216886682371544
1	305	Low neural uncertainty	0.15758269533113844
1	306	High neural uncertainty	0.17418196008899223
1	306	Low neural uncertainty	0.1594397317530135
1	307	High neural uncertainty	0.18442831862430276
1	307	Low neural uncertainty	0.16762749506524624
1	308	High neural uncertainty	0.18649270447519
1	308	Low neural uncertainty	0.1706954746593776
1	309	High neural uncertainty	0.17222971359150738
1	309	Low neural uncertainty	0.16332748426084276
1	310	High neural uncertainty	0.18162923015286034
1	310	Low neural uncertainty	0.16570934573823773
1	311	High neural uncertainty	0.17967199149173296
1	311	Low neural uncertainty	0.16415164355617176
1	312	High neural uncertainty	0.181247706107839
1	312	Low neural uncertainty	0.15837032869517917
1	313	High neural uncertainty	0.17703014975366177
1	313	Low neural uncertainty	0.16609164937772092
1	314	High neural uncertainty	0.17669851860313862
1	314	Low neural uncertainty	0.16537808919095096
1	315	High neural uncertainty	0.17790537499064446
1	315	Low neural uncertainty	0.16678580925516298
1	316	High neural uncertainty	0.1825964669291798
1	316	Low neural uncertainty	0.16395451585820323
1	317	High neural uncertainty	0.17936425581937823
1	317	Low neural uncertainty	0.16234164632170123
1	318	High neural uncertainty	0.17271279216294985
1	318	Low neural uncertainty	0.16569099576586635
1	319	High neural uncertainty	0.1855246798106371
1	319	Low neural uncertainty	0.163818839570047
1	320	High neural uncertainty	0.18457027168400794
1	320	Low neural uncertainty	0.167518809634808
1	321	High neural uncertainty	0.18530825146280785
1	321	Low neural uncertainty	0.16177674736669817
1	322	High neural uncertainty	0.17545309824589803
1	322	Low neural uncertainty	0.16065666059081185
1	323	High neural uncertainty	0.18196715246943618
1	323	Low neural uncertainty	0.17130406043914825
1	324	High neural uncertainty	0.18915025853542983
1	324	Low neural uncertainty	0.17729329738675623
1	325	High neural uncertainty	0.18140511807423224
1	325	Low neural uncertainty	0.15796342193983476
1	326	High neural uncertainty	0.18120141835499004
1	326	Low neural uncertainty	0.16468700269859804
1	327	High neural uncertainty	0.18477997997586595
1	327	Low neural uncertainty	0.17381295227259413
1	328	High neural uncertainty	0.19187696260488638
1	328	Low neural uncertainty	0.16419406470565018
1	329	High neural uncertainty	0.17820662439051072
1	329	Low neural uncertainty	0.16251847130126587
1	330	High neural uncertainty	0.17592048497933005
1	330	Low neural uncertainty	0.15960477351451144
1	331	High neural uncertainty	0.1797769224892725
1	331	Low neural uncertainty	0.16310407687766523
1	332	High neural uncertainty	0.18046555330841502
1	332	Low neural uncertainty	0.16217137734040252
1	333	High neural uncertainty	0.17981136974357062
1	333	Low neural uncertainty	0.1656303112312024
1	334	High neural uncertainty	0.17991467918735307
1	334	Low neural uncertainty	0.16422618137412362
1	335	High neural uncertainty	0.1775373937198573
1	335	Low neural uncertainty	0.16477309383201377
1	336	High neural uncertainty	0.18366524298329048
1	336	Low neural uncertainty	0.16327357533714154
1	337	High neural uncertainty	0.1792859164960215
1	337	Low neural uncertainty	0.15585529861571973
1	338	High neural uncertainty	0.1823416557219051
1	338	Low neural uncertainty	0.1621180189278727
1	339	High neural uncertainty	0.17557318926709262
1	339	Low neural uncertainty	0.166307357497068
1	340	High neural uncertainty	0.17525248416639835
1	340	Low neural uncertainty	0.16689679421972578
1	341	High neural uncertainty	0.1723249194639235
1	341	Low neural uncertainty	0.1546816542021285
1	342	High neural uncertainty	0.1894813515384831
1	342	Low neural uncertainty	0.17223680551185666
1	343	High neural uncertainty	0.17566536465420404
1	343	Low neural uncertainty	0.16199351348818108
1	344	High neural uncertainty	0.18446134154629157
1	344	Low neural uncertainty	0.16851458519189863
1	345	High neural uncertainty	0.18514137954726337
1	345	Low neural uncertainty	0.1690748357049416
1	346	High neural uncertainty	0.18293114631862537
1	346	Low neural uncertainty	0.16619984294553897
1	347	High neural uncertainty	0.1821179469755643
1	347	Low neural uncertainty	0.15973514147853154
1	348	High neural uncertainty	0.18156207280197623
1	348	Low neural uncertainty	0.17167821534755542
1	349	High neural uncertainty	0.1798629076392292
1	349	Low neural uncertainty	0.1605466787370329
1	350	High neural uncertainty	0.18141205735707344
1	350	Low neural uncertainty	0.1691823184482887
1	351	High neural uncertainty	0.1817449776729162
1	351	Low neural uncertainty	0.16536485465645331
1	352	High neural uncertainty	0.18268827951420652
1	352	Low neural uncertainty	0.16648178016790294
1	353	High neural uncertainty	0.18104481753777535
1	353	Low neural uncertainty	0.1620503038806716
1	354	High neural uncertainty	0.1783443205283729
1	354	Low neural uncertainty	0.17061033524561695
1	355	High neural uncertainty	0.18079212967786087
1	355	Low neural uncertainty	0.1586072636606767
1	356	High neural uncertainty	0.1820431276007937
1	356	Low neural uncertainty	0.17047776148113603
1	357	High neural uncertainty	0.18208212473908958
1	357	Low neural uncertainty	0.15914243866119399
1	358	High neural uncertainty	0.17464367653968718
1	358	Low neural uncertainty	0.16284216163265813
1	359	High neural uncertainty	0.17356678079550963
1	359	Low neural uncertainty	0.16126874242360675
1	360	High neural uncertainty	0.17611707003071372
1	360	Low neural uncertainty	0.16070109355792273
1	361	High neural uncertainty	0.18198311530983566
1	361	Low neural uncertainty	0.15895776867076067
1	362	High neural uncertainty	0.18895988383495588
1	362	Low neural uncertainty	0.15936104729709688
1	363	High neural uncertainty	0.17831495368210537
1	363	Low neural uncertainty	0.16970590227899937
1	364	High neural uncertainty	0.1784229193819751
1	364	Low neural uncertainty	0.16869084098945053
1	365	High neural uncertainty	0.17668718496723376
1	365	Low neural uncertainty	0.16862276353870945
1	366	High neural uncertainty	0.17975258499245184
1	366	Low neural uncertainty	0.16176415478295345
1	367	High neural uncertainty	0.17341688892662246
1	367	Low neural uncertainty	0.1638438823535305
1	368	High neural uncertainty	0.175734816221943
1	368	Low neural uncertainty	0.16238391462143384
1	369	High neural uncertainty	0.17682910546819863
1	369	Low neural uncertainty	0.1615640373381185
1	370	High neural uncertainty	0.17875500599674515
1	370	Low neural uncertainty	0.16392375731006895
1	371	High neural uncertainty	0.1791718967388774
1	371	Low neural uncertainty	0.16752847483503325
1	372	High neural uncertainty	0.18675230126762765
1	372	Low neural uncertainty	0.1714134395254291
1	373	High neural uncertainty	0.1743596992836248
1	373	Low neural uncertainty	0.16478002523168003
1	374	High neural uncertainty	0.18276281524621468
1	374	Low neural uncertainty	0.16942435049344162
1	375	High neural uncertainty	0.18546290208410632
1	375	Low neural uncertainty	0.1671577488951549
1	376	High neural uncertainty	0.18272524599820753
1	376	Low neural uncertainty	0.16737129323431596
1	377	High neural uncertainty	0.18065548189102015
1	377	Low neural uncertainty	0.15999403901032072
1	378	High neural uncertainty	0.18561765612835204
1	378	Low neural uncertainty	0.1642665209327353
1	379	High neural uncertainty	0.1856927408330381
1	379	Low neural uncertainty	0.1689449935514694
1	380	High neural uncertainty	0.17256090695840473
1	380	Low neural uncertainty	0.1691468787682655
1	381	High neural uncertainty	0.18784169860599748
1	381	Low neural uncertainty	0.16719342114925795
1	382	High neural uncertainty	0.17928564289663815
1	382	Low neural uncertainty	0.16253408651945636
1	383	High neural uncertainty	0.1795152651308656
1	383	Low neural uncertainty	0.16269770832965655
1	384	High neural uncertainty	0.187407830971592
1	384	Low neural uncertainty	0.1678215646945
1	385	High neural uncertainty	0.17600669848852524
1	385	Low neural uncertainty	0.15726750358840846
1	386	High neural uncertainty	0.18189117676242
1	386	Low neural uncertainty	0.1655895395074465
1	387	High neural uncertainty	0.1807265858894664
1	387	Low neural uncertainty	0.16605039418356246
1	388	High neural uncertainty	0.17850675290246273
1	388	Low neural uncertainty	0.16572948671446575
1	389	High neural uncertainty	0.1798495151928501
1	389	Low neural uncertainty	0.16195738265909237
1	390	High neural uncertainty	0.17765771820466297
1	390	Low neural uncertainty	0.17131346118379925
1	391	High neural uncertainty	0.18236983179591978
1	391	Low neural uncertainty	0.16736603586252524
1	392	High neural uncertainty	0.18558519648031013
1	392	Low neural uncertainty	0.16252422710710043
1	393	High neural uncertainty	0.17847934376129518
1	393	Low neural uncertainty	0.1609764719838352
1	394	High neural uncertainty	0.18041054526499006
1	394	Low neural uncertainty	0.16641065155808363
1	395	High neural uncertainty	0.18699479686633166
1	395	Low neural uncertainty	0.17430217584900426
1	396	High neural uncertainty	0.17601150839246277
1	396	Low neural uncertainty	0.1681161234512447
1	397	High neural uncertainty	0.17414975665344137
1	397	Low neural uncertainty	0.1628858557131903
1	398	High neural uncertainty	0.18854575331647236
1	398	Low neural uncertainty	0.170421219839365
1	399	High neural uncertainty	0.1742474249875862
1	399	Low neural uncertainty	0.16229332281595235
1	400	High neural uncertainty	0.18149210149338546
1	400	Low neural uncertainty	0.15937735490399166
1	401	High neural uncertainty	0.1780575327205139
1	401	Low neural uncertainty	0.16802129303183455
1	402	High neural uncertainty	0.17633782225724037
1	402	Low neural uncertainty	0.15941680199304917
1	403	High neural uncertainty	0.17913083309555175
1	403	Low neural uncertainty	0.16467333472626391
1	404	High neural uncertainty	0.1852420957620787
1	404	Low neural uncertainty	0.17463183981100483
1	405	High neural uncertainty	0.18336561686992198
1	405	Low neural uncertainty	0.16318751493263295
1	406	High neural uncertainty	0.18212957145074174
1	406	Low neural uncertainty	0.16385098374256982
1	407	High neural uncertainty	0.18346932458246912
1	407	Low neural uncertainty	0.16238612471505617
1	408	High neural uncertainty	0.1796571603147133
1	408	Low neural uncertainty	0.16929142915580633
1	409	High neural uncertainty	0.1844121921749182
1	409	Low neural uncertainty	0.1719979938130018
1	410	High neural uncertainty	0.18709481721512194
1	410	Low neural uncertainty	0.1676681487750517
1	411	High neural uncertainty	0.17703448061939456
1	411	Low neural uncertainty	0.16566262365941364
1	412	High neural uncertainty	0.1833728166541939
1	412	Low neural uncertainty	0.17414481226283257
1	413	High neural uncertainty	0.18717663547782804
1	413	Low neural uncertainty	0.17202173229963655
1	414	High neural uncertainty	0.17072977749903753
1	414	Low neural uncertainty	0.16337094178230802
1	415	High neural uncertainty	0.18220096521229492
1	415	Low neural uncertainty	0.1647016258681762
1	416	High neural uncertainty	0.1801404202575148
1	416	Low neural uncertainty	0.16259844328264106
1	417	High neural uncertainty	0.17904508875313485
1	417	Low neural uncertainty	0.1656808005353125
1	418	High neural uncertainty	0.17453510203059325
1	418	Low neural uncertainty	0.16042957991952822
1	419	High neural uncertainty	0.17987090212013568
1	419	Low neural uncertainty	0.157536458574801
1	420	High neural uncertainty	0.18878638658913716
1	420	Low neural uncertainty	0.16810828023043708
1	421	High neural uncertainty	0.17799710286900988
1	421	Low neural uncertainty	0.1586241504032113
1	422	High neural uncertainty	0.184630843956579
1	422	Low neural uncertainty	0.16788632153056673
1	423	High neural uncertainty	0.19022649202180164
1	423	Low neural uncertainty	0.17511568538782044
1	424	High neural uncertainty	0.17972607597202706
1	424	Low neural uncertainty	0.170750669713508
1	425	High neural uncertainty	0.1802271773685187
1	425	Low neural uncertainty	0.1659810854167544
1	426	High neural uncertainty	0.18059255492523035
1	426	Low neural uncertainty	0.1679553155706529
1	427	High neural uncertainty	0.17330324715091938
1	427	Low neural uncertainty	0.16329721900706376
1	428	High neural uncertainty	0.18262624875248604
1	428	Low neural uncertainty	0.17298623426290047
1	429	High neural uncertainty	0.17660067684979705
1	429	Low neural uncertainty	0.15536255342605548
1	430	High neural uncertainty	0.17860419679341444
1	430	Low neural uncertainty	0.16032066583203303
1	431	High neural uncertainty	0.17436137682830866
1	431	Low neural uncertainty	0.16253452641304267
1	432	High neural uncertainty	0.18203708316870248
1	432	Low neural uncertainty	0.15817951432264546
1	433	High neural uncertainty	0.18205171152579036
1	433	Low neural uncertainty	0.16822998923572383
1	434	High neural uncertainty	0.17793411255688163
1	434	Low neural uncertainty	0.15851383996492388
1	435	High neural uncertainty	0.17848386890912488
1	435	Low neural uncertainty	0.1655806044625566
1	436	High neural uncertainty	0.17728124943556448
1	436	Low neural uncertainty	0.1621043764337682
1	437	High neural uncertainty	0.19363665519485435
1	437	Low neural uncertainty	0.17650574986717144
1	438	High neural uncertainty	0.1852496407005909
1	438	Low neural uncertainty	0.16264726995295317
1	439	High neural uncertainty	0.18021914818403986
1	439	Low neural uncertainty	0.16524809474866867
1	440	High neural uncertainty	0.17301144491288312
1	440	Low neural uncertainty	0.16629081705276
1	441	High neural uncertainty	0.178307946690478
1	441	Low neural uncertainty	0.16197298411185046
1	442	High neural uncertainty	0.18338645359156427
1	442	Low neural uncertainty	0.16805961590718194
1	443	High neural uncertainty	0.18299914004085185
1	443	Low neural uncertainty	0.16019200122806712
1	444	High neural uncertainty	0.18000426468190364
1	444	Low neural uncertainty	0.16493565550198
1	445	High neural uncertainty	0.18588588169008344
1	445	Low neural uncertainty	0.16979701791448745
1	446	High neural uncertainty	0.17559649557121132
1	446	Low neural uncertainty	0.16189621027582932
1	447	High neural uncertainty	0.18394221524972784
1	447	Low neural uncertainty	0.1671771475123057
1	448	High neural uncertainty	0.1748594206023704
1	448	Low neural uncertainty	0.16327463155522637
1	449	High neural uncertainty	0.17182392388337925
1	449	Low neural uncertainty	0.1607256814009161
1	450	High neural uncertainty	0.17854642933752551
1	450	Low neural uncertainty	0.16172903168975913
1	451	High neural uncertainty	0.17587151920354355
1	451	Low neural uncertainty	0.16328811026207607
1	452	High neural uncertainty	0.17797665782755337
1	452	Low neural uncertainty	0.16023333034728388
1	453	High neural uncertainty	0.18063643488079875
1	453	Low neural uncertainty	0.16647930235144534
1	454	High neural uncertainty	0.180837257923959
1	454	Low neural uncertainty	0.16125734292738728
1	455	High neural uncertainty	0.17912348144793055
1	455	Low neural uncertainty	0.17116453881302465
1	456	High neural uncertainty	0.17992308570376803
1	456	Low neural uncertainty	0.16243910917382715
1	457	High neural uncertainty	0.18689459073103332
1	457	Low neural uncertainty	0.16353337943782606
1	458	High neural uncertainty	0.18262819983630257
1	458	Low neural uncertainty	0.16996186865667154
1	459	High neural uncertainty	0.18480219164019576
1	459	Low neural uncertainty	0.16535141102518028
1	460	High neural uncertainty	0.18344174663802257
1	460	Low neural uncertainty	0.16774060679618819
1	461	High neural uncertainty	0.1749517841363646
1	461	Low neural uncertainty	0.16098606554114459
1	462	High neural uncertainty	0.1866718009765165
1	462	Low neural uncertainty	0.1613847036197183
1	463	High neural uncertainty	0.17729733680553558
1	463	Low neural uncertainty	0.16457859351348883
1	464	High neural uncertainty	0.17890830369923574
1	464	Low neural uncertainty	0.16376926906771727
1	465	High neural uncertainty	0.18734921098905422
1	465	Low neural uncertainty	0.16428901000724064
1	466	High neural uncertainty	0.18732711284268544
1	466	Low neural uncertainty	0.15986290173235043
1	467	High neural uncertainty	0.1887860485500629
1	467	Low neural uncertainty	0.16448402172588675
1	468	High neural uncertainty	0.18497864036491227
1	468	Low neural uncertainty	0.16214809922395063
1	469	High neural uncertainty	0.17592604551005447
1	469	Low neural uncertainty	0.16226397254334485
1	470	High neural uncertainty	0.17857664732674752
1	470	Low neural uncertainty	0.1657522647243907
1	471	High neural uncertainty	0.18179015704700507
1	471	Low neural uncertainty	0.17114042135821336
1	472	High neural uncertainty	0.1812566435055024
1	472	Low neural uncertainty	0.1644366509891505
1	473	High neural uncertainty	0.18264341865492567
1	473	Low neural uncertainty	0.1645552434611754
1	474	High neural uncertainty	0.17488031945439655
1	474	Low neural uncertainty	0.16121787172451207
1	475	High neural uncertainty	0.17711901453099926
1	475	Low neural uncertainty	0.16702361948898306
1	476	High neural uncertainty	0.18513776441866892
1	476	Low neural uncertainty	0.16525417695522862
1	477	High neural uncertainty	0.18791720289030864
1	477	Low neural uncertainty	0.16620877008567267
1	478	High neural uncertainty	0.19082455450014385
1	478	Low neural uncertainty	0.16965136730425184
1	479	High neural uncertainty	0.17602305309560393
1	479	Low neural uncertainty	0.16762999044001275
1	480	High neural uncertainty	0.18466364510796124
1	480	Low neural uncertainty	0.1722894418717725
1	481	High neural uncertainty	0.1778442407206962
1	481	Low neural uncertainty	0.16404097391419775
1	482	High neural uncertainty	0.1748993189759554
1	482	Low neural uncertainty	0.16119791716974002
1	483	High neural uncertainty	0.17745461435192278
1	483	Low neural uncertainty	0.1707432451989018
1	484	High neural uncertainty	0.18348313339050093
1	484	Low neural uncertainty	0.1641394375535482
1	485	High neural uncertainty	0.17784528304870853
1	485	Low neural uncertainty	0.17002235545626868
1	486	High neural uncertainty	0.18576363130739681
1	486	Low neural uncertainty	0.17043258960665358
1	487	High neural uncertainty	0.17983104999781316
1	487	Low neural uncertainty	0.15799656942256116
1	488	High neural uncertainty	0.1870271286287648
1	488	Low neural uncertainty	0.16206047784948166
1	489	High neural uncertainty	0.18276741494163365
1	489	Low neural uncertainty	0.16815167362579383
1	490	High neural uncertainty	0.17927213952994106
1	490	Low neural uncertainty	0.16432858562698732
1	491	High neural uncertainty	0.17802585931610654
1	491	Low neural uncertainty	0.16336635457366336
1	492	High neural uncertainty	0.17744243644863608
1	492	Low neural uncertainty	0.16008464869922845
1	493	High neural uncertainty	0.1839605675765279
1	493	Low neural uncertainty	0.16713487572694524
1	494	High neural uncertainty	0.1778755168190887
1	494	Low neural uncertainty	0.16059571377548013
1	495	High neural uncertainty	0.1760878755784112
1	495	Low neural uncertainty	0.1590379106711419
1	496	High neural uncertainty	0.17572258289359305
1	496	Low neural uncertainty	0.16639425653186912
1	497	High neural uncertainty	0.17596323558143995
1	497	Low neural uncertainty	0.15664383973487853
1	498	High neural uncertainty	0.1806168265057031
1	498	Low neural uncertainty	0.15813775977414307
1	499	High neural uncertainty	0.18229369558505007
1	499	Low neural uncertainty	0.1721047908222722
1	500	High neural uncertainty	0.18459057304329826
1	500	Low neural uncertainty	0.16633806979265428
1	501	High neural uncertainty	0.17724332966469772
1	501	Low neural uncertainty	0.16204757218353202
1	502	High neural uncertainty	0.18565064683519994
1	502	Low neural uncertainty	0.15886458258609576
1	503	High neural uncertainty	0.18312422495014957
1	503	Low neural uncertainty	0.16584233579131363
1	504	High neural uncertainty	0.1799361233479647
1	504	Low neural uncertainty	0.16177533040437875
1	505	High neural uncertainty	0.18493159806177853
1	505	Low neural uncertainty	0.17035404086257586
1	506	High neural uncertainty	0.17788282845089126
1	506	Low neural uncertainty	0.16633543429685665
1	507	High neural uncertainty	0.1765976901709095
1	507	Low neural uncertainty	0.1651090516813546
1	508	High neural uncertainty	0.17786265896805473
1	508	Low neural uncertainty	0.15891124718541735
1	509	High neural uncertainty	0.18440328665866934
1	509	Low neural uncertainty	0.17353623193665568
1	510	High neural uncertainty	0.18597208315572492
1	510	Low neural uncertainty	0.16341196076508308
1	511	High neural uncertainty	0.1799368792427488
1	511	Low neural uncertainty	0.15923115687602704
1	512	High neural uncertainty	0.18071046967832224
1	512	Low neural uncertainty	0.1611052111374641
1	513	High neural uncertainty	0.18445510967406342
1	513	Low neural uncertainty	0.16700849260883813
1	514	High neural uncertainty	0.17593230607791052
1	514	Low neural uncertainty	0.1597331671699442
1	515	High neural uncertainty	0.1776611853660584
1	515	Low neural uncertainty	0.16347711409582816
1	516	High neural uncertainty	0.18012049785672635
1	516	Low neural uncertainty	0.16820185076461341
1	517	High neural uncertainty	0.17873838040376125
1	517	Low neural uncertainty	0.16619794300428745
1	518	High neural uncertainty	0.1844461493120995
1	518	Low neural uncertainty	0.16381522619215477
1	519	High neural uncertainty	0.17890264683039941
1	519	Low neural uncertainty	0.16411816360877834
1	520	High neural uncertainty	0.18352266988766366
1	520	Low neural uncertainty	0.1629110784220998
1	521	High neural uncertainty	0.176537764052558
1	521	Low neural uncertainty	0.16516797325886645
1	522	High neural uncertainty	0.18264174197309138
1	522	Low neural uncertainty	0.16585239503676086
1	523	High neural uncertainty	0.17550499891526472
1	523	Low neural uncertainty	0.167183679681709
1	524	High neural uncertainty	0.18611962226787968
1	524	Low neural uncertainty	0.1682194466088458
1	525	High neural uncertainty	0.17800073526957513
1	525	Low neural uncertainty	0.16828199490045434
1	526	High neural uncertainty	0.18434119283005568
1	526	Low neural uncertainty	0.17527496159265823
1	527	High neural uncertainty	0.18363648339217456
1	527	Low neural uncertainty	0.16264519448298592
1	528	High neural uncertainty	0.1788211869681942
1	528	Low neural uncertainty	0.1668434754257801
1	529	High neural uncertainty	0.1755311745787021
1	529	Low neural uncertainty	0.1713368547919849
1	530	High neural uncertainty	0.17591076587889784
1	530	Low neural uncertainty	0.16800213061969638
1	531	High neural uncertainty	0.1811753635372889
1	531	Low neural uncertainty	0.16952755280742823
1	532	High neural uncertainty	0.17764738553336432
1	532	Low neural uncertainty	0.16124572443716897
1	533	High neural uncertainty	0.18159554428403482
1	533	Low neural uncertainty	0.16306497076136453
1	534	High neural uncertainty	0.1796555932119804
1	534	Low neural uncertainty	0.16486896134539014
1	535	High neural uncertainty	0.17996247842611976
1	535	Low neural uncertainty	0.16613903838841335
1	536	High neural uncertainty	0.1781153385127616
1	536	Low neural uncertainty	0.15905629815914882
1	537	High neural uncertainty	0.17956181693302056
1	537	Low neural uncertainty	0.16907943935000966
1	538	High neural uncertainty	0.1899353662652057
1	538	Low neural uncertainty	0.1704301755226289
1	539	High neural uncertainty	0.17682240913577704
1	539	Low neural uncertainty	0.16478235404741162
1	540	High neural uncertainty	0.18127412196646034
1	540	Low neural uncertainty	0.16439148642159856
1	541	High neural uncertainty	0.17810377182737458
1	541	Low neural uncertainty	0.16342361076301198
1	542	High neural uncertainty	0.18416710082539262
1	542	Low neural uncertainty	0.16694933439953388
1	543	High neural uncertainty	0.17907001666014313
1	543	Low neural uncertainty	0.16572078738862167
1	544	High neural uncertainty	0.1888225091970276
1	544	Low neural uncertainty	0.17346353322890004
1	545	High neural uncertainty	0.18099601363963322
1	545	Low neural uncertainty	0.16643861714406524
1	546	High neural uncertainty	0.17698570853592469
1	546	Low neural uncertainty	0.16694476469876732
1	547	High neural uncertainty	0.17651812757986787
1	547	Low neural uncertainty	0.1650817559738912
1	548	High neural uncertainty	0.19051834939082626
1	548	Low neural uncertainty	0.16943801966258054
1	549	High neural uncertainty	0.18594126511449732
1	549	Low neural uncertainty	0.16454689638949643
1	550	High neural uncertainty	0.1771714548249725
1	550	Low neural uncertainty	0.16304036903472308
1	551	High neural uncertainty	0.1743925403844107
1	551	Low neural uncertainty	0.16033902095748784
1	552	High neural uncertainty	0.17835652614055716
1	552	Low neural uncertainty	0.1653276863560351
1	553	High neural uncertainty	0.17904939848188162
1	553	Low neural uncertainty	0.16381879405523628
1	554	High neural uncertainty	0.18796541033675626
1	554	Low neural uncertainty	0.16827201383521517
1	555	High neural uncertainty	0.18011584644007847
1	555	Low neural uncertainty	0.1557015662220231
1	556	High neural uncertainty	0.1783811700482156
1	556	Low neural uncertainty	0.15938249675744257
1	557	High neural uncertainty	0.18167894115794886
1	557	Low neural uncertainty	0.1641620498390504
1	558	High neural uncertainty	0.18934682511904358
1	558	Low neural uncertainty	0.1693106890145746
1	559	High neural uncertainty	0.18359017391534938
1	559	Low neural uncertainty	0.16680058478546234
1	560	High neural uncertainty	0.17754243034716644
1	560	Low neural uncertainty	0.17526226516434493
1	561	High neural uncertainty	0.18033086058220935
1	561	Low neural uncertainty	0.16385078134436618
1	562	High neural uncertainty	0.1843907026264863
1	562	Low neural uncertainty	0.16937384747244033
1	563	High neural uncertainty	0.18566034251389188
1	563	Low neural uncertainty	0.17192363958612508
1	564	High neural uncertainty	0.18392274464302036
1	564	Low neural uncertainty	0.16933241352876682
1	565	High neural uncertainty	0.1763923434006999
1	565	Low neural uncertainty	0.1630102428190603
1	566	High neural uncertainty	0.18236337564431435
1	566	Low neural uncertainty	0.16491357101659287
1	567	High neural uncertainty	0.1838465008224216
1	567	Low neural uncertainty	0.16514232832375395
1	568	High neural uncertainty	0.18584615451332168
1	568	Low neural uncertainty	0.1572539799544089
1	569	High neural uncertainty	0.17543489587163263
1	569	Low neural uncertainty	0.16028569900962164
1	570	High neural uncertainty	0.1797483344677504
1	570	Low neural uncertainty	0.16336046897088513
1	571	High neural uncertainty	0.18138655123053166
1	571	Low neural uncertainty	0.16515576606468113
1	572	High neural uncertainty	0.17755107986153001
1	572	Low neural uncertainty	0.16317355913308543
1	573	High neural uncertainty	0.17439687634102075
1	573	Low neural uncertainty	0.15607290754947944
1	574	High neural uncertainty	0.17830977939738374
1	574	Low neural uncertainty	0.171628945208491
1	575	High neural uncertainty	0.17911677996232084
1	575	Low neural uncertainty	0.1680044430485601
1	576	High neural uncertainty	0.18705573954452967
1	576	Low neural uncertainty	0.16633987704868636
1	577	High neural uncertainty	0.17747121743454053
1	577	Low neural uncertainty	0.16338386829898285
1	578	High neural uncertainty	0.18395244790390763
1	578	Low neural uncertainty	0.16503206789404729
1	579	High neural uncertainty	0.1798185221256473
1	579	Low neural uncertainty	0.1665181936105319
1	580	High neural uncertainty	0.18014076340018498
1	580	Low neural uncertainty	0.16103432956291544
1	581	High neural uncertainty	0.1838487874863279
1	581	Low neural uncertainty	0.17269057659680337
1	582	High neural uncertainty	0.18014254898671764
1	582	Low neural uncertainty	0.17288521669225954
1	583	High neural uncertainty	0.1751086402374902
1	583	Low neural uncertainty	0.16481285077159444
1	584	High neural uncertainty	0.17491429914258583
1	584	Low neural uncertainty	0.16018635653300659
1	585	High neural uncertainty	0.18089665956031525
1	585	Low neural uncertainty	0.16063728942637215
1	586	High neural uncertainty	0.18176533107038795
1	586	Low neural uncertainty	0.16820028969273546
1	587	High neural uncertainty	0.18744409383102087
1	587	Low neural uncertainty	0.16421189981948325
1	588	High neural uncertainty	0.1788486945953333
1	588	Low neural uncertainty	0.16163634917754155
1	589	High neural uncertainty	0.18491740872762685
1	589	Low neural uncertainty	0.17244824451903484
1	590	High neural uncertainty	0.18861277915780889
1	590	Low neural uncertainty	0.16090761041457152
1	591	High neural uncertainty	0.17944027001837906
1	591	Low neural uncertainty	0.16884258072053926
1	592	High neural uncertainty	0.18508231563669075
1	592	Low neural uncertainty	0.16554866024066534
1	593	High neural uncertainty	0.17929795127085157
1	593	Low neural uncertainty	0.16521271296127277
1	594	High neural uncertainty	0.1761654177521334
1	594	Low neural uncertainty	0.16260356017984348
1	595	High neural uncertainty	0.18698858305049304
1	595	Low neural uncertainty	0.1698012764161151
1	596	High neural uncertainty	0.17772459573905436
1	596	Low neural uncertainty	0.16860047759231245
1	597	High neural uncertainty	0.18908410970769815
1	597	Low neural uncertainty	0.17137218625581693
1	598	High neural uncertainty	0.18423974211574626
1	598	Low neural uncertainty	0.16160984226025654
1	599	High neural uncertainty	0.1829082138224077
1	599	Low neural uncertainty	0.1630160376678576
1	600	High neural uncertainty	0.176942305757896
1	600	Low neural uncertainty	0.16601119000106113
1	601	High neural uncertainty	0.1783227381266283
1	601	Low neural uncertainty	0.16611005309992918
1	602	High neural uncertainty	0.1775914590673829
1	602	Low neural uncertainty	0.16735924572254557
1	603	High neural uncertainty	0.17647620904861572
1	603	Low neural uncertainty	0.16249578272457355
1	604	High neural uncertainty	0.17944399696997693
1	604	Low neural uncertainty	0.1637430333911247
1	605	High neural uncertainty	0.18474542082861664
1	605	Low neural uncertainty	0.16392529089365837
1	606	High neural uncertainty	0.18046809035472286
1	606	Low neural uncertainty	0.1690212624665447
1	607	High neural uncertainty	0.17691867861146057
1	607	Low neural uncertainty	0.16684998954180125
1	608	High neural uncertainty	0.1771210397214464
1	608	Low neural uncertainty	0.16620322840944526
1	609	High neural uncertainty	0.1797854921260486
1	609	Low neural uncertainty	0.16791014534246332
1	610	High neural uncertainty	0.18072451746180204
1	610	Low neural uncertainty	0.16283538127468314
1	611	High neural uncertainty	0.1826272788998471
1	611	Low neural uncertainty	0.16504189506458078
1	612	High neural uncertainty	0.17741042325239664
1	612	Low neural uncertainty	0.1644274813426089
1	613	High neural uncertainty	0.18048401142739276
1	613	Low neural uncertainty	0.17059043207814104
1	614	High neural uncertainty	0.18928349312420897
1	614	Low neural uncertainty	0.1683152347602638
1	615	High neural uncertainty	0.17945621511127574
1	615	Low neural uncertainty	0.1651609910678643
1	616	High neural uncertainty	0.17488250074307274
1	616	Low neural uncertainty	0.16401204072547337
1	617	High neural uncertainty	0.18140244964380423
1	617	Low neural uncertainty	0.16041969941033893
1	618	High neural uncertainty	0.1783020842995435
1	618	Low neural uncertainty	0.17032903426193455
1	619	High neural uncertainty	0.17880509283728793
1	619	Low neural uncertainty	0.1661864952922442
1	620	High neural uncertainty	0.1802953070102931
1	620	Low neural uncertainty	0.1644922494767581
1	621	High neural uncertainty	0.18677982499266926
1	621	Low neural uncertainty	0.17153084945674765
1	622	High neural uncertainty	0.1793138264597716
1	622	Low neural uncertainty	0.1622873955045286
1	623	High neural uncertainty	0.17888171425615412
1	623	Low neural uncertainty	0.1627712576073254
1	624	High neural uncertainty	0.18262536771092175
1	624	Low neural uncertainty	0.16945334784110888
1	625	High neural uncertainty	0.1708695641422687
1	625	Low neural uncertainty	0.15526957353281395
1	626	High neural uncertainty	0.18502619352753516
1	626	Low neural uncertainty	0.16645524254046423
1	627	High neural uncertainty	0.181299407531693
1	627	Low neural uncertainty	0.1634534682273258
1	628	High neural uncertainty	0.1765757073660169
1	628	Low neural uncertainty	0.16603909267263497
1	629	High neural uncertainty	0.18013358142606822
1	629	Low neural uncertainty	0.16744969181896083
1	630	High neural uncertainty	0.18544098476414173
1	630	Low neural uncertainty	0.15962350106753925
1	631	High neural uncertainty	0.1839200400433563
1	631	Low neural uncertainty	0.1687759341419774
1	632	High neural uncertainty	0.18759757508164113
1	632	Low neural uncertainty	0.1608491649938967
1	633	High neural uncertainty	0.1806251578519433
1	633	Low neural uncertainty	0.1626414747550017
1	634	High neural uncertainty	0.18766699914273313
1	634	Low neural uncertainty	0.17060692097096153
1	635	High neural uncertainty	0.1974862221271397
1	635	Low neural uncertainty	0.16968799465633214
1	636	High neural uncertainty	0.1807756201180586
1	636	Low neural uncertainty	0.16072387935508398
1	637	High neural uncertainty	0.1761694524106851
1	637	Low neural uncertainty	0.16267128827459487
1	638	High neural uncertainty	0.17990876465900113
1	638	Low neural uncertainty	0.16866702662258384
1	639	High neural uncertainty	0.17798764983647644
1	639	Low neural uncertainty	0.1651156827108678
1	640	High neural uncertainty	0.17651191721193066
1	640	Low neural uncertainty	0.16486193263446347
1	641	High neural uncertainty	0.18170457645449026
1	641	Low neural uncertainty	0.17196020592130104
1	642	High neural uncertainty	0.1871083981365797
1	642	Low neural uncertainty	0.16659693640770667
1	643	High neural uncertainty	0.1777342498480518
1	643	Low neural uncertainty	0.16172314195973164
1	644	High neural uncertainty	0.1809636843609282
1	644	Low neural uncertainty	0.1678602054425245
1	645	High neural uncertainty	0.18146840799201222
1	645	Low neural uncertainty	0.16386375403398962
1	646	High neural uncertainty	0.18473956064634586
1	646	Low neural uncertainty	0.16627061501328708
1	647	High neural uncertainty	0.18313248558973447
1	647	Low neural uncertainty	0.1624720331795823
1	648	High neural uncertainty	0.18061085694971488
1	648	Low neural uncertainty	0.16671835462735873
1	649	High neural uncertainty	0.18515338355049354
1	649	Low neural uncertainty	0.16610268925308833
1	650	High neural uncertainty	0.17446407388515944
1	650	Low neural uncertainty	0.16088177972390397
1	651	High neural uncertainty	0.19268321998981575
1	651	Low neural uncertainty	0.16822921318212347
1	652	High neural uncertainty	0.17757558000546966
1	652	Low neural uncertainty	0.16011919843811057
1	653	High neural uncertainty	0.18907931933243452
1	653	Low neural uncertainty	0.16659799592696628
1	654	High neural uncertainty	0.17816046421187573
1	654	Low neural uncertainty	0.16249969552232774
1	655	High neural uncertainty	0.1890976871481215
1	655	Low neural uncertainty	0.16700075248039842
1	656	High neural uncertainty	0.1875088677654995
1	656	Low neural uncertainty	0.167334862380177
1	657	High neural uncertainty	0.18432160019569596
1	657	Low neural uncertainty	0.16149079324786375
1	658	High neural uncertainty	0.1844685940943195
1	658	Low neural uncertainty	0.15968081006172927
1	659	High neural uncertainty	0.1860627070429442
1	659	Low neural uncertainty	0.1665000903441283
1	660	High neural uncertainty	0.17452062162941642
1	660	Low neural uncertainty	0.16529299583848997
1	661	High neural uncertainty	0.18331552839946075
1	661	Low neural uncertainty	0.16925901533219373
1	662	High neural uncertainty	0.18929438800964335
1	662	Low neural uncertainty	0.1730320408803783
1	663	High neural uncertainty	0.17220974221006274
1	663	Low neural uncertainty	0.15945996557797038
1	664	High neural uncertainty	0.18080342226368437
1	664	Low neural uncertainty	0.16971129994021594
1	665	High neural uncertainty	0.1890470108623795
1	665	Low neural uncertainty	0.16849270196022148
1	666	High neural uncertainty	0.18655730060306486
1	666	Low neural uncertainty	0.1649284829982249
1	667	High neural uncertainty	0.17775711001974473
1	667	Low neural uncertainty	0.1653929050853908
1	668	High neural uncertainty	0.17807757168207336
1	668	Low neural uncertainty	0.1616355740598901
1	669	High neural uncertainty	0.17866319164788688
1	669	Low neural uncertainty	0.16538030212899402
1	670	High neural uncertainty	0.17985252120419296
1	670	Low neural uncertainty	0.1625811832730663
1	671	High neural uncertainty	0.17661444461181083
1	671	Low neural uncertainty	0.166938570761981
1	672	High neural uncertainty	0.1829430694843694
1	672	Low neural uncertainty	0.16327099497214248
1	673	High neural uncertainty	0.18328000951823495
1	673	Low neural uncertainty	0.17234424196112735
1	674	High neural uncertainty	0.18187694452925476
1	674	Low neural uncertainty	0.1592727365809413
1	675	High neural uncertainty	0.17816039709879725
1	675	Low neural uncertainty	0.16952532742712167
1	676	High neural uncertainty	0.17958223776975502
1	676	Low neural uncertainty	0.15597752775649368
1	677	High neural uncertainty	0.18346535538910452
1	677	Low neural uncertainty	0.16361028202950384
1	678	High neural uncertainty	0.18592454838656253
1	678	Low neural uncertainty	0.16633088122673376
1	679	High neural uncertainty	0.18291856475568521
1	679	Low neural uncertainty	0.17039456899376237
1	680	High neural uncertainty	0.1736163424406645
1	680	Low neural uncertainty	0.16591544486349513
1	681	High neural uncertainty	0.18237013577586308
1	681	Low neural uncertainty	0.1641712590732794
1	682	High neural uncertainty	0.1838269772015586
1	682	Low neural uncertainty	0.16353078001060364
1	683	High neural uncertainty	0.17994470459617162
1	683	Low neural uncertainty	0.16466127895440896
1	684	High neural uncertainty	0.18377910600916814
1	684	Low neural uncertainty	0.17078520503549485
1	685	High neural uncertainty	0.17395123492856981
1	685	Low neural uncertainty	0.15875361415763992
1	686	High neural uncertainty	0.17688205007123142
1	686	Low neural uncertainty	0.16050331328030462
1	687	High neural uncertainty	0.18766142641897385
1	687	Low neural uncertainty	0.16752916490230182
1	688	High neural uncertainty	0.1789720505219598
1	688	Low neural uncertainty	0.16017592732646002
1	689	High neural uncertainty	0.17901737701952383
1	689	Low neural uncertainty	0.16802007066895094
1	690	High neural uncertainty	0.18613957987637805
1	690	Low neural uncertainty	0.17126024573297952
1	691	High neural uncertainty	0.19451095823314454
1	691	Low neural uncertainty	0.16343749076851027
1	692	High neural uncertainty	0.1913220815652209
1	692	Low neural uncertainty	0.16564301967550418
1	693	High neural uncertainty	0.180032660203986
1	693	Low neural uncertainty	0.16362977038240456
1	694	High neural uncertainty	0.17413389417291433
1	694	Low neural uncertainty	0.165478225717923
1	695	High neural uncertainty	0.17844170292750328
1	695	Low neural uncertainty	0.1607624991377305
1	696	High neural uncertainty	0.1826182466241482
1	696	Low neural uncertainty	0.16059332568962614
1	697	High neural uncertainty	0.18086585087713367
1	697	Low neural uncertainty	0.16240350208665646
1	698	High neural uncertainty	0.1837924270550359
1	698	Low neural uncertainty	0.16595070840597714
1	699	High neural uncertainty	0.18808283925171193
1	699	Low neural uncertainty	0.1662515330416286
1	700	High neural uncertainty	0.18073578404591947
1	700	Low neural uncertainty	0.1584566346953004
1	701	High neural uncertainty	0.18063963363866845
1	701	Low neural uncertainty	0.1680926020568697
1	702	High neural uncertainty	0.18436626938784162
1	702	Low neural uncertainty	0.16762604882012583
1	703	High neural uncertainty	0.17994685824786918
1	703	Low neural uncertainty	0.15735089095905733
1	704	High neural uncertainty	0.1837240716158097
1	704	Low neural uncertainty	0.1739146046011246
1	705	High neural uncertainty	0.17830377965848548
1	705	Low neural uncertainty	0.15826987472220067
1	706	High neural uncertainty	0.17864621922241705
1	706	Low neural uncertainty	0.16494538614297694
1	707	High neural uncertainty	0.18707965543940897
1	707	Low neural uncertainty	0.17075534986892157
1	708	High neural uncertainty	0.18012654703267464
1	708	Low neural uncertainty	0.16520529333078035
1	709	High neural uncertainty	0.1872912487495428
1	709	Low neural uncertainty	0.163811560329668
1	710	High neural uncertainty	0.17965838224515193
1	710	Low neural uncertainty	0.16111005742275214
1	711	High neural uncertainty	0.17558445675260245
1	711	Low neural uncertainty	0.16424947928052197
1	712	High neural uncertainty	0.17823905044634708
1	712	Low neural uncertainty	0.16915693625961617
1	713	High neural uncertainty	0.18323672343245986
1	713	Low neural uncertainty	0.16185125962654945
1	714	High neural uncertainty	0.17932743069434787
1	714	Low neural uncertainty	0.16570217196782808
1	715	High neural uncertainty	0.19138449153758005
1	715	Low neural uncertainty	0.16681697879789037
1	716	High neural uncertainty	0.18194004521514479
1	716	Low neural uncertainty	0.17450123849050703
1	717	High neural uncertainty	0.1816257384428593
1	717	Low neural uncertainty	0.1733883687364728
1	718	High neural uncertainty	0.17825958396740435
1	718	Low neural uncertainty	0.1677986457381201
1	719	High neural uncertainty	0.18789190652941704
1	719	Low neural uncertainty	0.16844795112220487
1	720	High neural uncertainty	0.1828446997375113
1	720	Low neural uncertainty	0.17079253299187178
1	721	High neural uncertainty	0.18754724204657272
1	721	Low neural uncertainty	0.16673951265359588
1	722	High neural uncertainty	0.1766870423379746
1	722	Low neural uncertainty	0.16170321855741415
1	723	High neural uncertainty	0.18563278793645682
1	723	Low neural uncertainty	0.1715238575622577
1	724	High neural uncertainty	0.1834864183666517
1	724	Low neural uncertainty	0.16398250690179836
1	725	High neural uncertainty	0.18063198143395473
1	725	Low neural uncertainty	0.16870125668986674
1	726	High neural uncertainty	0.17936075484148153
1	726	Low neural uncertainty	0.16380770187758964
1	727	High neural uncertainty	0.17840577585213746
1	727	Low neural uncertainty	0.161017142447106
1	728	High neural uncertainty	0.1824999430251423
1	728	Low neural uncertainty	0.16698653827477847
1	729	High neural uncertainty	0.187609212809769
1	729	Low neural uncertainty	0.17281454799361998
1	730	High neural uncertainty	0.18271249111708313
1	730	Low neural uncertainty	0.15977474638740177
1	731	High neural uncertainty	0.18403348508983042
1	731	Low neural uncertainty	0.16368487741764612
1	732	High neural uncertainty	0.1808309638171775
1	732	Low neural uncertainty	0.16165712216321773
1	733	High neural uncertainty	0.18276417463016661
1	733	Low neural uncertainty	0.16230798025835225
1	734	High neural uncertainty	0.18217236335219392
1	734	Low neural uncertainty	0.1715268935678838
1	735	High neural uncertainty	0.17009110822093346
1	735	Low neural uncertainty	0.16777746580312716
1	736	High neural uncertainty	0.1843397230216089
1	736	Low neural uncertainty	0.16303173717529867
1	737	High neural uncertainty	0.1850124846929757
1	737	Low neural uncertainty	0.17046617955561122
1	738	High neural uncertainty	0.18397177241576307
1	738	Low neural uncertainty	0.17230381401955042
1	739	High neural uncertainty	0.17422725379044357
1	739	Low neural uncertainty	0.16365787196161216
1	740	High neural uncertainty	0.1771098157393284
1	740	Low neural uncertainty	0.1612297853300153
1	741	High neural uncertainty	0.1835007963673232
1	741	Low neural uncertainty	0.16236012637037883
1	742	High neural uncertainty	0.1812992195110691
1	742	Low neural uncertainty	0.16192023054772078
1	743	High neural uncertainty	0.18926869719372136
1	743	Low neural uncertainty	0.1777984744714363
1	744	High neural uncertainty	0.18777623648394134
1	744	Low neural uncertainty	0.1683728092591107
1	745	High neural uncertainty	0.1845298046250544
1	745	Low neural uncertainty	0.1722131809127995
1	746	High neural uncertainty	0.18851121312469632
1	746	Low neural uncertainty	0.16779036064126737
1	747	High neural uncertainty	0.17858424536944736
1	747	Low neural uncertainty	0.15655570557434226
1	748	High neural uncertainty	0.18437116172309637
1	748	Low neural uncertainty	0.15983994160566034
1	749	High neural uncertainty	0.18363898144083626
1	749	Low neural uncertainty	0.1601611186402492
1	750	High neural uncertainty	0.17385903607588238
1	750	Low neural uncertainty	0.16234274338300808
1	751	High neural uncertainty	0.1810313594563195
1	751	Low neural uncertainty	0.16495615038243183
1	752	High neural uncertainty	0.18856858961011264
1	752	Low neural uncertainty	0.1677749477822452
1	753	High neural uncertainty	0.17672616854587023
1	753	Low neural uncertainty	0.15892529830491514
1	754	High neural uncertainty	0.17902252674759067
1	754	Low neural uncertainty	0.16788399676417695
1	755	High neural uncertainty	0.18208288805111592
1	755	Low neural uncertainty	0.16628095642453353
1	756	High neural uncertainty	0.1785381075934522
1	756	Low neural uncertainty	0.16205123748568967
1	757	High neural uncertainty	0.18383020737384553
1	757	Low neural uncertainty	0.16759820323699007
1	758	High neural uncertainty	0.18382467972726466
1	758	Low neural uncertainty	0.1667080354234541
1	759	High neural uncertainty	0.17845727522639235
1	759	Low neural uncertainty	0.16148237624099904
1	760	High neural uncertainty	0.18201674266558512
1	760	Low neural uncertainty	0.17270458076189865
1	761	High neural uncertainty	0.18457829773438203
1	761	Low neural uncertainty	0.16657601955660042
1	762	High neural uncertainty	0.17975915678521331
1	762	Low neural uncertainty	0.1692251973255647
1	763	High neural uncertainty	0.17731584675377224
1	763	Low neural uncertainty	0.158952805910599
1	764	High neural uncertainty	0.17952396616221317
1	764	Low neural uncertainty	0.16422202317812193
1	765	High neural uncertainty	0.17623705644543045
1	765	Low neural uncertainty	0.1648632519307567
1	766	High neural uncertainty	0.1793432151358915
1	766	Low neural uncertainty	0.1588227352624359
1	767	High neural uncertainty	0.18626589944146144
1	767	Low neural uncertainty	0.1630636989513398
1	768	High neural uncertainty	0.184376485615713
1	768	Low neural uncertainty	0.1675170184177167
1	769	High neural uncertainty	0.16871018821795236
1	769	Low neural uncertainty	0.16590436016566837
1	770	High neural uncertainty	0.17962477845237385
1	770	Low neural uncertainty	0.16578911158884074
1	771	High neural uncertainty	0.17907732784705357
1	771	Low neural uncertainty	0.16495618558597394
1	772	High neural uncertainty	0.17751171216552322
1	772	Low neural uncertainty	0.16278788027052069
1	773	High neural uncertainty	0.17707868019357828
1	773	Low neural uncertainty	0.1583270679285407
1	774	High neural uncertainty	0.1780301489359432
1	774	Low neural uncertainty	0.1661258575962064
1	775	High neural uncertainty	0.18610376726539518
1	775	Low neural uncertainty	0.1680706851845668
1	776	High neural uncertainty	0.1835285240348576
1	776	Low neural uncertainty	0.17344917993839734
1	777	High neural uncertainty	0.17586500926082618
1	777	Low neural uncertainty	0.15921360470230303
1	778	High neural uncertainty	0.17071652695522221
1	778	Low neural uncertainty	0.1673172245714511
1	779	High neural uncertainty	0.18517564415313184
1	779	Low neural uncertainty	0.1605968065996647
1	780	High neural uncertainty	0.1758828408654666
1	780	Low neural uncertainty	0.1634208777395367
1	781	High neural uncertainty	0.17462399037258158
1	781	Low neural uncertainty	0.16620309247547008
1	782	High neural uncertainty	0.1779992375859539
1	782	Low neural uncertainty	0.16913084736816877
1	783	High neural uncertainty	0.17953850935787705
1	783	Low neural uncertainty	0.16315223468965634
1	784	High neural uncertainty	0.18040992235754194
1	784	Low neural uncertainty	0.16820847257171948
1	785	High neural uncertainty	0.18532947934096794
1	785	Low neural uncertainty	0.1637997977611219
1	786	High neural uncertainty	0.17926826621910716
1	786	Low neural uncertainty	0.16207380846584982
1	787	High neural uncertainty	0.1766215207648018
1	787	Low neural uncertainty	0.16308870478057447
1	788	High neural uncertainty	0.18866299367655945
1	788	Low neural uncertainty	0.16947416605310686
1	789	High neural uncertainty	0.17793445240541125
1	789	Low neural uncertainty	0.15861182064536294
1	790	High neural uncertainty	0.18523799004210809
1	790	Low neural uncertainty	0.16781639008992502
1	791	High neural uncertainty	0.1865194876397042
1	791	Low neural uncertainty	0.16515510127763755
1	792	High neural uncertainty	0.18189946229140297
1	792	Low neural uncertainty	0.16734047503852426
1	793	High neural uncertainty	0.18303633560963575
1	793	Low neural uncertainty	0.1631744306861387
1	794	High neural uncertainty	0.18129701399197706
1	794	Low neural uncertainty	0.16221080559474035
1	795	High neural uncertainty	0.17863116163710194
1	795	Low neural uncertainty	0.16210200194609736
1	796	High neural uncertainty	0.18279587262826105
1	796	Low neural uncertainty	0.15968522239013572
1	797	High neural uncertainty	0.17820058673732703
1	797	Low neural uncertainty	0.16279975374326003
1	798	High neural uncertainty	0.17912939147266227
1	798	Low neural uncertainty	0.16256342703704668
1	799	High neural uncertainty	0.18038862024139465
1	799	Low neural uncertainty	0.16505493428591955
1	800	High neural uncertainty	0.17978848062632508
1	800	Low neural uncertainty	0.1667792215635271
1	801	High neural uncertainty	0.1794637448541287
1	801	Low neural uncertainty	0.1650646645007651
1	802	High neural uncertainty	0.17947731467900027
1	802	Low neural uncertainty	0.16790592286699837
1	803	High neural uncertainty	0.1782682918223807
1	803	Low neural uncertainty	0.16752610162836107
1	804	High neural uncertainty	0.18302956133986656
1	804	Low neural uncertainty	0.1712291409138746
1	805	High neural uncertainty	0.18149629075912926
1	805	Low neural uncertainty	0.16748819003149706
1	806	High neural uncertainty	0.17743988623024184
1	806	Low neural uncertainty	0.16389751850175424
1	807	High neural uncertainty	0.18015279429428457
1	807	Low neural uncertainty	0.16736892471185633
1	808	High neural uncertainty	0.18191747970313732
1	808	Low neural uncertainty	0.16846983383957395
1	809	High neural uncertainty	0.1735433018688563
1	809	Low neural uncertainty	0.1620295519081263
1	810	High neural uncertainty	0.18016905605835284
1	810	Low neural uncertainty	0.16659487610255347
1	811	High neural uncertainty	0.17711628850912414
1	811	Low neural uncertainty	0.1568121788110592
1	812	High neural uncertainty	0.18686147856916815
1	812	Low neural uncertainty	0.16000292450166895
1	813	High neural uncertainty	0.18096709453031926
1	813	Low neural uncertainty	0.16419845818729428
1	814	High neural uncertainty	0.18719894387305402
1	814	Low neural uncertainty	0.16729494207048545
1	815	High neural uncertainty	0.1789802378399541
1	815	Low neural uncertainty	0.16609099450821466
1	816	High neural uncertainty	0.18324745276533058
1	816	Low neural uncertainty	0.16311456121323492
1	817	High neural uncertainty	0.18275720913271426
1	817	Low neural uncertainty	0.16563827076881898
1	818	High neural uncertainty	0.17947635178629037
1	818	Low neural uncertainty	0.1592027124465839
1	819	High neural uncertainty	0.1805199492787808
1	819	Low neural uncertainty	0.17079251055594044
1	820	High neural uncertainty	0.18069413604483014
1	820	Low neural uncertainty	0.1661121223019632
1	821	High neural uncertainty	0.17850908455617212
1	821	Low neural uncertainty	0.1663870727310243
1	822	High neural uncertainty	0.1765403852364405
1	822	Low neural uncertainty	0.16632080096516677
1	823	High neural uncertainty	0.1800406396329209
1	823	Low neural uncertainty	0.16401506822101825
1	824	High neural uncertainty	0.1770177119486638
1	824	Low neural uncertainty	0.167017111131093
1	825	High neural uncertainty	0.18054960354409424
1	825	Low neural uncertainty	0.16981551853269178
1	826	High neural uncertainty	0.18094220366563518
1	826	Low neural uncertainty	0.16223381420630711
1	827	High neural uncertainty	0.17405105960670317
1	827	Low neural uncertainty	0.16505075655524643
1	828	High neural uncertainty	0.1811688115987247
1	828	Low neural uncertainty	0.16689912425650805
1	829	High neural uncertainty	0.18494780912409453
1	829	Low neural uncertainty	0.1637651246266803
1	830	High neural uncertainty	0.18109977044204068
1	830	Low neural uncertainty	0.16593889106718798
1	831	High neural uncertainty	0.1778243333568247
1	831	Low neural uncertainty	0.15921907999513346
1	832	High neural uncertainty	0.18148001327016922
1	832	Low neural uncertainty	0.16750864981723518
1	833	High neural uncertainty	0.18124824735582976
1	833	Low neural uncertainty	0.16481493530722927
1	834	High neural uncertainty	0.170524676796199
1	834	Low neural uncertainty	0.16269208576471925
1	835	High neural uncertainty	0.17526795335406364
1	835	Low neural uncertainty	0.16343342250100226
1	836	High neural uncertainty	0.18851293487703177
1	836	Low neural uncertainty	0.1633200992712995
1	837	High neural uncertainty	0.1772168758008819
1	837	Low neural uncertainty	0.1682563709239666
1	838	High neural uncertainty	0.17804173611232557
1	838	Low neural uncertainty	0.16795865015679698
1	839	High neural uncertainty	0.1801036743082407
1	839	Low neural uncertainty	0.1700438133357107
1	840	High neural uncertainty	0.17792834456405957
1	840	Low neural uncertainty	0.17174522579612536
1	841	High neural uncertainty	0.17875069667274318
1	841	Low neural uncertainty	0.164378799973668
1	842	High neural uncertainty	0.18366960451141226
1	842	Low neural uncertainty	0.16562559880949415
1	843	High neural uncertainty	0.1783268307719056
1	843	Low neural uncertainty	0.16269616837945186
1	844	High neural uncertainty	0.180818324695686
1	844	Low neural uncertainty	0.1659538267979555
1	845	High neural uncertainty	0.18433098190228847
1	845	Low neural uncertainty	0.16776515792086522
1	846	High neural uncertainty	0.17719690879809724
1	846	Low neural uncertainty	0.16339650595295682
1	847	High neural uncertainty	0.18940591353386135
1	847	Low neural uncertainty	0.1693286422918233
1	848	High neural uncertainty	0.18399363154915774
1	848	Low neural uncertainty	0.1687537271873806
1	849	High neural uncertainty	0.17866320258700183
1	849	Low neural uncertainty	0.1620249773136929
1	850	High neural uncertainty	0.1828779522547003
1	850	Low neural uncertainty	0.15952029976300086
1	851	High neural uncertainty	0.1737067390233254
1	851	Low neural uncertainty	0.16304360667923737
1	852	High neural uncertainty	0.18025592893130032
1	852	Low neural uncertainty	0.16318437652757858
1	853	High neural uncertainty	0.19277485679756906
1	853	Low neural uncertainty	0.1672777490158077
1	854	High neural uncertainty	0.17946093387923945
1	854	Low neural uncertainty	0.16703516181089945
1	855	High neural uncertainty	0.17611868463395844
1	855	Low neural uncertainty	0.16594401719287388
1	856	High neural uncertainty	0.1811029251398668
1	856	Low neural uncertainty	0.1637321199072325
1	857	High neural uncertainty	0.1846423015439267
1	857	Low neural uncertainty	0.16661245857689527
1	858	High neural uncertainty	0.18081401252264734
1	858	Low neural uncertainty	0.1729257611690833
1	859	High neural uncertainty	0.17761543989491627
1	859	Low neural uncertainty	0.16650973728583662
1	860	High neural uncertainty	0.18358299769902198
1	860	Low neural uncertainty	0.17079924574353153
1	861	High neural uncertainty	0.1803014349682671
1	861	Low neural uncertainty	0.1621496065043766
1	862	High neural uncertainty	0.17770572401195464
1	862	Low neural uncertainty	0.16679707529968316
1	863	High neural uncertainty	0.1792731472701477
1	863	Low neural uncertainty	0.16564758905925758
1	864	High neural uncertainty	0.17898438277045425
1	864	Low neural uncertainty	0.16373705168696384
1	865	High neural uncertainty	0.1882833944475627
1	865	Low neural uncertainty	0.16437882659309708
1	866	High neural uncertainty	0.1837702385961863
1	866	Low neural uncertainty	0.1698288722341748
1	867	High neural uncertainty	0.18385806601497773
1	867	Low neural uncertainty	0.15737928286942376
1	868	High neural uncertainty	0.17950450947789648
1	868	Low neural uncertainty	0.16660514099272028
1	869	High neural uncertainty	0.18282916719679407
1	869	Low neural uncertainty	0.16356911104197172
1	870	High neural uncertainty	0.18841184846100323
1	870	Low neural uncertainty	0.16467685362537177
1	871	High neural uncertainty	0.17570580079892795
1	871	Low neural uncertainty	0.15963683152598696
1	872	High neural uncertainty	0.18374329122486552
1	872	Low neural uncertainty	0.1728103293261568
1	873	High neural uncertainty	0.18145246251682
1	873	Low neural uncertainty	0.15937450227168815
1	874	High neural uncertainty	0.18192360775677768
1	874	Low neural uncertainty	0.16619613460755225
1	875	High neural uncertainty	0.17729535636108143
1	875	Low neural uncertainty	0.16325391177845114
1	876	High neural uncertainty	0.1797344443759766
1	876	Low neural uncertainty	0.170929900848625
1	877	High neural uncertainty	0.1785628482039946
1	877	Low neural uncertainty	0.1615894474201096
1	878	High neural uncertainty	0.17778959320577398
1	878	Low neural uncertainty	0.17033057916795105
1	879	High neural uncertainty	0.1742375765335828
1	879	Low neural uncertainty	0.15831764654353872
1	880	High neural uncertainty	0.17488712142297155
1	880	Low neural uncertainty	0.16806414213738868
1	881	High neural uncertainty	0.18490764036667565
1	881	Low neural uncertainty	0.16514543678893648
1	882	High neural uncertainty	0.17693325451772185
1	882	Low neural uncertainty	0.1648554148449165
1	883	High neural uncertainty	0.18142772221616515
1	883	Low neural uncertainty	0.16222405430265893
1	884	High neural uncertainty	0.1791730603493618
1	884	Low neural uncertainty	0.16130547496054945
1	885	High neural uncertainty	0.1772726810213495
1	885	Low neural uncertainty	0.16014311699537653
1	886	High neural uncertainty	0.18029235971049495
1	886	Low neural uncertainty	0.1634679604052268
1	887	High neural uncertainty	0.17571940398803615
1	887	Low neural uncertainty	0.1675278458711438
1	888	High neural uncertainty	0.18360930008630522
1	888	Low neural uncertainty	0.16635290227532568
1	889	High neural uncertainty	0.1857516946159591
1	889	Low neural uncertainty	0.16435184289995625
1	890	High neural uncertainty	0.18124277190894253
1	890	Low neural uncertainty	0.16188299796887826
1	891	High neural uncertainty	0.1763766317553354
1	891	Low neural uncertainty	0.15866085864790783
1	892	High neural uncertainty	0.17449723902610942
1	892	Low neural uncertainty	0.16903951617507687
1	893	High neural uncertainty	0.18014487436440715
1	893	Low neural uncertainty	0.16113781183241113
1	894	High neural uncertainty	0.18110602842501228
1	894	Low neural uncertainty	0.164945555377694
1	895	High neural uncertainty	0.17889801057242424
1	895	Low neural uncertainty	0.1663132339203035
1	896	High neural uncertainty	0.1869594685114509
1	896	Low neural uncertainty	0.171005026274712
1	897	High neural uncertainty	0.1860872493565998
1	897	Low neural uncertainty	0.17026539110085007
1	898	High neural uncertainty	0.18992718480108953
1	898	Low neural uncertainty	0.17249228508489026
1	899	High neural uncertainty	0.17944664650069195
1	899	Low neural uncertainty	0.16033914060156965
1	900	High neural uncertainty	0.18743566776909695
1	900	Low neural uncertainty	0.16676511887018183
1	901	High neural uncertainty	0.17558792961824454
1	901	Low neural uncertainty	0.16666785506585796
1	902	High neural uncertainty	0.17382603628873283
1	902	Low neural uncertainty	0.16474505746183815
1	903	High neural uncertainty	0.18636505172530932
1	903	Low neural uncertainty	0.16164920214484452
1	904	High neural uncertainty	0.17725458118961065
1	904	Low neural uncertainty	0.15984031685217684
1	905	High neural uncertainty	0.1727510511076236
1	905	Low neural uncertainty	0.16249418299897267
1	906	High neural uncertainty	0.176936760315497
1	906	Low neural uncertainty	0.1615891788522302
1	907	High neural uncertainty	0.19083787094005297
1	907	Low neural uncertainty	0.1694378182441145
1	908	High neural uncertainty	0.1906244903646246
1	908	Low neural uncertainty	0.16248623811710336
1	909	High neural uncertainty	0.19096024385615262
1	909	Low neural uncertainty	0.17134606888409945
1	910	High neural uncertainty	0.18220100377550233
1	910	Low neural uncertainty	0.17296942443929847
1	911	High neural uncertainty	0.18235087488110094
1	911	Low neural uncertainty	0.16162430858285812
1	912	High neural uncertainty	0.18240336256429124
1	912	Low neural uncertainty	0.16549832844494547
1	913	High neural uncertainty	0.17663962871308872
1	913	Low neural uncertainty	0.16003398411976438
1	914	High neural uncertainty	0.17777808842405235
1	914	Low neural uncertainty	0.1691966596956993
1	915	High neural uncertainty	0.18436196470448896
1	915	Low neural uncertainty	0.16726914063831455
1	916	High neural uncertainty	0.177942754213144
1	916	Low neural uncertainty	0.1568915490267355
1	917	High neural uncertainty	0.1880470328767845
1	917	Low neural uncertainty	0.1661376030742118
1	918	High neural uncertainty	0.18889872718375705
1	918	Low neural uncertainty	0.17003247753328893
1	919	High neural uncertainty	0.1816928588375105
1	919	Low neural uncertainty	0.1595152883075781
1	920	High neural uncertainty	0.1784076507520592
1	920	Low neural uncertainty	0.15822038272984043
1	921	High neural uncertainty	0.18443266029375818
1	921	Low neural uncertainty	0.16951215651172546
1	922	High neural uncertainty	0.18485968933966063
1	922	Low neural uncertainty	0.16494808983548598
1	923	High neural uncertainty	0.18044110908384164
1	923	Low neural uncertainty	0.16230416700142375
1	924	High neural uncertainty	0.1779307179837251
1	924	Low neural uncertainty	0.16316722778415302
1	925	High neural uncertainty	0.18000888634955114
1	925	Low neural uncertainty	0.16309462498430033
1	926	High neural uncertainty	0.18096508907034348
1	926	Low neural uncertainty	0.16997677860651922
1	927	High neural uncertainty	0.18263165684249516
1	927	Low neural uncertainty	0.16517775410397384
1	928	High neural uncertainty	0.18538389133004046
1	928	Low neural uncertainty	0.16228721296580556
1	929	High neural uncertainty	0.17883304378473336
1	929	Low neural uncertainty	0.1604130476012179
1	930	High neural uncertainty	0.18022649520817147
1	930	Low neural uncertainty	0.17121602748890738
1	931	High neural uncertainty	0.18932179712636218
1	931	Low neural uncertainty	0.16980138484594454
1	932	High neural uncertainty	0.18859705766106155
1	932	Low neural uncertainty	0.16591952515634478
1	933	High neural uncertainty	0.1858372213752276
1	933	Low neural uncertainty	0.1639620905928043
1	934	High neural uncertainty	0.18817237218518187
1	934	Low neural uncertainty	0.1677135664585991
1	935	High neural uncertainty	0.1830170664015517
1	935	Low neural uncertainty	0.16686604402829283
1	936	High neural uncertainty	0.1815918868335811
1	936	Low neural uncertainty	0.16699503286018133
1	937	High neural uncertainty	0.18343999927900798
1	937	Low neural uncertainty	0.16384651856987334
1	938	High neural uncertainty	0.17665957488319967
1	938	Low neural uncertainty	0.16262256399639943
1	939	High neural uncertainty	0.19224006788304346
1	939	Low neural uncertainty	0.16027341473557347
1	940	High neural uncertainty	0.17810458111464803
1	940	Low neural uncertainty	0.15742852536483568
1	941	High neural uncertainty	0.17871257423221687
1	941	Low neural uncertainty	0.1631286379330696
1	942	High neural uncertainty	0.1822542882291147
1	942	Low neural uncertainty	0.1597096641743661
1	943	High neural uncertainty	0.17148934964633358
1	943	Low neural uncertainty	0.16380358151400967
1	944	High neural uncertainty	0.1813727560993793
1	944	Low neural uncertainty	0.16477970522283325
1	945	High neural uncertainty	0.1827446954071192
1	945	Low neural uncertainty	0.1641313265794911
1	946	High neural uncertainty	0.17732475647516907
1	946	Low neural uncertainty	0.1638784902592436
1	947	High neural uncertainty	0.18751891757225952
1	947	Low neural uncertainty	0.16704474132431021
1	948	High neural uncertainty	0.17900062790070106
1	948	Low neural uncertainty	0.16548549046958747
1	949	High neural uncertainty	0.17811024561373476
1	949	Low neural uncertainty	0.16445073584555764
1	950	High neural uncertainty	0.1811615345349705
1	950	Low neural uncertainty	0.16703887011698915
1	951	High neural uncertainty	0.17204672445086194
1	951	Low neural uncertainty	0.1622240009629778
1	952	High neural uncertainty	0.184074976276677
1	952	Low neural uncertainty	0.16482173368060762
1	953	High neural uncertainty	0.18896445950910046
1	953	Low neural uncertainty	0.1687186128066525
1	954	High neural uncertainty	0.17892403962175035
1	954	Low neural uncertainty	0.1671631708854145
1	955	High neural uncertainty	0.18265458289397504
1	955	Low neural uncertainty	0.16597356295570392
1	956	High neural uncertainty	0.17819743306744176
1	956	Low neural uncertainty	0.16226693584277432
1	957	High neural uncertainty	0.1858154145013572
1	957	Low neural uncertainty	0.17019984720192718
1	958	High neural uncertainty	0.17835070078876808
1	958	Low neural uncertainty	0.16135597611309035
1	959	High neural uncertainty	0.18717901427085765
1	959	Low neural uncertainty	0.17144870146913962
1	960	High neural uncertainty	0.17962235213714578
1	960	Low neural uncertainty	0.1698910576169776
1	961	High neural uncertainty	0.18417489336172677
1	961	Low neural uncertainty	0.16343773034763473
1	962	High neural uncertainty	0.18241406513306446
1	962	Low neural uncertainty	0.16355214325552145
1	963	High neural uncertainty	0.1869776086193289
1	963	Low neural uncertainty	0.1620621736151044
1	964	High neural uncertainty	0.18088172489894527
1	964	Low neural uncertainty	0.1619131942817937
1	965	High neural uncertainty	0.18381814374517494
1	965	Low neural uncertainty	0.16941187793893903
1	966	High neural uncertainty	0.18816093226997382
1	966	Low neural uncertainty	0.16980877172886186
1	967	High neural uncertainty	0.18307188240191402
1	967	Low neural uncertainty	0.16073494045087952
1	968	High neural uncertainty	0.18333945008104824
1	968	Low neural uncertainty	0.17111597774058215
1	969	High neural uncertainty	0.18491139013421998
1	969	Low neural uncertainty	0.1712635323359939
1	970	High neural uncertainty	0.1833991717274867
1	970	Low neural uncertainty	0.16369476078158293
1	971	High neural uncertainty	0.18373674276387456
1	971	Low neural uncertainty	0.160257870361734
1	972	High neural uncertainty	0.18040074797403158
1	972	Low neural uncertainty	0.16296980271206682
1	973	High neural uncertainty	0.17955458355010687
1	973	Low neural uncertainty	0.1656965643301786
1	974	High neural uncertainty	0.18370083441485965
1	974	Low neural uncertainty	0.1638215230670342
1	975	High neural uncertainty	0.1798116145613705
1	975	Low neural uncertainty	0.1648899101643015
1	976	High neural uncertainty	0.18212105210855908
1	976	Low neural uncertainty	0.1627502673955053
1	977	High neural uncertainty	0.18340240468297095
1	977	Low neural uncertainty	0.16800900607326594
1	978	High neural uncertainty	0.17451095507229633
1	978	Low neural uncertainty	0.15977022117549852
1	979	High neural uncertainty	0.17930544252043695
1	979	Low neural uncertainty	0.16672767732928026
1	980	High neural uncertainty	0.1775275105943129
1	980	Low neural uncertainty	0.15735244379310215
1	981	High neural uncertainty	0.18075358618804677
1	981	Low neural uncertainty	0.1638677044353363
1	982	High neural uncertainty	0.1753489209807901
1	982	Low neural uncertainty	0.15782777919804322
1	983	High neural uncertainty	0.17589842385610324
1	983	Low neural uncertainty	0.1681899014856462
1	984	High neural uncertainty	0.17948519552883654
1	984	Low neural uncertainty	0.17336385703885548
1	985	High neural uncertainty	0.17678233337761529
1	985	Low neural uncertainty	0.16821242364243988
1	986	High neural uncertainty	0.18446124577583045
1	986	Low neural uncertainty	0.16539447206731417
1	987	High neural uncertainty	0.17916642649212858
1	987	Low neural uncertainty	0.1585848135431411
1	988	High neural uncertainty	0.17887159747929238
1	988	Low neural uncertainty	0.1612050579382999
1	989	High neural uncertainty	0.1804318367553251
1	989	Low neural uncertainty	0.161793309666504
1	990	High neural uncertainty	0.18010563818355163
1	990	Low neural uncertainty	0.17260986127440278
1	991	High neural uncertainty	0.1796974420888326
1	991	Low neural uncertainty	0.1633150594530742
1	992	High neural uncertainty	0.1896897697323973
1	992	Low neural uncertainty	0.16678129254724994
1	993	High neural uncertainty	0.17943781506368275
1	993	Low neural uncertainty	0.16437993361179698
1	994	High neural uncertainty	0.18599122023231313
1	994	Low neural uncertainty	0.1752322582923595
1	995	High neural uncertainty	0.18390915314864048
1	995	Low neural uncertainty	0.15922834096934665
1	996	High neural uncertainty	0.18853611085512476
1	996	Low neural uncertainty	0.16909978636829157
1	997	High neural uncertainty	0.18163536075675246
1	997	Low neural uncertainty	0.17107767781821934
1	998	High neural uncertainty	0.19180990565448167
1	998	Low neural uncertainty	0.16861058243297797
1	999	High neural uncertainty	0.17853555076655517
1	999	Low neural uncertainty	0.15554109649311415
2	0	High neural uncertainty	0.19043477804023543
2	0	Low neural uncertainty	0.17558943611393435
2	1	High neural uncertainty	0.1873526918793485
2	1	Low neural uncertainty	0.16350318215315274
2	2	High neural uncertainty	0.1803528449762065
2	2	Low neural uncertainty	0.16465666020611563
2	3	High neural uncertainty	0.18172530343374774
2	3	Low neural uncertainty	0.1653059404949376
2	4	High neural uncertainty	0.1822025170939957
2	4	Low neural uncertainty	0.16586085911338522
2	5	High neural uncertainty	0.18329287142801076
2	5	Low neural uncertainty	0.16707643832376254
2	6	High neural uncertainty	0.18429579140527802
2	6	Low neural uncertainty	0.16623635288879196
2	7	High neural uncertainty	0.18544882372544472
2	7	Low neural uncertainty	0.1662792608129515
2	8	High neural uncertainty	0.1847236365066676
2	8	Low neural uncertainty	0.16560552822141902
2	9	High neural uncertainty	0.1894965817531333
2	9	Low neural uncertainty	0.16904003944579585
2	10	High neural uncertainty	0.18252724089486425
2	10	Low neural uncertainty	0.17053657611157114
2	11	High neural uncertainty	0.18343477291418056
2	11	Low neural uncertainty	0.1659613353657885
2	12	High neural uncertainty	0.17234406136302002
2	12	Low neural uncertainty	0.1665421604318904
2	13	High neural uncertainty	0.1732443236482935
2	13	Low neural uncertainty	0.1725518307839623
2	14	High neural uncertainty	0.18049987845698348
2	14	Low neural uncertainty	0.17389072931093902
2	15	High neural uncertainty	0.17735886529047112
2	15	Low neural uncertainty	0.1595959909161091
2	16	High neural uncertainty	0.1784601110427762
2	16	Low neural uncertainty	0.16075286315735784
2	17	High neural uncertainty	0.1769398354227343
2	17	Low neural uncertainty	0.15441476808465424
2	18	High neural uncertainty	0.19044139185550985
2	18	Low neural uncertainty	0.16858152444537594
2	19	High neural uncertainty	0.17100592717249705
2	19	Low neural uncertainty	0.1545172770676514
2	20	High neural uncertainty	0.1827482796731942
2	20	Low neural uncertainty	0.15846433884903302
2	21	High neural uncertainty	0.18371760176770227
2	21	Low neural uncertainty	0.1633524913836888
2	22	High neural uncertainty	0.18402673325928626
2	22	Low neural uncertainty	0.16045877902241723
2	23	High neural uncertainty	0.18046623292240818
2	23	Low neural uncertainty	0.16696276651693331
2	24	High neural uncertainty	0.17559755163736354
2	24	Low neural uncertainty	0.16792557287004992
2	25	High neural uncertainty	0.18709928223241143
2	25	Low neural uncertainty	0.1663407020966685
2	26	High neural uncertainty	0.18070676328236682
2	26	Low neural uncertainty	0.16901221105469322
2	27	High neural uncertainty	0.17954575209931492
2	27	Low neural uncertainty	0.15655820485473634
2	28	High neural uncertainty	0.1829285505344077
2	28	Low neural uncertainty	0.17094664801026874
2	29	High neural uncertainty	0.17840099440380153
2	29	Low neural uncertainty	0.1630811972114559
2	30	High neural uncertainty	0.1887130963570587
2	30	Low neural uncertainty	0.17237303755742978
2	31	High neural uncertainty	0.18489234594720666
2	31	Low neural uncertainty	0.16756950486436822
2	32	High neural uncertainty	0.17644934455332187
2	32	Low neural uncertainty	0.16409465454535635
2	33	High neural uncertainty	0.18020138854959286
2	33	Low neural uncertainty	0.16600811429401477
2	34	High neural uncertainty	0.17924296632921774
2	34	Low neural uncertainty	0.1647989457974231
2	35	High neural uncertainty	0.18553227034299397
2	35	Low neural uncertainty	0.1725207113024794
2	36	High neural uncertainty	0.18091827516385253
2	36	Low neural uncertainty	0.16810726391545094
2	37	High neural uncertainty	0.1793693669234156
2	37	Low neural uncertainty	0.16524218767181975
2	38	High neural uncertainty	0.18011401933807256
2	38	Low neural uncertainty	0.1722278729099767
2	39	High neural uncertainty	0.1764546093266575
2	39	Low neural uncertainty	0.16143418331567944
2	40	High neural uncertainty	0.17901724817961298
2	40	Low neural uncertainty	0.16244548115256197
2	41	High neural uncertainty	0.17725475507314112
2	41	Low neural uncertainty	0.16376695825058907
2	42	High neural uncertainty	0.18123940622796078
2	42	Low neural uncertainty	0.16590557645499146
2	43	High neural uncertainty	0.18842621513617056
2	43	Low neural uncertainty	0.16699937265478149
2	44	High neural uncertainty	0.18372547336257408
2	44	Low neural uncertainty	0.16306823768608336
2	45	High neural uncertainty	0.18444951705845214
2	45	Low neural uncertainty	0.16620415132578642
2	46	High neural uncertainty	0.1791610753559292
2	46	Low neural uncertainty	0.1610897534418356
2	47	High neural uncertainty	0.18411530325736883
2	47	Low neural uncertainty	0.1614778559714156
2	48	High neural uncertainty	0.17639254184170058
2	48	Low neural uncertainty	0.16706991573412208
2	49	High neural uncertainty	0.18530296702297572
2	49	Low neural uncertainty	0.15929067347830486
2	50	High neural uncertainty	0.1839108706598641
2	50	Low neural uncertainty	0.16761738111929636
2	51	High neural uncertainty	0.1753049970126068
2	51	Low neural uncertainty	0.16497745836008684
2	52	High neural uncertainty	0.1820482934117858
2	52	Low neural uncertainty	0.16236923057371447
2	53	High neural uncertainty	0.1808813331672807
2	53	Low neural uncertainty	0.16791762924831513
2	54	High neural uncertainty	0.18896217833577203
2	54	Low neural uncertainty	0.17642859385649828
2	55	High neural uncertainty	0.18780801825101306
2	55	Low neural uncertainty	0.16740444636217502
2	56	High neural uncertainty	0.18463183004797512
2	56	Low neural uncertainty	0.1569293044602954
2	57	High neural uncertainty	0.1847714383820564
2	57	Low neural uncertainty	0.16327219418098196
2	58	High neural uncertainty	0.18394807170522198
2	58	Low neural uncertainty	0.16334753043381325
2	59	High neural uncertainty	0.17674096026350763
2	59	Low neural uncertainty	0.16194077203817045
2	60	High neural uncertainty	0.18128785690330884
2	60	Low neural uncertainty	0.1692452931554258
2	61	High neural uncertainty	0.18069652127745578
2	61	Low neural uncertainty	0.1681681826234191
2	62	High neural uncertainty	0.1812121755058317
2	62	Low neural uncertainty	0.16883362283079742
2	63	High neural uncertainty	0.17771469199147263
2	63	Low neural uncertainty	0.1651974820470647
2	64	High neural uncertainty	0.17804403352687273
2	64	Low neural uncertainty	0.1647027387187052
2	65	High neural uncertainty	0.18058867660405387
2	65	Low neural uncertainty	0.1603868275619037
2	66	High neural uncertainty	0.18799514324200214
2	66	Low neural uncertainty	0.16333364319654659
2	67	High neural uncertainty	0.180393265258007
2	67	Low neural uncertainty	0.16108632409617898
2	68	High neural uncertainty	0.18083738802854812
2	68	Low neural uncertainty	0.1694344288646588
2	69	High neural uncertainty	0.17896435855239068
2	69	Low neural uncertainty	0.16472529735129854
2	70	High neural uncertainty	0.183840135937809
2	70	Low neural uncertainty	0.16312508914463839
2	71	High neural uncertainty	0.17590781006420675
2	71	Low neural uncertainty	0.1585022622229892
2	72	High neural uncertainty	0.17300827783083855
2	72	Low neural uncertainty	0.15707386681624588
2	73	High neural uncertainty	0.18808990137067064
2	73	Low neural uncertainty	0.17050454225507064
2	74	High neural uncertainty	0.18448176634732152
2	74	Low neural uncertainty	0.16462908412517113
2	75	High neural uncertainty	0.1819254135048395
2	75	Low neural uncertainty	0.16337993119218755
2	76	High neural uncertainty	0.17265380771195757
2	76	Low neural uncertainty	0.16194271006672042
2	77	High neural uncertainty	0.18486665971935726
2	77	Low neural uncertainty	0.1686437220273816
2	78	High neural uncertainty	0.19152412870328422
2	78	Low neural uncertainty	0.1689342310222435
2	79	High neural uncertainty	0.18653126145087465
2	79	Low neural uncertainty	0.16830849666546552
2	80	High neural uncertainty	0.1816838280350076
2	80	Low neural uncertainty	0.16761121428397857
2	81	High neural uncertainty	0.17625011674078134
2	81	Low neural uncertainty	0.1587132088172445
2	82	High neural uncertainty	0.18329534236174158
2	82	Low neural uncertainty	0.1716010396477808
2	83	High neural uncertainty	0.18309204759642386
2	83	Low neural uncertainty	0.16452294622477212
2	84	High neural uncertainty	0.18167245771546775
2	84	Low neural uncertainty	0.16259905607555786
2	85	High neural uncertainty	0.18324706946000854
2	85	Low neural uncertainty	0.16971409555583908
2	86	High neural uncertainty	0.18480906436729652
2	86	Low neural uncertainty	0.17046507229098656
2	87	High neural uncertainty	0.18260979599117386
2	87	Low neural uncertainty	0.16485414153330058
2	88	High neural uncertainty	0.1812580416262423
2	88	Low neural uncertainty	0.16673785614843978
2	89	High neural uncertainty	0.18845358490969571
2	89	Low neural uncertainty	0.16643699348553392
2	90	High neural uncertainty	0.18088496983416502
2	90	Low neural uncertainty	0.16852061405344657
2	91	High neural uncertainty	0.17352875999552148
2	91	Low neural uncertainty	0.16224771812068958
2	92	High neural uncertainty	0.18878173399032275
2	92	Low neural uncertainty	0.17275915636544187
2	93	High neural uncertainty	0.18090680843159931
2	93	Low neural uncertainty	0.16130363419010738
2	94	High neural uncertainty	0.1811011110345894
2	94	Low neural uncertainty	0.1606061491724275
2	95	High neural uncertainty	0.18008312631971862
2	95	Low neural uncertainty	0.1604024448923754
2	96	High neural uncertainty	0.18098147011383472
2	96	Low neural uncertainty	0.16664107684755722
2	97	High neural uncertainty	0.17824226634760365
2	97	Low neural uncertainty	0.1669986085682444
2	98	High neural uncertainty	0.17645338159183985
2	98	Low neural uncertainty	0.16081523271900297
2	99	High neural uncertainty	0.17838323911780452
2	99	Low neural uncertainty	0.1603060927774751
2	100	High neural uncertainty	0.17758031063604643
2	100	Low neural uncertainty	0.1650244288999772
2	101	High neural uncertainty	0.1838092700334663
2	101	Low neural uncertainty	0.1682816795597876
2	102	High neural uncertainty	0.17594187792264285
2	102	Low neural uncertainty	0.16198776723978578
2	103	High neural uncertainty	0.18251894562750773
2	103	Low neural uncertainty	0.16493267964362282
2	104	High neural uncertainty	0.17986529684868324
2	104	Low neural uncertainty	0.1614002103609167
2	105	High neural uncertainty	0.17543032596818117
2	105	Low neural uncertainty	0.1629783875996277
2	106	High neural uncertainty	0.1835937790737467
2	106	Low neural uncertainty	0.16562332267849283
2	107	High neural uncertainty	0.18363268180379239
2	107	Low neural uncertainty	0.16842353658883708
2	108	High neural uncertainty	0.1768777051141191
2	108	Low neural uncertainty	0.16769229843719335
2	109	High neural uncertainty	0.1858840109750992
2	109	Low neural uncertainty	0.1680068694266161
2	110	High neural uncertainty	0.18790362031088542
2	110	Low neural uncertainty	0.16229611918284712
2	111	High neural uncertainty	0.18229392036655698
2	111	Low neural uncertainty	0.1633264060906608
2	112	High neural uncertainty	0.17890080919347323
2	112	Low neural uncertainty	0.1654095613619848
2	113	High neural uncertainty	0.17405090000877826
2	113	Low neural uncertainty	0.16488968546908364
2	114	High neural uncertainty	0.18207794717652226
2	114	Low neural uncertainty	0.1681871127307416
2	115	High neural uncertainty	0.1845110910785168
2	115	Low neural uncertainty	0.1658230271548179
2	116	High neural uncertainty	0.17944860178574504
2	116	Low neural uncertainty	0.16305673530425593
2	117	High neural uncertainty	0.17558626591231602
2	117	Low neural uncertainty	0.16648131762845406
2	118	High neural uncertainty	0.1839340410745071
2	118	Low neural uncertainty	0.16693043961108597
2	119	High neural uncertainty	0.17592795146315404
2	119	Low neural uncertainty	0.16060813093050155
2	120	High neural uncertainty	0.18337413280192003
2	120	Low neural uncertainty	0.16774594726353703
2	121	High neural uncertainty	0.17929333568878486
2	121	Low neural uncertainty	0.1647256388519043
2	122	High neural uncertainty	0.18680627782197176
2	122	Low neural uncertainty	0.16477271410524627
2	123	High neural uncertainty	0.17798904932017928
2	123	Low neural uncertainty	0.16955960959734948
2	124	High neural uncertainty	0.18015406355932032
2	124	Low neural uncertainty	0.16492483972027108
2	125	High neural uncertainty	0.18051324697925128
2	125	Low neural uncertainty	0.16346346602144649
2	126	High neural uncertainty	0.18844470543050398
2	126	Low neural uncertainty	0.15634008411267725
2	127	High neural uncertainty	0.18381314177158736
2	127	Low neural uncertainty	0.1670675431308741
2	128	High neural uncertainty	0.18005369175637234
2	128	Low neural uncertainty	0.16260763689735167
2	129	High neural uncertainty	0.17675346899291403
2	129	Low neural uncertainty	0.173657046604455
2	130	High neural uncertainty	0.17444369485964004
2	130	Low neural uncertainty	0.16750229554028678
2	131	High neural uncertainty	0.17454656645081718
2	131	Low neural uncertainty	0.1599010301943613
2	132	High neural uncertainty	0.1829461393207449
2	132	Low neural uncertainty	0.1660629804021055
2	133	High neural uncertainty	0.1774480691050649
2	133	Low neural uncertainty	0.15931456870036245
2	134	High neural uncertainty	0.18286075427692122
2	134	Low neural uncertainty	0.16612613323889425
2	135	High neural uncertainty	0.17888046415364198
2	135	Low neural uncertainty	0.15925829513790277
2	136	High neural uncertainty	0.17868423519287366
2	136	Low neural uncertainty	0.1697013454145759
2	137	High neural uncertainty	0.17728328382989045
2	137	Low neural uncertainty	0.1591235537011609
2	138	High neural uncertainty	0.169755726629471
2	138	Low neural uncertainty	0.16726301987445735
2	139	High neural uncertainty	0.1770612032569906
2	139	Low neural uncertainty	0.16461687699823274
2	140	High neural uncertainty	0.17824246229668134
2	140	Low neural uncertainty	0.16195981500443543
2	141	High neural uncertainty	0.1796005033858527
2	141	Low neural uncertainty	0.16762794531203756
2	142	High neural uncertainty	0.1781625611507242
2	142	Low neural uncertainty	0.15770721193878987
2	143	High neural uncertainty	0.17971720043795436
2	143	Low neural uncertainty	0.15816143011246653
2	144	High neural uncertainty	0.18147599654998267
2	144	Low neural uncertainty	0.16015934844215854
2	145	High neural uncertainty	0.18650533675672673
2	145	Low neural uncertainty	0.16367476014560586
2	146	High neural uncertainty	0.18233835476264004
2	146	Low neural uncertainty	0.16562218406787407
2	147	High neural uncertainty	0.1857190944661076
2	147	Low neural uncertainty	0.17087907179507617
2	148	High neural uncertainty	0.1814489784894501
2	148	Low neural uncertainty	0.163706513311735
2	149	High neural uncertainty	0.17814779315549195
2	149	Low neural uncertainty	0.16418759963587634
2	150	High neural uncertainty	0.18704460077037413
2	150	Low neural uncertainty	0.1664197186757961
2	151	High neural uncertainty	0.18695536054941214
2	151	Low neural uncertainty	0.169730045050372
2	152	High neural uncertainty	0.1858807868842481
2	152	Low neural uncertainty	0.15743516792689152
2	153	High neural uncertainty	0.18386786078441464
2	153	Low neural uncertainty	0.17358507404027249
2	154	High neural uncertainty	0.18146590177323244
2	154	Low neural uncertainty	0.16665727876698364
2	155	High neural uncertainty	0.17899735168974493
2	155	Low neural uncertainty	0.16852325798125972
2	156	High neural uncertainty	0.18417593242809954
2	156	Low neural uncertainty	0.16707502666422352
2	157	High neural uncertainty	0.17986075686195108
2	157	Low neural uncertainty	0.16975040356363927
2	158	High neural uncertainty	0.18103582813621083
2	158	Low neural uncertainty	0.16670807508232016
2	159	High neural uncertainty	0.18166967865476222
2	159	Low neural uncertainty	0.17307347101263001
2	160	High neural uncertainty	0.17777295860418363
2	160	Low neural uncertainty	0.16175459281237398
2	161	High neural uncertainty	0.18081506929863486
2	161	Low neural uncertainty	0.16231683426643656
2	162	High neural uncertainty	0.18260361311715337
2	162	Low neural uncertainty	0.16234066806144593
2	163	High neural uncertainty	0.1711208335282469
2	163	Low neural uncertainty	0.16501798338370044
2	164	High neural uncertainty	0.1792216764986826
2	164	Low neural uncertainty	0.16582730184530378
2	165	High neural uncertainty	0.17670511310479753
2	165	Low neural uncertainty	0.15814525076562636
2	166	High neural uncertainty	0.18249515170563166
2	166	Low neural uncertainty	0.1619455484062724
2	167	High neural uncertainty	0.18060092692785293
2	167	Low neural uncertainty	0.16468056540612028
2	168	High neural uncertainty	0.1811579135548606
2	168	Low neural uncertainty	0.16518880979971381
2	169	High neural uncertainty	0.18513382744301346
2	169	Low neural uncertainty	0.16471438554295112
2	170	High neural uncertainty	0.1804673390494762
2	170	Low neural uncertainty	0.16266275816010553
2	171	High neural uncertainty	0.17298764950856066
2	171	Low neural uncertainty	0.15968941488714872
2	172	High neural uncertainty	0.1783682134654002
2	172	Low neural uncertainty	0.1620045117792005
2	173	High neural uncertainty	0.17516662762208807
2	173	Low neural uncertainty	0.16130706382305018
2	174	High neural uncertainty	0.175235823674258
2	174	Low neural uncertainty	0.16651885130795424
2	175	High neural uncertainty	0.18260674894667178
2	175	Low neural uncertainty	0.16834328498820592
2	176	High neural uncertainty	0.18461768083865016
2	176	Low neural uncertainty	0.17231581436683174
2	177	High neural uncertainty	0.1845553472759514
2	177	Low neural uncertainty	0.1663465265852731
2	178	High neural uncertainty	0.18550711304276762
2	178	Low neural uncertainty	0.17179540246027214
2	179	High neural uncertainty	0.17816101843982612
2	179	Low neural uncertainty	0.16487578475077627
2	180	High neural uncertainty	0.180955134984213
2	180	Low neural uncertainty	0.16890376699950188
2	181	High neural uncertainty	0.17995392498294213
2	181	Low neural uncertainty	0.16406433288194022
2	182	High neural uncertainty	0.17774622979579421
2	182	Low neural uncertainty	0.1644317659167422
2	183	High neural uncertainty	0.17649248556850708
2	183	Low neural uncertainty	0.1660405700136864
2	184	High neural uncertainty	0.18206383211820443
2	184	Low neural uncertainty	0.1668389051600247
2	185	High neural uncertainty	0.17671067307844152
2	185	Low neural uncertainty	0.16119799168107965
2	186	High neural uncertainty	0.18184972811626293
2	186	Low neural uncertainty	0.17058428913072154
2	187	High neural uncertainty	0.1809970220330162
2	187	Low neural uncertainty	0.16791640315319312
2	188	High neural uncertainty	0.1833550455724029
2	188	Low neural uncertainty	0.1595298415838761
2	189	High neural uncertainty	0.18614590198579856
2	189	Low neural uncertainty	0.16827891768005968
2	190	High neural uncertainty	0.18179647388960313
2	190	Low neural uncertainty	0.16292295218739733
2	191	High neural uncertainty	0.1822582537445118
2	191	Low neural uncertainty	0.17066644632795921
2	192	High neural uncertainty	0.17994874910244127
2	192	Low neural uncertainty	0.16548592659192735
2	193	High neural uncertainty	0.17874328199782996
2	193	Low neural uncertainty	0.1693415246419512
2	194	High neural uncertainty	0.17719768914741735
2	194	Low neural uncertainty	0.15497702321718435
2	195	High neural uncertainty	0.18294197302720688
2	195	Low neural uncertainty	0.17210679519747704
2	196	High neural uncertainty	0.17551452904524362
2	196	Low neural uncertainty	0.16343041665272562
2	197	High neural uncertainty	0.17265608991386314
2	197	Low neural uncertainty	0.16652471034334926
2	198	High neural uncertainty	0.18285169584441635
2	198	Low neural uncertainty	0.1602342102382839
2	199	High neural uncertainty	0.17934716018905547
2	199	Low neural uncertainty	0.16451656920692878
2	200	High neural uncertainty	0.18672022872245084
2	200	Low neural uncertainty	0.16485093203038229
2	201	High neural uncertainty	0.17794327458640882
2	201	Low neural uncertainty	0.15979696210087546
2	202	High neural uncertainty	0.17639379530300547
2	202	Low neural uncertainty	0.15780641543440715
2	203	High neural uncertainty	0.18148922006721369
2	203	Low neural uncertainty	0.16704266402898738
2	204	High neural uncertainty	0.1785233407608447
2	204	Low neural uncertainty	0.16046015264008184
2	205	High neural uncertainty	0.17208538316258742
2	205	Low neural uncertainty	0.16860198049610706
2	206	High neural uncertainty	0.18440771824829402
2	206	Low neural uncertainty	0.16040104533482863
2	207	High neural uncertainty	0.1828491367618321
2	207	Low neural uncertainty	0.1588399484324304
2	208	High neural uncertainty	0.17128664160982207
2	208	Low neural uncertainty	0.1631764862512356
2	209	High neural uncertainty	0.1879354264133756
2	209	Low neural uncertainty	0.16647208671880476
2	210	High neural uncertainty	0.1790046359064526
2	210	Low neural uncertainty	0.16835612396433786
2	211	High neural uncertainty	0.17969558851216166
2	211	Low neural uncertainty	0.15804320212468279
2	212	High neural uncertainty	0.1859316573528933
2	212	Low neural uncertainty	0.16109674094491888
2	213	High neural uncertainty	0.18488431271710892
2	213	Low neural uncertainty	0.15993304487644952
2	214	High neural uncertainty	0.18773545725397983
2	214	Low neural uncertainty	0.16898424956237748
2	215	High neural uncertainty	0.17531258295362356
2	215	Low neural uncertainty	0.1673726461521782
2	216	High neural uncertainty	0.17667368288269242
2	216	Low neural uncertainty	0.15990022048981903
2	217	High neural uncertainty	0.18791413109850802
2	217	Low neural uncertainty	0.17264224432428285
2	218	High neural uncertainty	0.18123715736988388
2	218	Low neural uncertainty	0.16667437515001793
2	219	High neural uncertainty	0.17342387293897799
2	219	Low neural uncertainty	0.15836163271361245
2	220	High neural uncertainty	0.175455413117354
2	220	Low neural uncertainty	0.16400811787953085
2	221	High neural uncertainty	0.1833139170064058
2	221	Low neural uncertainty	0.17115234327565593
2	222	High neural uncertainty	0.17984184757908142
2	222	Low neural uncertainty	0.1673455994093708
2	223	High neural uncertainty	0.17822240698894926
2	223	Low neural uncertainty	0.15740349235757714
2	224	High neural uncertainty	0.1808539162039305
2	224	Low neural uncertainty	0.16038933923879517
2	225	High neural uncertainty	0.18141896058760304
2	225	Low neural uncertainty	0.1687656403187457
2	226	High neural uncertainty	0.1790572189957988
2	226	Low neural uncertainty	0.16151141112593737
2	227	High neural uncertainty	0.17943008825114376
2	227	Low neural uncertainty	0.16516970569050154
2	228	High neural uncertainty	0.1848363612036631
2	228	Low neural uncertainty	0.16310141928134506
2	229	High neural uncertainty	0.1776737230467885
2	229	Low neural uncertainty	0.17232347418405636
2	230	High neural uncertainty	0.17404057697553976
2	230	Low neural uncertainty	0.15931035475237995
2	231	High neural uncertainty	0.17637149632895716
2	231	Low neural uncertainty	0.16683626878066243
2	232	High neural uncertainty	0.17690324746955285
2	232	Low neural uncertainty	0.16308777315383666
2	233	High neural uncertainty	0.18328797417232723
2	233	Low neural uncertainty	0.16335155178891397
2	234	High neural uncertainty	0.18151451943676253
2	234	Low neural uncertainty	0.15926589592548662
2	235	High neural uncertainty	0.18679514536360725
2	235	Low neural uncertainty	0.17109163148526566
2	236	High neural uncertainty	0.18252797106638816
2	236	Low neural uncertainty	0.16243856571765025
2	237	High neural uncertainty	0.18337425771458363
2	237	Low neural uncertainty	0.16767280361298267
2	238	High neural uncertainty	0.18556159352958607
2	238	Low neural uncertainty	0.16497638123750688
2	239	High neural uncertainty	0.18748972977054854
2	239	Low neural uncertainty	0.16812336344079568
2	240	High neural uncertainty	0.17814660729533938
2	240	Low neural uncertainty	0.169549412619785
2	241	High neural uncertainty	0.18652705270797584
2	241	Low neural uncertainty	0.16697480389597671
2	242	High neural uncertainty	0.1788463182608545
2	242	Low neural uncertainty	0.1681395299243794
2	243	High neural uncertainty	0.1815723489745196
2	243	Low neural uncertainty	0.16785603610867203
2	244	High neural uncertainty	0.17261483054229385
2	244	Low neural uncertainty	0.15790528986479105
2	245	High neural uncertainty	0.18268796936972995
2	245	Low neural uncertainty	0.16422001055348243
2	246	High neural uncertainty	0.18285596645315272
2	246	Low neural uncertainty	0.16687939899666834
2	247	High neural uncertainty	0.1748515742815553
2	247	Low neural uncertainty	0.16360740538604893
2	248	High neural uncertainty	0.17728310461672117
2	248	Low neural uncertainty	0.1582351670118558
2	249	High neural uncertainty	0.17868385170275553
2	249	Low neural uncertainty	0.16493816267663136
2	250	High neural uncertainty	0.18044349988268893
2	250	Low neural uncertainty	0.16275692072473846
2	251	High neural uncertainty	0.18162531543292443
2	251	Low neural uncertainty	0.16852370388008017
2	252	High neural uncertainty	0.17427268635741322
2	252	Low neural uncertainty	0.16786279151367536
2	253	High neural uncertainty	0.18172133600136267
2	253	Low neural uncertainty	0.16157045348077817
2	254	High neural uncertainty	0.18251652054152853
2	254	Low neural uncertainty	0.16599840850701847
2	255	High neural uncertainty	0.1796556749087751
2	255	Low neural uncertainty	0.16599354627653212
2	256	High neural uncertainty	0.1797491907478155
2	256	Low neural uncertainty	0.16616585495295966
2	257	High neural uncertainty	0.18356082042471963
2	257	Low neural uncertainty	0.1651656167437565
2	258	High neural uncertainty	0.17936272980726206
2	258	Low neural uncertainty	0.16525818617353447
2	259	High neural uncertainty	0.17958272533947509
2	259	Low neural uncertainty	0.1656510382775788
2	260	High neural uncertainty	0.17906536998659048
2	260	Low neural uncertainty	0.16776819197727888
2	261	High neural uncertainty	0.18250764312270554
2	261	Low neural uncertainty	0.15845068541531418
2	262	High neural uncertainty	0.18418638190600972
2	262	Low neural uncertainty	0.1679677972786948
2	263	High neural uncertainty	0.17819885261110616
2	263	Low neural uncertainty	0.16118523284492026
2	264	High neural uncertainty	0.1798649434111837
2	264	Low neural uncertainty	0.1674648763969367
2	265	High neural uncertainty	0.1818191313942452
2	265	Low neural uncertainty	0.16549082479340976
2	266	High neural uncertainty	0.18325642665765488
2	266	Low neural uncertainty	0.1737117668072729
2	267	High neural uncertainty	0.1803252027609362
2	267	Low neural uncertainty	0.1671505460338003
2	268	High neural uncertainty	0.18667957855723552
2	268	Low neural uncertainty	0.16808458866977855
2	269	High neural uncertainty	0.17202741156397675
2	269	Low neural uncertainty	0.167214236674706
2	270	High neural uncertainty	0.1863775550946855
2	270	Low neural uncertainty	0.16436496720717517
2	271	High neural uncertainty	0.18164106793171408
2	271	Low neural uncertainty	0.16482785395873917
2	272	High neural uncertainty	0.1793535122831684
2	272	Low neural uncertainty	0.16334590815760303
2	273	High neural uncertainty	0.17341771314203644
2	273	Low neural uncertainty	0.16164015692122938
2	274	High neural uncertainty	0.17720326747309856
2	274	Low neural uncertainty	0.16565653929747107
2	275	High neural uncertainty	0.17876165162942564
2	275	Low neural uncertainty	0.16956697564494919
2	276	High neural uncertainty	0.18121945535099868
2	276	Low neural uncertainty	0.167788807457988
2	277	High neural uncertainty	0.18993590534482566
2	277	Low neural uncertainty	0.1658169882966232
2	278	High neural uncertainty	0.1768152167197785
2	278	Low neural uncertainty	0.1683039197285876
2	279	High neural uncertainty	0.17875848826018959
2	279	Low neural uncertainty	0.17019973695077095
2	280	High neural uncertainty	0.18813847358727182
2	280	Low neural uncertainty	0.16431208427934943
2	281	High neural uncertainty	0.18776513363409406
2	281	Low neural uncertainty	0.17177536817857245
2	282	High neural uncertainty	0.17901818522734458
2	282	Low neural uncertainty	0.1646777387965448
2	283	High neural uncertainty	0.17961820147531357
2	283	Low neural uncertainty	0.1623951916321958
2	284	High neural uncertainty	0.183998491961345
2	284	Low neural uncertainty	0.16736564318677893
2	285	High neural uncertainty	0.18313822104168134
2	285	Low neural uncertainty	0.16560153965244023
2	286	High neural uncertainty	0.1840917874653841
2	286	Low neural uncertainty	0.16035559568681904
2	287	High neural uncertainty	0.1788577680756752
2	287	Low neural uncertainty	0.16885172958666855
2	288	High neural uncertainty	0.1809367892172836
2	288	Low neural uncertainty	0.16314041726573145
2	289	High neural uncertainty	0.177139809361597
2	289	Low neural uncertainty	0.16039086400173216
2	290	High neural uncertainty	0.18508174888847767
2	290	Low neural uncertainty	0.16415972272458026
2	291	High neural uncertainty	0.18048601566487618
2	291	Low neural uncertainty	0.1676194396522918
2	292	High neural uncertainty	0.17422361779815448
2	292	Low neural uncertainty	0.16562656802049863
2	293	High neural uncertainty	0.18156550260804374
2	293	Low neural uncertainty	0.1646668020779232
2	294	High neural uncertainty	0.17863369574252885
2	294	Low neural uncertainty	0.16373115355619985
2	295	High neural uncertainty	0.18320496533259417
2	295	Low neural uncertainty	0.1637362850285901
2	296	High neural uncertainty	0.18279393279134026
2	296	Low neural uncertainty	0.1645667912978088
2	297	High neural uncertainty	0.1799159807881859
2	297	Low neural uncertainty	0.17388592336504805
2	298	High neural uncertainty	0.17593279719569474
2	298	Low neural uncertainty	0.16755928024623626
2	299	High neural uncertainty	0.1789147381968832
2	299	Low neural uncertainty	0.17297014025022647
2	300	High neural uncertainty	0.1787476023596533
2	300	Low neural uncertainty	0.1602894916134251
2	301	High neural uncertainty	0.1801454657109354
2	301	Low neural uncertainty	0.1709369853952596
2	302	High neural uncertainty	0.17750002764285916
2	302	Low neural uncertainty	0.16219823660469015
2	303	High neural uncertainty	0.1849230362563091
2	303	Low neural uncertainty	0.16952564140796925
2	304	High neural uncertainty	0.18101346421719666
2	304	Low neural uncertainty	0.1662148471412891
2	305	High neural uncertainty	0.18717556246799763
2	305	Low neural uncertainty	0.16848892631910134
2	306	High neural uncertainty	0.1849211788417004
2	306	Low neural uncertainty	0.1619111398351041
2	307	High neural uncertainty	0.18424441297433752
2	307	Low neural uncertainty	0.16810110377759696
2	308	High neural uncertainty	0.17784462649065336
2	308	Low neural uncertainty	0.1685206707905223
2	309	High neural uncertainty	0.18300467993532576
2	309	Low neural uncertainty	0.1761357322746995
2	310	High neural uncertainty	0.18218772457943755
2	310	Low neural uncertainty	0.15925239834748223
2	311	High neural uncertainty	0.18132367863608942
2	311	Low neural uncertainty	0.16636370706416387
2	312	High neural uncertainty	0.17181447439651135
2	312	Low neural uncertainty	0.1644407837245769
2	313	High neural uncertainty	0.18466469226593932
2	313	Low neural uncertainty	0.167550052352997
2	314	High neural uncertainty	0.18213859342306576
2	314	Low neural uncertainty	0.16459368112374004
2	315	High neural uncertainty	0.18354613468350559
2	315	Low neural uncertainty	0.1674883184135734
2	316	High neural uncertainty	0.18109685762886696
2	316	Low neural uncertainty	0.16508485630929226
2	317	High neural uncertainty	0.176646923931004
2	317	Low neural uncertainty	0.16925720219481163
2	318	High neural uncertainty	0.18173378242752192
2	318	Low neural uncertainty	0.16731291299299605
2	319	High neural uncertainty	0.1737819660400108
2	319	Low neural uncertainty	0.1603715233198533
2	320	High neural uncertainty	0.18809957006706945
2	320	Low neural uncertainty	0.1637373198691572
2	321	High neural uncertainty	0.1804843609340646
2	321	Low neural uncertainty	0.16821928125260957
2	322	High neural uncertainty	0.19048520219513077
2	322	Low neural uncertainty	0.16381572378517606
2	323	High neural uncertainty	0.1831274070638457
2	323	Low neural uncertainty	0.16851607102284272
2	324	High neural uncertainty	0.17416642254393272
2	324	Low neural uncertainty	0.16970248261420343
2	325	High neural uncertainty	0.18456110682610208
2	325	Low neural uncertainty	0.17454563015390476
2	326	High neural uncertainty	0.1741496759325328
2	326	Low neural uncertainty	0.15509224728478826
2	327	High neural uncertainty	0.1812545874891843
2	327	Low neural uncertainty	0.16274272561990966
2	328	High neural uncertainty	0.1859145051081824
2	328	Low neural uncertainty	0.16762067896691277
2	329	High neural uncertainty	0.18526403862340962
2	329	Low neural uncertainty	0.16919948709428448
2	330	High neural uncertainty	0.17989687678144123
2	330	Low neural uncertainty	0.16239866060592584
2	331	High neural uncertainty	0.17514837401450523
2	331	Low neural uncertainty	0.1628209914335001
2	332	High neural uncertainty	0.18359784550516428
2	332	Low neural uncertainty	0.1652426384123926
2	333	High neural uncertainty	0.17964133387006592
2	333	Low neural uncertainty	0.15506568347731928
2	334	High neural uncertainty	0.18058049254517905
2	334	Low neural uncertainty	0.16390175833717097
2	335	High neural uncertainty	0.18208927541663267
2	335	Low neural uncertainty	0.17080364819624774
2	336	High neural uncertainty	0.1785955543472918
2	336	Low neural uncertainty	0.16229661684146787
2	337	High neural uncertainty	0.18315266286670218
2	337	Low neural uncertainty	0.16616219725440962
2	338	High neural uncertainty	0.1787397455288343
2	338	Low neural uncertainty	0.16468803421997844
2	339	High neural uncertainty	0.18002428490262923
2	339	Low neural uncertainty	0.16573418801689693
2	340	High neural uncertainty	0.18528516040866502
2	340	Low neural uncertainty	0.16188726110821033
2	341	High neural uncertainty	0.18512526821140898
2	341	Low neural uncertainty	0.16070009891337186
2	342	High neural uncertainty	0.1764752575760389
2	342	Low neural uncertainty	0.1632619488659338
2	343	High neural uncertainty	0.18969593311793478
2	343	Low neural uncertainty	0.16191171332252743
2	344	High neural uncertainty	0.18326318505371647
2	344	Low neural uncertainty	0.16462467115091206
2	345	High neural uncertainty	0.18156302207166677
2	345	Low neural uncertainty	0.1658963190981924
2	346	High neural uncertainty	0.18344676268250765
2	346	Low neural uncertainty	0.16640758046874934
2	347	High neural uncertainty	0.18699992233315352
2	347	Low neural uncertainty	0.16180000211007017
2	348	High neural uncertainty	0.1831046302887694
2	348	Low neural uncertainty	0.16269554949040346
2	349	High neural uncertainty	0.18955167798668943
2	349	Low neural uncertainty	0.17024258062699105
2	350	High neural uncertainty	0.18046202593621413
2	350	Low neural uncertainty	0.16271289095954977
2	351	High neural uncertainty	0.17440177607394394
2	351	Low neural uncertainty	0.15952895355232674
2	352	High neural uncertainty	0.18057809564999272
2	352	Low neural uncertainty	0.1615319339786282
2	353	High neural uncertainty	0.18143591581644875
2	353	Low neural uncertainty	0.16391895620207206
2	354	High neural uncertainty	0.18542883322346476
2	354	Low neural uncertainty	0.16666675426322083
2	355	High neural uncertainty	0.17955988584307736
2	355	Low neural uncertainty	0.1711342548892035
2	356	High neural uncertainty	0.183849959007904
2	356	Low neural uncertainty	0.16368300131229896
2	357	High neural uncertainty	0.1768925857609781
2	357	Low neural uncertainty	0.16564511683102456
2	358	High neural uncertainty	0.17637939263873
2	358	Low neural uncertainty	0.15820634876523837
2	359	High neural uncertainty	0.1782123726292177
2	359	Low neural uncertainty	0.16152279190589283
2	360	High neural uncertainty	0.179779663786515
2	360	Low neural uncertainty	0.1680049449514046
2	361	High neural uncertainty	0.17359150285864863
2	361	Low neural uncertainty	0.1584478871550291
2	362	High neural uncertainty	0.18350617636048855
2	362	Low neural uncertainty	0.17033907096633508
2	363	High neural uncertainty	0.16729622758561422
2	363	Low neural uncertainty	0.15804963170571706
2	364	High neural uncertainty	0.18519159433859958
2	364	Low neural uncertainty	0.1679554507108951
2	365	High neural uncertainty	0.18402454531072257
2	365	Low neural uncertainty	0.16231671446890197
2	366	High neural uncertainty	0.18271368676368985
2	366	Low neural uncertainty	0.16185207226994397
2	367	High neural uncertainty	0.17808335708349135
2	367	Low neural uncertainty	0.16507566232141302
2	368	High neural uncertainty	0.17534327477442263
2	368	Low neural uncertainty	0.1637091993495688
2	369	High neural uncertainty	0.1829835599287594
2	369	Low neural uncertainty	0.16904832346581453
2	370	High neural uncertainty	0.1837821924291123
2	370	Low neural uncertainty	0.16886446047457745
2	371	High neural uncertainty	0.17867062646144438
2	371	Low neural uncertainty	0.16472430651157396
2	372	High neural uncertainty	0.17989074769341717
2	372	Low neural uncertainty	0.1640688402792862
2	373	High neural uncertainty	0.1787095533836419
2	373	Low neural uncertainty	0.15826338092451814
2	374	High neural uncertainty	0.18935154872679208
2	374	Low neural uncertainty	0.17124938665261608
2	375	High neural uncertainty	0.18793876754001376
2	375	Low neural uncertainty	0.1721426199617559
2	376	High neural uncertainty	0.1806895136863981
2	376	Low neural uncertainty	0.1598203151100238
2	377	High neural uncertainty	0.17842963376052098
2	377	Low neural uncertainty	0.16586312011833793
2	378	High neural uncertainty	0.18285911778841452
2	378	Low neural uncertainty	0.1650333082043751
2	379	High neural uncertainty	0.18667022661257798
2	379	Low neural uncertainty	0.166767808157246
2	380	High neural uncertainty	0.18407978177153322
2	380	Low neural uncertainty	0.16695934971734133
2	381	High neural uncertainty	0.17692766776150734
2	381	Low neural uncertainty	0.16158769210531082
2	382	High neural uncertainty	0.17953996029445016
2	382	Low neural uncertainty	0.16663026068659306
2	383	High neural uncertainty	0.17885428035351045
2	383	Low neural uncertainty	0.1678378677792938
2	384	High neural uncertainty	0.17892505578194864
2	384	Low neural uncertainty	0.1656232798084078
2	385	High neural uncertainty	0.18578126881574614
2	385	Low neural uncertainty	0.1601032927417481
2	386	High neural uncertainty	0.1760908165509906
2	386	Low neural uncertainty	0.1602506212161441
2	387	High neural uncertainty	0.18120354814765213
2	387	Low neural uncertainty	0.16226436598287178
2	388	High neural uncertainty	0.17823234387226797
2	388	Low neural uncertainty	0.15691835555870495
2	389	High neural uncertainty	0.1804748679642639
2	389	Low neural uncertainty	0.17212492887746308
2	390	High neural uncertainty	0.17845947100309348
2	390	Low neural uncertainty	0.15875910757309966
2	391	High neural uncertainty	0.18288640186509675
2	391	Low neural uncertainty	0.16233556636675112
2	392	High neural uncertainty	0.18480785184742313
2	392	Low neural uncertainty	0.16465119535472394
2	393	High neural uncertainty	0.17755718716455854
2	393	Low neural uncertainty	0.1685470001812998
2	394	High neural uncertainty	0.18153622149009058
2	394	Low neural uncertainty	0.16649358271757062
2	395	High neural uncertainty	0.18227664997852633
2	395	Low neural uncertainty	0.16487829058025802
2	396	High neural uncertainty	0.18070307937093177
2	396	Low neural uncertainty	0.16968419204045412
2	397	High neural uncertainty	0.18108894926955998
2	397	Low neural uncertainty	0.16362209890358562
2	398	High neural uncertainty	0.18155026594513568
2	398	Low neural uncertainty	0.1650525846797229
2	399	High neural uncertainty	0.1829477951003549
2	399	Low neural uncertainty	0.16147483071354846
2	400	High neural uncertainty	0.18382793608972492
2	400	Low neural uncertainty	0.16995360894856154
2	401	High neural uncertainty	0.18620618781539197
2	401	Low neural uncertainty	0.16319439926963017
2	402	High neural uncertainty	0.18043659749034366
2	402	Low neural uncertainty	0.16647084753943167
2	403	High neural uncertainty	0.17557733151137045
2	403	Low neural uncertainty	0.1603238063184181
2	404	High neural uncertainty	0.18306447028261133
2	404	Low neural uncertainty	0.16637397802610787
2	405	High neural uncertainty	0.1841331756525654
2	405	Low neural uncertainty	0.16152505389015367
2	406	High neural uncertainty	0.18399469895235207
2	406	Low neural uncertainty	0.160758433541644
2	407	High neural uncertainty	0.18097770201963112
2	407	Low neural uncertainty	0.16142842351793826
2	408	High neural uncertainty	0.17558228538327497
2	408	Low neural uncertainty	0.16532114344968835
2	409	High neural uncertainty	0.18506643006221488
2	409	Low neural uncertainty	0.1684119534507529
2	410	High neural uncertainty	0.17698239679021271
2	410	Low neural uncertainty	0.16615929088459672
2	411	High neural uncertainty	0.18005971975706533
2	411	Low neural uncertainty	0.16782903552964173
2	412	High neural uncertainty	0.1763186783455021
2	412	Low neural uncertainty	0.1650315686723403
2	413	High neural uncertainty	0.18404273913626892
2	413	Low neural uncertainty	0.16482114211911705
2	414	High neural uncertainty	0.18065183805907764
2	414	Low neural uncertainty	0.16444026327610853
2	415	High neural uncertainty	0.18603262989435065
2	415	Low neural uncertainty	0.16294893278069397
2	416	High neural uncertainty	0.17951577074065697
2	416	Low neural uncertainty	0.16450823334197526
2	417	High neural uncertainty	0.18090932577979438
2	417	Low neural uncertainty	0.1674161412833925
2	418	High neural uncertainty	0.17923456669627416
2	418	Low neural uncertainty	0.16528814530314195
2	419	High neural uncertainty	0.18297911264198397
2	419	Low neural uncertainty	0.1547144637096611
2	420	High neural uncertainty	0.17831406629602747
2	420	Low neural uncertainty	0.16381769963216247
2	421	High neural uncertainty	0.18481726034068413
2	421	Low neural uncertainty	0.16582726105336396
2	422	High neural uncertainty	0.1831937914525588
2	422	Low neural uncertainty	0.16128771936359912
2	423	High neural uncertainty	0.19037173565407195
2	423	Low neural uncertainty	0.16004085156165043
2	424	High neural uncertainty	0.18750168379121643
2	424	Low neural uncertainty	0.16679820343987417
2	425	High neural uncertainty	0.17924972622949822
2	425	Low neural uncertainty	0.1595231134205605
2	426	High neural uncertainty	0.18255846255076888
2	426	Low neural uncertainty	0.15797631476681065
2	427	High neural uncertainty	0.17555185110261012
2	427	Low neural uncertainty	0.16007441519316645
2	428	High neural uncertainty	0.17972044630228784
2	428	Low neural uncertainty	0.16683835418285708
2	429	High neural uncertainty	0.1819707468160002
2	429	Low neural uncertainty	0.1625657853749721
2	430	High neural uncertainty	0.18413690232676838
2	430	Low neural uncertainty	0.16635484275658813
2	431	High neural uncertainty	0.1719724960332815
2	431	Low neural uncertainty	0.15869323967274584
2	432	High neural uncertainty	0.1821406386913588
2	432	Low neural uncertainty	0.16557509312736254
2	433	High neural uncertainty	0.17936750167369767
2	433	Low neural uncertainty	0.1599259425991245
2	434	High neural uncertainty	0.18070236568873002
2	434	Low neural uncertainty	0.16973546687737862
2	435	High neural uncertainty	0.17649079463405518
2	435	Low neural uncertainty	0.16663365456910195
2	436	High neural uncertainty	0.17426204309370594
2	436	Low neural uncertainty	0.1629940034322501
2	437	High neural uncertainty	0.17831769041435522
2	437	Low neural uncertainty	0.16370171235631983
2	438	High neural uncertainty	0.18674553831422336
2	438	Low neural uncertainty	0.15927049087067452
2	439	High neural uncertainty	0.18188640809643158
2	439	Low neural uncertainty	0.16646493249526084
2	440	High neural uncertainty	0.18572301788542886
2	440	Low neural uncertainty	0.16658829041184411
2	441	High neural uncertainty	0.1795582336148522
2	441	Low neural uncertainty	0.1687769835903233
2	442	High neural uncertainty	0.18072041805040032
2	442	Low neural uncertainty	0.16485424304624843
2	443	High neural uncertainty	0.18292996783335502
2	443	Low neural uncertainty	0.16578767863836769
2	444	High neural uncertainty	0.18031486857891266
2	444	Low neural uncertainty	0.16943292580066377
2	445	High neural uncertainty	0.17757855843323858
2	445	Low neural uncertainty	0.1674902000658028
2	446	High neural uncertainty	0.17345702715311068
2	446	Low neural uncertainty	0.1669810308408488
2	447	High neural uncertainty	0.17891512776026608
2	447	Low neural uncertainty	0.15725312899799684
2	448	High neural uncertainty	0.17709474158999766
2	448	Low neural uncertainty	0.1657632364114652
2	449	High neural uncertainty	0.17111603385047014
2	449	Low neural uncertainty	0.15910778265686668
2	450	High neural uncertainty	0.174651815661681
2	450	Low neural uncertainty	0.16067456571563382
2	451	High neural uncertainty	0.1755166822604242
2	451	Low neural uncertainty	0.15803353448952295
2	452	High neural uncertainty	0.1791090830607682
2	452	Low neural uncertainty	0.17164365978586607
2	453	High neural uncertainty	0.17842000915084213
2	453	Low neural uncertainty	0.16645466133362835
2	454	High neural uncertainty	0.18071021316341185
2	454	Low neural uncertainty	0.1565254168018951
2	455	High neural uncertainty	0.18080249843126875
2	455	Low neural uncertainty	0.1686719079387398
2	456	High neural uncertainty	0.17860804588692047
2	456	Low neural uncertainty	0.16596119049152813
2	457	High neural uncertainty	0.1758233505999398
2	457	Low neural uncertainty	0.16886270948970886
2	458	High neural uncertainty	0.18409057951143395
2	458	Low neural uncertainty	0.17190922847269915
2	459	High neural uncertainty	0.18886390096119826
2	459	Low neural uncertainty	0.1620044040565987
2	460	High neural uncertainty	0.17948350876170732
2	460	Low neural uncertainty	0.1616109064525501
2	461	High neural uncertainty	0.17659801995758706
2	461	Low neural uncertainty	0.16928998019624134
2	462	High neural uncertainty	0.1773816879324339
2	462	Low neural uncertainty	0.16180248469438538
2	463	High neural uncertainty	0.18258565989505804
2	463	Low neural uncertainty	0.16552122803947109
2	464	High neural uncertainty	0.17426129307569285
2	464	Low neural uncertainty	0.1659722747864299
2	465	High neural uncertainty	0.188209872889541
2	465	Low neural uncertainty	0.16003998749132017
2	466	High neural uncertainty	0.17659841405344978
2	466	Low neural uncertainty	0.16798043820106046
2	467	High neural uncertainty	0.1843035709019437
2	467	Low neural uncertainty	0.16356026661112966
2	468	High neural uncertainty	0.18115340150279863
2	468	Low neural uncertainty	0.16956311524255538
2	469	High neural uncertainty	0.1758294464122292
2	469	Low neural uncertainty	0.16192900000660096
2	470	High neural uncertainty	0.17862449792675494
2	470	Low neural uncertainty	0.1621315229502514
2	471	High neural uncertainty	0.18156004295860168
2	471	Low neural uncertainty	0.16116760987209156
2	472	High neural uncertainty	0.18371813631486397
2	472	Low neural uncertainty	0.1656393429900535
2	473	High neural uncertainty	0.18407243835306977
2	473	Low neural uncertainty	0.16688014490284864
2	474	High neural uncertainty	0.17420491412993022
2	474	Low neural uncertainty	0.16385872262924916
2	475	High neural uncertainty	0.17922561345516735
2	475	Low neural uncertainty	0.16736793716229867
2	476	High neural uncertainty	0.17965491471414802
2	476	Low neural uncertainty	0.16012623981483765
2	477	High neural uncertainty	0.18702044029411954
2	477	Low neural uncertainty	0.16831176199414577
2	478	High neural uncertainty	0.18212901469685414
2	478	Low neural uncertainty	0.16275937291655973
2	479	High neural uncertainty	0.18820942677320962
2	479	Low neural uncertainty	0.16917826748863568
2	480	High neural uncertainty	0.17757441441794178
2	480	Low neural uncertainty	0.16188838683384246
2	481	High neural uncertainty	0.18160766747802193
2	481	Low neural uncertainty	0.16238673203578205
2	482	High neural uncertainty	0.18926713232010445
2	482	Low neural uncertainty	0.16563811226402075
2	483	High neural uncertainty	0.17507067571081886
2	483	Low neural uncertainty	0.15807336415142342
2	484	High neural uncertainty	0.16959977308549012
2	484	Low neural uncertainty	0.15985880029675212
2	485	High neural uncertainty	0.18132380854548302
2	485	Low neural uncertainty	0.16196463931396796
2	486	High neural uncertainty	0.18431184072166792
2	486	Low neural uncertainty	0.15964247509516968
2	487	High neural uncertainty	0.1766212241288627
2	487	Low neural uncertainty	0.16544506140302567
2	488	High neural uncertainty	0.18082054588532898
2	488	Low neural uncertainty	0.16925934875018583
2	489	High neural uncertainty	0.17683346801914485
2	489	Low neural uncertainty	0.16394359738445413
2	490	High neural uncertainty	0.18014192458555126
2	490	Low neural uncertainty	0.16360057799287855
2	491	High neural uncertainty	0.17712719541206656
2	491	Low neural uncertainty	0.15621527428390755
2	492	High neural uncertainty	0.18163427832916235
2	492	Low neural uncertainty	0.16721302734467663
2	493	High neural uncertainty	0.17448929484109224
2	493	Low neural uncertainty	0.16149289875441183
2	494	High neural uncertainty	0.1833922092810907
2	494	Low neural uncertainty	0.16627076208608613
2	495	High neural uncertainty	0.18663068837695676
2	495	Low neural uncertainty	0.16543479478237824
2	496	High neural uncertainty	0.18232389831146945
2	496	Low neural uncertainty	0.16487680845674504
2	497	High neural uncertainty	0.18277822371531097
2	497	Low neural uncertainty	0.16641162167961557
2	498	High neural uncertainty	0.18409084482672075
2	498	Low neural uncertainty	0.16512183246459536
2	499	High neural uncertainty	0.18136373984609397
2	499	Low neural uncertainty	0.16372262040120972
2	500	High neural uncertainty	0.17825541945293744
2	500	Low neural uncertainty	0.1686634335138586
2	501	High neural uncertainty	0.1707425867786357
2	501	Low neural uncertainty	0.16109805679667846
2	502	High neural uncertainty	0.1813310985897153
2	502	Low neural uncertainty	0.16496850048297185
2	503	High neural uncertainty	0.17345490109947412
2	503	Low neural uncertainty	0.16174277279194726
2	504	High neural uncertainty	0.18178010344091322
2	504	Low neural uncertainty	0.16232299134370937
2	505	High neural uncertainty	0.18065552248839598
2	505	Low neural uncertainty	0.1613198038098017
2	506	High neural uncertainty	0.18161703375576196
2	506	Low neural uncertainty	0.1695142866495651
2	507	High neural uncertainty	0.17610257723030043
2	507	Low neural uncertainty	0.16043837375365988
2	508	High neural uncertainty	0.17451600143073695
2	508	Low neural uncertainty	0.1642181115731785
2	509	High neural uncertainty	0.1725292051533519
2	509	Low neural uncertainty	0.15955044331561039
2	510	High neural uncertainty	0.1799423943926443
2	510	Low neural uncertainty	0.16806592148843136
2	511	High neural uncertainty	0.16924388211476035
2	511	Low neural uncertainty	0.1639826570690582
2	512	High neural uncertainty	0.1765763514550098
2	512	Low neural uncertainty	0.1685743853851122
2	513	High neural uncertainty	0.17911634624291828
2	513	Low neural uncertainty	0.1648045517689996
2	514	High neural uncertainty	0.18135147646050626
2	514	Low neural uncertainty	0.16645915661965102
2	515	High neural uncertainty	0.17739227949333305
2	515	Low neural uncertainty	0.1652077193169911
2	516	High neural uncertainty	0.1765001954962819
2	516	Low neural uncertainty	0.15719692870993116
2	517	High neural uncertainty	0.17681261915387556
2	517	Low neural uncertainty	0.15956751638015046
2	518	High neural uncertainty	0.177723321975112
2	518	Low neural uncertainty	0.1605680344897957
2	519	High neural uncertainty	0.1823222162625765
2	519	Low neural uncertainty	0.16440303387806543
2	520	High neural uncertainty	0.18697494772110515
2	520	Low neural uncertainty	0.16237163869955462
2	521	High neural uncertainty	0.18491039202041792
2	521	Low neural uncertainty	0.16706539602293896
2	522	High neural uncertainty	0.17608231606049468
2	522	Low neural uncertainty	0.1628298958977896
2	523	High neural uncertainty	0.18392193817655683
2	523	Low neural uncertainty	0.1714322000535646
2	524	High neural uncertainty	0.18449556793578933
2	524	Low neural uncertainty	0.16074294990104465
2	525	High neural uncertainty	0.18311820356133213
2	525	Low neural uncertainty	0.16570662039853415
2	526	High neural uncertainty	0.18380338706802973
2	526	Low neural uncertainty	0.1696954519804925
2	527	High neural uncertainty	0.17818587854137724
2	527	Low neural uncertainty	0.16075927191956432
2	528	High neural uncertainty	0.1833756486366321
2	528	Low neural uncertainty	0.1698103168414719
2	529	High neural uncertainty	0.18867301784690982
2	529	Low neural uncertainty	0.16158585486950144
2	530	High neural uncertainty	0.18448914450690054
2	530	Low neural uncertainty	0.1648204027401069
2	531	High neural uncertainty	0.18074182385702944
2	531	Low neural uncertainty	0.16314603995351695
2	532	High neural uncertainty	0.17842942878102613
2	532	Low neural uncertainty	0.1680651873423756
2	533	High neural uncertainty	0.17674897566506217
2	533	Low neural uncertainty	0.16637735430341358
2	534	High neural uncertainty	0.17955730545007834
2	534	Low neural uncertainty	0.16422757433795931
2	535	High neural uncertainty	0.1832403091029425
2	535	Low neural uncertainty	0.16917298152962976
2	536	High neural uncertainty	0.18092924912877448
2	536	Low neural uncertainty	0.16729385545130035
2	537	High neural uncertainty	0.17505589151944065
2	537	Low neural uncertainty	0.16603549281648392
2	538	High neural uncertainty	0.1715393958327972
2	538	Low neural uncertainty	0.1539273237609302
2	539	High neural uncertainty	0.17281635408202742
2	539	Low neural uncertainty	0.16560293933812698
2	540	High neural uncertainty	0.17244103234343441
2	540	Low neural uncertainty	0.16427250036670346
2	541	High neural uncertainty	0.18109505402410922
2	541	Low neural uncertainty	0.16118048636708698
2	542	High neural uncertainty	0.18778417879819212
2	542	Low neural uncertainty	0.16489154928038874
2	543	High neural uncertainty	0.17872211699059332
2	543	Low neural uncertainty	0.1668611191622732
2	544	High neural uncertainty	0.17916325863996166
2	544	Low neural uncertainty	0.15877818118508405
2	545	High neural uncertainty	0.1837721920750169
2	545	Low neural uncertainty	0.16358372503284618
2	546	High neural uncertainty	0.18233944895685106
2	546	Low neural uncertainty	0.1641037786150479
2	547	High neural uncertainty	0.17889426719098395
2	547	Low neural uncertainty	0.160472061939847
2	548	High neural uncertainty	0.18306039450116832
2	548	Low neural uncertainty	0.17089244875601609
2	549	High neural uncertainty	0.18660143535936202
2	549	Low neural uncertainty	0.15918936642002737
2	550	High neural uncertainty	0.1820442504062591
2	550	Low neural uncertainty	0.1737046727450599
2	551	High neural uncertainty	0.1773064156174425
2	551	Low neural uncertainty	0.15988896363929075
2	552	High neural uncertainty	0.18153727987855683
2	552	Low neural uncertainty	0.1650922779135432
2	553	High neural uncertainty	0.17625346114334334
2	553	Low neural uncertainty	0.15821413389158231
2	554	High neural uncertainty	0.1885335438811684
2	554	Low neural uncertainty	0.16692823103680668
2	555	High neural uncertainty	0.18232387022079352
2	555	Low neural uncertainty	0.16320648786619907
2	556	High neural uncertainty	0.17337622496816313
2	556	Low neural uncertainty	0.1606991328683417
2	557	High neural uncertainty	0.18566310572116682
2	557	Low neural uncertainty	0.1629771634230107
2	558	High neural uncertainty	0.18122218204551327
2	558	Low neural uncertainty	0.17046749100276717
2	559	High neural uncertainty	0.17996444617173143
2	559	Low neural uncertainty	0.1591057921809499
2	560	High neural uncertainty	0.18812872040410528
2	560	Low neural uncertainty	0.16592388329157723
2	561	High neural uncertainty	0.186882895036876
2	561	Low neural uncertainty	0.17002666490490695
2	562	High neural uncertainty	0.17256842017122406
2	562	Low neural uncertainty	0.16217626949050032
2	563	High neural uncertainty	0.17957991509737492
2	563	Low neural uncertainty	0.16813145625654433
2	564	High neural uncertainty	0.17657511598605946
2	564	Low neural uncertainty	0.1618809426780555
2	565	High neural uncertainty	0.18251946480393821
2	565	Low neural uncertainty	0.16684145129223585
2	566	High neural uncertainty	0.17086274505085303
2	566	Low neural uncertainty	0.1592588339297922
2	567	High neural uncertainty	0.18086746597861744
2	567	Low neural uncertainty	0.17086591481442392
2	568	High neural uncertainty	0.17759196028901464
2	568	Low neural uncertainty	0.16203885878303695
2	569	High neural uncertainty	0.1809278927509559
2	569	Low neural uncertainty	0.16740321198292435
2	570	High neural uncertainty	0.1879289169402037
2	570	Low neural uncertainty	0.16908589912067248
2	571	High neural uncertainty	0.17873210028553752
2	571	Low neural uncertainty	0.16532038742981073
2	572	High neural uncertainty	0.18346826555418475
2	572	Low neural uncertainty	0.16280001244674489
2	573	High neural uncertainty	0.1777187302540877
2	573	Low neural uncertainty	0.1621882069068269
2	574	High neural uncertainty	0.17477314702195088
2	574	Low neural uncertainty	0.15966869239285655
2	575	High neural uncertainty	0.18088843309088418
2	575	Low neural uncertainty	0.16518611998887756
2	576	High neural uncertainty	0.18521518829423275
2	576	Low neural uncertainty	0.16550907206326834
2	577	High neural uncertainty	0.1840044693925992
2	577	Low neural uncertainty	0.16654215523963875
2	578	High neural uncertainty	0.1823345362770773
2	578	Low neural uncertainty	0.1628154569517461
2	579	High neural uncertainty	0.17886273778713105
2	579	Low neural uncertainty	0.16656141959251217
2	580	High neural uncertainty	0.17476522703958158
2	580	Low neural uncertainty	0.16671818402242466
2	581	High neural uncertainty	0.18102003421803092
2	581	Low neural uncertainty	0.16720521293157842
2	582	High neural uncertainty	0.17811381726578757
2	582	Low neural uncertainty	0.16280474594450509
2	583	High neural uncertainty	0.18083809135051532
2	583	Low neural uncertainty	0.16794690769687332
2	584	High neural uncertainty	0.1793946134393017
2	584	Low neural uncertainty	0.1661410510823847
2	585	High neural uncertainty	0.1841381526979564
2	585	Low neural uncertainty	0.16679067403204845
2	586	High neural uncertainty	0.17675081649072583
2	586	Low neural uncertainty	0.16257404880926557
2	587	High neural uncertainty	0.18300676301171845
2	587	Low neural uncertainty	0.1685791843699588
2	588	High neural uncertainty	0.17173597769953153
2	588	Low neural uncertainty	0.1687056543817074
2	589	High neural uncertainty	0.19493891143708605
2	589	Low neural uncertainty	0.16761618453682772
2	590	High neural uncertainty	0.17472395148331746
2	590	Low neural uncertainty	0.16784783449046983
2	591	High neural uncertainty	0.17606517335704072
2	591	Low neural uncertainty	0.17244035405287875
2	592	High neural uncertainty	0.17793807033242806
2	592	Low neural uncertainty	0.16794257033528764
2	593	High neural uncertainty	0.1891812284469068
2	593	Low neural uncertainty	0.1768235386702384
2	594	High neural uncertainty	0.18394194177465387
2	594	Low neural uncertainty	0.1684785628158622
2	595	High neural uncertainty	0.17729652790530306
2	595	Low neural uncertainty	0.16185108324102737
2	596	High neural uncertainty	0.1779301700947469
2	596	Low neural uncertainty	0.16465087432533018
2	597	High neural uncertainty	0.17305623690893507
2	597	Low neural uncertainty	0.15878478061651896
2	598	High neural uncertainty	0.1860634016977002
2	598	Low neural uncertainty	0.16764079108974633
2	599	High neural uncertainty	0.17533106607208823
2	599	Low neural uncertainty	0.16938233314889198
2	600	High neural uncertainty	0.17926541686630987
2	600	Low neural uncertainty	0.16417829203389495
2	601	High neural uncertainty	0.18489841635526175
2	601	Low neural uncertainty	0.1645612660795069
2	602	High neural uncertainty	0.18314435078074948
2	602	Low neural uncertainty	0.16828297524458807
2	603	High neural uncertainty	0.1789189834542361
2	603	Low neural uncertainty	0.16875653467483556
2	604	High neural uncertainty	0.18291458266226027
2	604	Low neural uncertainty	0.168857237841215
2	605	High neural uncertainty	0.1742277486382106
2	605	Low neural uncertainty	0.16519771514264134
2	606	High neural uncertainty	0.1792554684625767
2	606	Low neural uncertainty	0.17204920472957122
2	607	High neural uncertainty	0.1862877724151967
2	607	Low neural uncertainty	0.1614433783906592
2	608	High neural uncertainty	0.17477532166306103
2	608	Low neural uncertainty	0.16066714767517165
2	609	High neural uncertainty	0.1775666701466237
2	609	Low neural uncertainty	0.16860686691197346
2	610	High neural uncertainty	0.18141058386863448
2	610	Low neural uncertainty	0.15912419450170828
2	611	High neural uncertainty	0.18526020116947842
2	611	Low neural uncertainty	0.1704423064605606
2	612	High neural uncertainty	0.17632715412503253
2	612	Low neural uncertainty	0.16229366619315147
2	613	High neural uncertainty	0.18533012411877267
2	613	Low neural uncertainty	0.16192135376775327
2	614	High neural uncertainty	0.1806531186571543
2	614	Low neural uncertainty	0.15904839135958754
2	615	High neural uncertainty	0.1820750435822102
2	615	Low neural uncertainty	0.1607147562702532
2	616	High neural uncertainty	0.17528727885901035
2	616	Low neural uncertainty	0.16844449846332873
2	617	High neural uncertainty	0.18289086158773613
2	617	Low neural uncertainty	0.16296198037231846
2	618	High neural uncertainty	0.17318201209785522
2	618	Low neural uncertainty	0.16467446596435537
2	619	High neural uncertainty	0.18140234913788952
2	619	Low neural uncertainty	0.16053133511972997
2	620	High neural uncertainty	0.18766813568804908
2	620	Low neural uncertainty	0.1639404918379541
2	621	High neural uncertainty	0.1834560399814694
2	621	Low neural uncertainty	0.16558489492795236
2	622	High neural uncertainty	0.1826585170652581
2	622	Low neural uncertainty	0.16767925411904122
2	623	High neural uncertainty	0.180178186659345
2	623	Low neural uncertainty	0.1681604116337153
2	624	High neural uncertainty	0.1739797047972122
2	624	Low neural uncertainty	0.1627231284198973
2	625	High neural uncertainty	0.1751192224651841
2	625	Low neural uncertainty	0.16321448724988996
2	626	High neural uncertainty	0.1776863686507785
2	626	Low neural uncertainty	0.1614912436185
2	627	High neural uncertainty	0.1856601996891584
2	627	Low neural uncertainty	0.1583017304800215
2	628	High neural uncertainty	0.1855365422860195
2	628	Low neural uncertainty	0.16899491722773463
2	629	High neural uncertainty	0.18493866873008147
2	629	Low neural uncertainty	0.1643041205404201
2	630	High neural uncertainty	0.1848079705395661
2	630	Low neural uncertainty	0.16291836648011201
2	631	High neural uncertainty	0.18254990365413967
2	631	Low neural uncertainty	0.17003842432695307
2	632	High neural uncertainty	0.17799723458237676
2	632	Low neural uncertainty	0.16817538209487035
2	633	High neural uncertainty	0.18729290719276775
2	633	Low neural uncertainty	0.16462940849629593
2	634	High neural uncertainty	0.17233959761068934
2	634	Low neural uncertainty	0.15882303383491855
2	635	High neural uncertainty	0.17047912205553659
2	635	Low neural uncertainty	0.15957013315234408
2	636	High neural uncertainty	0.17168339442941644
2	636	Low neural uncertainty	0.16313207209710076
2	637	High neural uncertainty	0.1805865391856494
2	637	Low neural uncertainty	0.16439718268329406
2	638	High neural uncertainty	0.1757263178212506
2	638	Low neural uncertainty	0.1648588041340258
2	639	High neural uncertainty	0.18105903362401315
2	639	Low neural uncertainty	0.164055583113024
2	640	High neural uncertainty	0.1831939372525083
2	640	Low neural uncertainty	0.1678720948725479
2	641	High neural uncertainty	0.18339711484766152
2	641	Low neural uncertainty	0.16697570802907244
2	642	High neural uncertainty	0.17878395070054817
2	642	Low neural uncertainty	0.1617359395878914
2	643	High neural uncertainty	0.1780244020237576
2	643	Low neural uncertainty	0.15952419207019336
2	644	High neural uncertainty	0.1875528477313202
2	644	Low neural uncertainty	0.17502526104303587
2	645	High neural uncertainty	0.18453377085139253
2	645	Low neural uncertainty	0.16753688558343327
2	646	High neural uncertainty	0.18200223877939145
2	646	Low neural uncertainty	0.16833339608821304
2	647	High neural uncertainty	0.18394591401333715
2	647	Low neural uncertainty	0.16710479424334762
2	648	High neural uncertainty	0.17872346644947698
2	648	Low neural uncertainty	0.16438422541980924
2	649	High neural uncertainty	0.18065295021529337
2	649	Low neural uncertainty	0.16841447159481676
2	650	High neural uncertainty	0.19129567678100604
2	650	Low neural uncertainty	0.16741638620381472
2	651	High neural uncertainty	0.17829468719237504
2	651	Low neural uncertainty	0.16298637983505568
2	652	High neural uncertainty	0.17426322500125047
2	652	Low neural uncertainty	0.16487644729150835
2	653	High neural uncertainty	0.18140027238612375
2	653	Low neural uncertainty	0.1642820136296216
2	654	High neural uncertainty	0.18029779492956977
2	654	Low neural uncertainty	0.17334709951342475
2	655	High neural uncertainty	0.1823712140218119
2	655	Low neural uncertainty	0.16999596475392262
2	656	High neural uncertainty	0.18027080407174947
2	656	Low neural uncertainty	0.15774558812120426
2	657	High neural uncertainty	0.18000589553157978
2	657	Low neural uncertainty	0.16318091737472415
2	658	High neural uncertainty	0.1927984418675655
2	658	Low neural uncertainty	0.16684818035829083
2	659	High neural uncertainty	0.18183887840019874
2	659	Low neural uncertainty	0.1659813450734095
2	660	High neural uncertainty	0.17885525357931187
2	660	Low neural uncertainty	0.1610946160875043
2	661	High neural uncertainty	0.17993059022447266
2	661	Low neural uncertainty	0.15547052740855613
2	662	High neural uncertainty	0.17522273346584824
2	662	Low neural uncertainty	0.16026341246801754
2	663	High neural uncertainty	0.18633374000459288
2	663	Low neural uncertainty	0.162489466552191
2	664	High neural uncertainty	0.1857079106797228
2	664	Low neural uncertainty	0.17007368463597594
2	665	High neural uncertainty	0.17756856427917175
2	665	Low neural uncertainty	0.1647282238738228
2	666	High neural uncertainty	0.18767299563788656
2	666	Low neural uncertainty	0.16748472589805768
2	667	High neural uncertainty	0.17189980756626286
2	667	Low neural uncertainty	0.16151016191082096
2	668	High neural uncertainty	0.18072614608519597
2	668	Low neural uncertainty	0.1531903315627393
2	669	High neural uncertainty	0.17720861387340833
2	669	Low neural uncertainty	0.16090297459943853
2	670	High neural uncertainty	0.1768342141428101
2	670	Low neural uncertainty	0.17000432260693304
2	671	High neural uncertainty	0.1822488281227979
2	671	Low neural uncertainty	0.1679759262805365
2	672	High neural uncertainty	0.1756849249012513
2	672	Low neural uncertainty	0.16508565369840741
2	673	High neural uncertainty	0.18372224824496733
2	673	Low neural uncertainty	0.16534363679044298
2	674	High neural uncertainty	0.17629751317789136
2	674	Low neural uncertainty	0.15677565286749165
2	675	High neural uncertainty	0.18217165265788018
2	675	Low neural uncertainty	0.16160453238532335
2	676	High neural uncertainty	0.1778996908597083
2	676	Low neural uncertainty	0.1632098337533876
2	677	High neural uncertainty	0.17665188845741003
2	677	Low neural uncertainty	0.15970180878990856
2	678	High neural uncertainty	0.1757766606287055
2	678	Low neural uncertainty	0.16000971768885644
2	679	High neural uncertainty	0.17475731744875658
2	679	Low neural uncertainty	0.17010125966048484
2	680	High neural uncertainty	0.17268793988276163
2	680	Low neural uncertainty	0.16582756694527667
2	681	High neural uncertainty	0.18221382305052508
2	681	Low neural uncertainty	0.17220335953036855
2	682	High neural uncertainty	0.1806507445498529
2	682	Low neural uncertainty	0.15993095222533651
2	683	High neural uncertainty	0.17532530067002142
2	683	Low neural uncertainty	0.164472350365479
2	684	High neural uncertainty	0.1854012375484957
2	684	Low neural uncertainty	0.172488205496273
2	685	High neural uncertainty	0.18163090806266138
2	685	Low neural uncertainty	0.16343982828196932
2	686	High neural uncertainty	0.184137733885292
2	686	Low neural uncertainty	0.16507919932258597
2	687	High neural uncertainty	0.1813840222465653
2	687	Low neural uncertainty	0.16582749382068665
2	688	High neural uncertainty	0.17781483332211634
2	688	Low neural uncertainty	0.1586216552299625
2	689	High neural uncertainty	0.18583643204014272
2	689	Low neural uncertainty	0.16088746006160687
2	690	High neural uncertainty	0.177518917472967
2	690	Low neural uncertainty	0.16456497767446784
2	691	High neural uncertainty	0.18727427604133026
2	691	Low neural uncertainty	0.16482750786646005
2	692	High neural uncertainty	0.19123000212411267
2	692	Low neural uncertainty	0.1603099219690137
2	693	High neural uncertainty	0.1776642788436205
2	693	Low neural uncertainty	0.1680534527719495
2	694	High neural uncertainty	0.18103811390610383
2	694	Low neural uncertainty	0.17442785025645838
2	695	High neural uncertainty	0.18122272376183182
2	695	Low neural uncertainty	0.16354798313679628
2	696	High neural uncertainty	0.18966266268874452
2	696	Low neural uncertainty	0.17482580246737747
2	697	High neural uncertainty	0.18420367114686673
2	697	Low neural uncertainty	0.1661264173324814
2	698	High neural uncertainty	0.1832213162812945
2	698	Low neural uncertainty	0.17205497267832032
2	699	High neural uncertainty	0.17906671881609662
2	699	Low neural uncertainty	0.1678131011989623
2	700	High neural uncertainty	0.18260490866885448
2	700	Low neural uncertainty	0.15883514146787553
2	701	High neural uncertainty	0.17515722557863259
2	701	Low neural uncertainty	0.16490738379930406
2	702	High neural uncertainty	0.17274586061577227
2	702	Low neural uncertainty	0.1562068422407008
2	703	High neural uncertainty	0.17505632160253157
2	703	Low neural uncertainty	0.16702896175314355
2	704	High neural uncertainty	0.1757742462311681
2	704	Low neural uncertainty	0.16732502565066967
2	705	High neural uncertainty	0.18857597680618363
2	705	Low neural uncertainty	0.16430300588412536
2	706	High neural uncertainty	0.1775406705912361
2	706	Low neural uncertainty	0.1699985033324493
2	707	High neural uncertainty	0.18234542641211912
2	707	Low neural uncertainty	0.16455676945611955
2	708	High neural uncertainty	0.18057331217461473
2	708	Low neural uncertainty	0.16100611636360845
2	709	High neural uncertainty	0.18280478462695107
2	709	Low neural uncertainty	0.16411181323501497
2	710	High neural uncertainty	0.17889455742490837
2	710	Low neural uncertainty	0.16651901514493703
2	711	High neural uncertainty	0.18012724416009654
2	711	Low neural uncertainty	0.1638597265955791
2	712	High neural uncertainty	0.19116504587635133
2	712	Low neural uncertainty	0.17074698561700224
2	713	High neural uncertainty	0.18148423643141798
2	713	Low neural uncertainty	0.17221953490981456
2	714	High neural uncertainty	0.19234969255410467
2	714	Low neural uncertainty	0.16844495781835225
2	715	High neural uncertainty	0.18475988410221075
2	715	Low neural uncertainty	0.16867215963296425
2	716	High neural uncertainty	0.1882130518825148
2	716	Low neural uncertainty	0.16990234580079644
2	717	High neural uncertainty	0.17665348847257667
2	717	Low neural uncertainty	0.16607059567416818
2	718	High neural uncertainty	0.192840275295774
2	718	Low neural uncertainty	0.16314449359571928
2	719	High neural uncertainty	0.17269179178758856
2	719	Low neural uncertainty	0.16223440468612507
2	720	High neural uncertainty	0.18727161056729488
2	720	Low neural uncertainty	0.16835582778561917
2	721	High neural uncertainty	0.18033438695866566
2	721	Low neural uncertainty	0.160643855436615
2	722	High neural uncertainty	0.17917351986816146
2	722	Low neural uncertainty	0.16811338983389587
2	723	High neural uncertainty	0.17860778470291475
2	723	Low neural uncertainty	0.1627098288795209
2	724	High neural uncertainty	0.18310538772021878
2	724	Low neural uncertainty	0.17245767464372402
2	725	High neural uncertainty	0.18481679199856602
2	725	Low neural uncertainty	0.16252666123254486
2	726	High neural uncertainty	0.18515635848659545
2	726	Low neural uncertainty	0.16049760766940535
2	727	High neural uncertainty	0.18951463850836087
2	727	Low neural uncertainty	0.1665103666872502
2	728	High neural uncertainty	0.17890622112476057
2	728	Low neural uncertainty	0.16578548479011357
2	729	High neural uncertainty	0.17184191794000786
2	729	Low neural uncertainty	0.16116451331441625
2	730	High neural uncertainty	0.18552546156796026
2	730	Low neural uncertainty	0.16590988180327348
2	731	High neural uncertainty	0.177306572357543
2	731	Low neural uncertainty	0.16519948594982065
2	732	High neural uncertainty	0.17976367091512285
2	732	Low neural uncertainty	0.1712368528669844
2	733	High neural uncertainty	0.187076320918586
2	733	Low neural uncertainty	0.16745869686831455
2	734	High neural uncertainty	0.18042409443134885
2	734	Low neural uncertainty	0.15910953808715012
2	735	High neural uncertainty	0.1834596265402371
2	735	Low neural uncertainty	0.1663142129860657
2	736	High neural uncertainty	0.17952032893479652
2	736	Low neural uncertainty	0.16414289856579398
2	737	High neural uncertainty	0.18640415904670876
2	737	Low neural uncertainty	0.17167944678571515
2	738	High neural uncertainty	0.17490699792002481
2	738	Low neural uncertainty	0.1687381503158251
2	739	High neural uncertainty	0.18104709623765783
2	739	Low neural uncertainty	0.16430929363614444
2	740	High neural uncertainty	0.18160905408380187
2	740	Low neural uncertainty	0.17189258738676433
2	741	High neural uncertainty	0.17954239732212499
2	741	Low neural uncertainty	0.16397701275183726
2	742	High neural uncertainty	0.18642878292471204
2	742	Low neural uncertainty	0.16428237252072173
2	743	High neural uncertainty	0.17575794756221594
2	743	Low neural uncertainty	0.16007821806603065
2	744	High neural uncertainty	0.1826391921448071
2	744	Low neural uncertainty	0.16595796941148988
2	745	High neural uncertainty	0.17636373258009236
2	745	Low neural uncertainty	0.15882514089709399
2	746	High neural uncertainty	0.18318145464442412
2	746	Low neural uncertainty	0.17661678564758226
2	747	High neural uncertainty	0.18233465224456358
2	747	Low neural uncertainty	0.15981233720838336
2	748	High neural uncertainty	0.18767883082087047
2	748	Low neural uncertainty	0.1722458755122787
2	749	High neural uncertainty	0.17525032293615583
2	749	Low neural uncertainty	0.16193874314613574
2	750	High neural uncertainty	0.183187999221786
2	750	Low neural uncertainty	0.16423374053722906
2	751	High neural uncertainty	0.1780421048212039
2	751	Low neural uncertainty	0.16474787112059244
2	752	High neural uncertainty	0.19280338183390958
2	752	Low neural uncertainty	0.16976496038799851
2	753	High neural uncertainty	0.18557134770702366
2	753	Low neural uncertainty	0.16637075938193097
2	754	High neural uncertainty	0.1812307848821827
2	754	Low neural uncertainty	0.16387005419770734
2	755	High neural uncertainty	0.17701341895019496
2	755	Low neural uncertainty	0.16608827559998465
2	756	High neural uncertainty	0.17699834105498732
2	756	Low neural uncertainty	0.1600929914271991
2	757	High neural uncertainty	0.17488085411918922
2	757	Low neural uncertainty	0.16360907159334473
2	758	High neural uncertainty	0.17346370539069772
2	758	Low neural uncertainty	0.16098589485840653
2	759	High neural uncertainty	0.1864696127636558
2	759	Low neural uncertainty	0.16736321435151383
2	760	High neural uncertainty	0.179028616804101
2	760	Low neural uncertainty	0.1609668765274246
2	761	High neural uncertainty	0.18167767283781672
2	761	Low neural uncertainty	0.16943528111165923
2	762	High neural uncertainty	0.18208319780285168
2	762	Low neural uncertainty	0.16583804439889357
2	763	High neural uncertainty	0.17357748187856611
2	763	Low neural uncertainty	0.1655537531802381
2	764	High neural uncertainty	0.17443064463209138
2	764	Low neural uncertainty	0.1655660175355266
2	765	High neural uncertainty	0.17633341055229523
2	765	Low neural uncertainty	0.15865279465582297
2	766	High neural uncertainty	0.1765228348088047
2	766	Low neural uncertainty	0.1703234357507506
2	767	High neural uncertainty	0.17581365559745105
2	767	Low neural uncertainty	0.16868181108196023
2	768	High neural uncertainty	0.18367107725588502
2	768	Low neural uncertainty	0.16070764463464607
2	769	High neural uncertainty	0.18432379169084126
2	769	Low neural uncertainty	0.1628628389058389
2	770	High neural uncertainty	0.17592254886275457
2	770	Low neural uncertainty	0.1598142202385266
2	771	High neural uncertainty	0.18263798423600705
2	771	Low neural uncertainty	0.16564011370759585
2	772	High neural uncertainty	0.1823641312320692
2	772	Low neural uncertainty	0.16014556902368368
2	773	High neural uncertainty	0.18028967876905747
2	773	Low neural uncertainty	0.1603482716372226
2	774	High neural uncertainty	0.18091170339555385
2	774	Low neural uncertainty	0.1632909007215606
2	775	High neural uncertainty	0.18506581612068165
2	775	Low neural uncertainty	0.16688105977013176
2	776	High neural uncertainty	0.18587696518109
2	776	Low neural uncertainty	0.16302213749336003
2	777	High neural uncertainty	0.18101197460472865
2	777	Low neural uncertainty	0.16673004909381095
2	778	High neural uncertainty	0.17625144114670324
2	778	Low neural uncertainty	0.16362716561230736
2	779	High neural uncertainty	0.17621117812918255
2	779	Low neural uncertainty	0.1580156971268429
2	780	High neural uncertainty	0.17897729460109077
2	780	Low neural uncertainty	0.16192587211126808
2	781	High neural uncertainty	0.17990295591468838
2	781	Low neural uncertainty	0.1606865294429515
2	782	High neural uncertainty	0.18685828922135933
2	782	Low neural uncertainty	0.164125618953102
2	783	High neural uncertainty	0.18372651832198084
2	783	Low neural uncertainty	0.16651683522075084
2	784	High neural uncertainty	0.18031505441951887
2	784	Low neural uncertainty	0.16508553825048214
2	785	High neural uncertainty	0.17876967668278496
2	785	Low neural uncertainty	0.15857990812682016
2	786	High neural uncertainty	0.16978494549770837
2	786	Low neural uncertainty	0.162730473708038
2	787	High neural uncertainty	0.18080933775352698
2	787	Low neural uncertainty	0.15837516180763148
2	788	High neural uncertainty	0.17976408379743775
2	788	Low neural uncertainty	0.170003523115376
2	789	High neural uncertainty	0.1828171782836818
2	789	Low neural uncertainty	0.158774727183481
2	790	High neural uncertainty	0.1815242489849019
2	790	Low neural uncertainty	0.16300020249902666
2	791	High neural uncertainty	0.17598151836176373
2	791	Low neural uncertainty	0.15753982028574776
2	792	High neural uncertainty	0.1816545806988028
2	792	Low neural uncertainty	0.17242172541432568
2	793	High neural uncertainty	0.1835433315817916
2	793	Low neural uncertainty	0.15856363776848795
2	794	High neural uncertainty	0.177345720512062
2	794	Low neural uncertainty	0.16500945195869784
2	795	High neural uncertainty	0.17868328304990957
2	795	Low neural uncertainty	0.1646326224472821
2	796	High neural uncertainty	0.18134593350442724
2	796	Low neural uncertainty	0.15950752121708447
2	797	High neural uncertainty	0.18260983002551023
2	797	Low neural uncertainty	0.167603509607552
2	798	High neural uncertainty	0.18382059479210847
2	798	Low neural uncertainty	0.16265987919965003
2	799	High neural uncertainty	0.1801612653648325
2	799	Low neural uncertainty	0.1657326655571682
2	800	High neural uncertainty	0.17658976909460133
2	800	Low neural uncertainty	0.16844016033621148
2	801	High neural uncertainty	0.180809732260415
2	801	Low neural uncertainty	0.17125427260923665
2	802	High neural uncertainty	0.18393820605751013
2	802	Low neural uncertainty	0.16211061340637545
2	803	High neural uncertainty	0.18115366535483676
2	803	Low neural uncertainty	0.16375857008305494
2	804	High neural uncertainty	0.18305305223656518
2	804	Low neural uncertainty	0.1691570206567527
2	805	High neural uncertainty	0.17692246868853087
2	805	Low neural uncertainty	0.1557354524746623
2	806	High neural uncertainty	0.17792679797404545
2	806	Low neural uncertainty	0.162419533327187
2	807	High neural uncertainty	0.1804046558385915
2	807	Low neural uncertainty	0.16228591570262263
2	808	High neural uncertainty	0.1790217663312815
2	808	Low neural uncertainty	0.16815285613358252
2	809	High neural uncertainty	0.17721372297666377
2	809	Low neural uncertainty	0.1611671312834449
2	810	High neural uncertainty	0.18168850271906117
2	810	Low neural uncertainty	0.16416006994967092
2	811	High neural uncertainty	0.17825968416441926
2	811	Low neural uncertainty	0.1635074553822472
2	812	High neural uncertainty	0.17776983297902732
2	812	Low neural uncertainty	0.1680549092796833
2	813	High neural uncertainty	0.18324478514662895
2	813	Low neural uncertainty	0.17064142793002926
2	814	High neural uncertainty	0.17863734044345206
2	814	Low neural uncertainty	0.16339620988185216
2	815	High neural uncertainty	0.1789002243870399
2	815	Low neural uncertainty	0.1612225170726546
2	816	High neural uncertainty	0.17702953057760162
2	816	Low neural uncertainty	0.1647055127895621
2	817	High neural uncertainty	0.1848847103079322
2	817	Low neural uncertainty	0.165300103749923
2	818	High neural uncertainty	0.18357734833334435
2	818	Low neural uncertainty	0.16277903268318253
2	819	High neural uncertainty	0.1836027127449391
2	819	Low neural uncertainty	0.1682311504514858
2	820	High neural uncertainty	0.1767953483618827
2	820	Low neural uncertainty	0.16111979196732784
2	821	High neural uncertainty	0.18239608601994095
2	821	Low neural uncertainty	0.17013191631186894
2	822	High neural uncertainty	0.18653675399762545
2	822	Low neural uncertainty	0.168785419196424
2	823	High neural uncertainty	0.1718408456403537
2	823	Low neural uncertainty	0.16458276812949232
2	824	High neural uncertainty	0.17191361271697586
2	824	Low neural uncertainty	0.1509615726909898
2	825	High neural uncertainty	0.18164786964942173
2	825	Low neural uncertainty	0.16517849293812809
2	826	High neural uncertainty	0.1860590239266718
2	826	Low neural uncertainty	0.17017997427582598
2	827	High neural uncertainty	0.18378066082741507
2	827	Low neural uncertainty	0.1680669588007293
2	828	High neural uncertainty	0.17413502055845953
2	828	Low neural uncertainty	0.15987557433726893
2	829	High neural uncertainty	0.18186434148252711
2	829	Low neural uncertainty	0.16768254850346237
2	830	High neural uncertainty	0.18055944395029835
2	830	Low neural uncertainty	0.16585955880655348
2	831	High neural uncertainty	0.17310658740416876
2	831	Low neural uncertainty	0.1715845551859268
2	832	High neural uncertainty	0.18616474631131447
2	832	Low neural uncertainty	0.16616213446907155
2	833	High neural uncertainty	0.18087468095304224
2	833	Low neural uncertainty	0.1668135277994728
2	834	High neural uncertainty	0.17778833395752225
2	834	Low neural uncertainty	0.17053006485465524
2	835	High neural uncertainty	0.18170047296875033
2	835	Low neural uncertainty	0.1665290314673227
2	836	High neural uncertainty	0.17947660715862304
2	836	Low neural uncertainty	0.17715492181782339
2	837	High neural uncertainty	0.17761524293231826
2	837	Low neural uncertainty	0.15939459886271162
2	838	High neural uncertainty	0.18299425270410202
2	838	Low neural uncertainty	0.16965729293377338
2	839	High neural uncertainty	0.18365778521585135
2	839	Low neural uncertainty	0.16441781491624252
2	840	High neural uncertainty	0.17232483720928812
2	840	Low neural uncertainty	0.16293857392357633
2	841	High neural uncertainty	0.1814391887833427
2	841	Low neural uncertainty	0.1614063535413931
2	842	High neural uncertainty	0.18158469524144308
2	842	Low neural uncertainty	0.1686229016625014
2	843	High neural uncertainty	0.1821052348223964
2	843	Low neural uncertainty	0.17155129903362876
2	844	High neural uncertainty	0.1859924606698167
2	844	Low neural uncertainty	0.16451547965887237
2	845	High neural uncertainty	0.18035813456269004
2	845	Low neural uncertainty	0.16740874236986572
2	846	High neural uncertainty	0.18146269158790282
2	846	Low neural uncertainty	0.1669088243704129
2	847	High neural uncertainty	0.1825536019444498
2	847	Low neural uncertainty	0.16330830706101127
2	848	High neural uncertainty	0.18254663642443617
2	848	Low neural uncertainty	0.1646381383662933
2	849	High neural uncertainty	0.18182578950912134
2	849	Low neural uncertainty	0.16604336538531436
2	850	High neural uncertainty	0.18820694877323682
2	850	Low neural uncertainty	0.1716367032968656
2	851	High neural uncertainty	0.18172934440346655
2	851	Low neural uncertainty	0.17070098759060814
2	852	High neural uncertainty	0.18145128115053624
2	852	Low neural uncertainty	0.16945584879798697
2	853	High neural uncertainty	0.17695285338683334
2	853	Low neural uncertainty	0.16042609563955684
2	854	High neural uncertainty	0.1818082558675612
2	854	Low neural uncertainty	0.16342076165649777
2	855	High neural uncertainty	0.17994285578101557
2	855	Low neural uncertainty	0.165989365334776
2	856	High neural uncertainty	0.1803333371486249
2	856	Low neural uncertainty	0.16294808170652983
2	857	High neural uncertainty	0.17786938838713617
2	857	Low neural uncertainty	0.15957926307727902
2	858	High neural uncertainty	0.18056212665254237
2	858	Low neural uncertainty	0.16626279299622684
2	859	High neural uncertainty	0.1753767358593573
2	859	Low neural uncertainty	0.17119535761160437
2	860	High neural uncertainty	0.1764343952328827
2	860	Low neural uncertainty	0.16698549691570033
2	861	High neural uncertainty	0.1791037336671542
2	861	Low neural uncertainty	0.16575757873726288
2	862	High neural uncertainty	0.1875652736942343
2	862	Low neural uncertainty	0.1581383717310176
2	863	High neural uncertainty	0.1740514240849957
2	863	Low neural uncertainty	0.1666343751697156
2	864	High neural uncertainty	0.17474715932066168
2	864	Low neural uncertainty	0.16642051003057892
2	865	High neural uncertainty	0.17991871795609302
2	865	Low neural uncertainty	0.15978498763770965
2	866	High neural uncertainty	0.18061569867236504
2	866	Low neural uncertainty	0.16329394228284774
2	867	High neural uncertainty	0.18142862247722014
2	867	Low neural uncertainty	0.16785745361009274
2	868	High neural uncertainty	0.17686133757200043
2	868	Low neural uncertainty	0.16184431382076342
2	869	High neural uncertainty	0.17907995543053593
2	869	Low neural uncertainty	0.16490875994828136
2	870	High neural uncertainty	0.18006116825500484
2	870	Low neural uncertainty	0.16824115228171901
2	871	High neural uncertainty	0.18226741410949304
2	871	Low neural uncertainty	0.1677364325502956
2	872	High neural uncertainty	0.1911553570292797
2	872	Low neural uncertainty	0.16608261929743598
2	873	High neural uncertainty	0.17723741741378535
2	873	Low neural uncertainty	0.17003458172357072
2	874	High neural uncertainty	0.18178938975924508
2	874	Low neural uncertainty	0.16902728370966338
2	875	High neural uncertainty	0.18476754688771496
2	875	Low neural uncertainty	0.1654140012644773
2	876	High neural uncertainty	0.1802401240831169
2	876	Low neural uncertainty	0.16447223112281822
2	877	High neural uncertainty	0.17769260298281203
2	877	Low neural uncertainty	0.15696259450158806
2	878	High neural uncertainty	0.17515215114532445
2	878	Low neural uncertainty	0.1638294609310927
2	879	High neural uncertainty	0.18207237720777011
2	879	Low neural uncertainty	0.15633027557885093
2	880	High neural uncertainty	0.18386501773284997
2	880	Low neural uncertainty	0.16448563101498972
2	881	High neural uncertainty	0.18164252914787987
2	881	Low neural uncertainty	0.16476851417572197
2	882	High neural uncertainty	0.18148706808921644
2	882	Low neural uncertainty	0.17027742578342078
2	883	High neural uncertainty	0.17514017354583852
2	883	Low neural uncertainty	0.1692012237200166
2	884	High neural uncertainty	0.1742267130916494
2	884	Low neural uncertainty	0.17341048963248834
2	885	High neural uncertainty	0.17694038215065333
2	885	Low neural uncertainty	0.16929886792557977
2	886	High neural uncertainty	0.18265880366028886
2	886	Low neural uncertainty	0.16602075556343193
2	887	High neural uncertainty	0.18139977581398795
2	887	Low neural uncertainty	0.16770867932911637
2	888	High neural uncertainty	0.1895143326806269
2	888	Low neural uncertainty	0.17050019603129377
2	889	High neural uncertainty	0.18784893688428542
2	889	Low neural uncertainty	0.1657151632419899
2	890	High neural uncertainty	0.18430272369148187
2	890	Low neural uncertainty	0.1621935241273966
2	891	High neural uncertainty	0.18129038925339183
2	891	Low neural uncertainty	0.16049442649408394
2	892	High neural uncertainty	0.18319588901145561
2	892	Low neural uncertainty	0.1677749942177094
2	893	High neural uncertainty	0.1782983793970793
2	893	Low neural uncertainty	0.16674162866497497
2	894	High neural uncertainty	0.18772178920906465
2	894	Low neural uncertainty	0.16095695676181754
2	895	High neural uncertainty	0.18647131309752568
2	895	Low neural uncertainty	0.1654807824879627
2	896	High neural uncertainty	0.18237769569055934
2	896	Low neural uncertainty	0.15996005094027999
2	897	High neural uncertainty	0.18718442545285463
2	897	Low neural uncertainty	0.1697743192886141
2	898	High neural uncertainty	0.1846321779678502
2	898	Low neural uncertainty	0.16991355680640027
2	899	High neural uncertainty	0.1776069517091218
2	899	Low neural uncertainty	0.16130630537492502
2	900	High neural uncertainty	0.1793298693481825
2	900	Low neural uncertainty	0.16375926828834886
2	901	High neural uncertainty	0.17950681648970315
2	901	Low neural uncertainty	0.16919522396666867
2	902	High neural uncertainty	0.18377716181670062
2	902	Low neural uncertainty	0.1680654673968996
2	903	High neural uncertainty	0.17873098611777077
2	903	Low neural uncertainty	0.16941866715655682
2	904	High neural uncertainty	0.1853530027774483
2	904	Low neural uncertainty	0.16105118954283296
2	905	High neural uncertainty	0.17910776319083632
2	905	Low neural uncertainty	0.16809310350691478
2	906	High neural uncertainty	0.1892223272540709
2	906	Low neural uncertainty	0.17031165335965714
2	907	High neural uncertainty	0.1824909297030181
2	907	Low neural uncertainty	0.1711099526568769
2	908	High neural uncertainty	0.18680609915991025
2	908	Low neural uncertainty	0.1676831553200445
2	909	High neural uncertainty	0.18125306346653067
2	909	Low neural uncertainty	0.16230511753928292
2	910	High neural uncertainty	0.1752669744443932
2	910	Low neural uncertainty	0.15491036015822465
2	911	High neural uncertainty	0.18877840244489738
2	911	Low neural uncertainty	0.16888068021665956
2	912	High neural uncertainty	0.17802909842207892
2	912	Low neural uncertainty	0.16445740793539892
2	913	High neural uncertainty	0.18330067903471223
2	913	Low neural uncertainty	0.15988641708181558
2	914	High neural uncertainty	0.18708028336333268
2	914	Low neural uncertainty	0.17147705910500893
2	915	High neural uncertainty	0.17161317933942052
2	915	Low neural uncertainty	0.16796692994810913
2	916	High neural uncertainty	0.17415123884713835
2	916	Low neural uncertainty	0.1624134625953861
2	917	High neural uncertainty	0.176776956984479
2	917	Low neural uncertainty	0.16954723810752778
2	918	High neural uncertainty	0.18424222162778237
2	918	Low neural uncertainty	0.16272375665616282
2	919	High neural uncertainty	0.18115088450149192
2	919	Low neural uncertainty	0.16707906255953098
2	920	High neural uncertainty	0.1772811080955197
2	920	Low neural uncertainty	0.16149494378497914
2	921	High neural uncertainty	0.17571479218132663
2	921	Low neural uncertainty	0.1653642052730478
2	922	High neural uncertainty	0.18086330903807157
2	922	Low neural uncertainty	0.16292028053072968
2	923	High neural uncertainty	0.18370492113577988
2	923	Low neural uncertainty	0.16245461917157208
2	924	High neural uncertainty	0.17803595609867245
2	924	Low neural uncertainty	0.16518641087520022
2	925	High neural uncertainty	0.17916433092510647
2	925	Low neural uncertainty	0.1632223223182281
2	926	High neural uncertainty	0.17897172846634637
2	926	Low neural uncertainty	0.1620962621689204
2	927	High neural uncertainty	0.16575233086492425
2	927	Low neural uncertainty	0.1531376540160909
2	928	High neural uncertainty	0.18651119280042427
2	928	Low neural uncertainty	0.17412675850290477
2	929	High neural uncertainty	0.18186052768691532
2	929	Low neural uncertainty	0.17055285342421717
2	930	High neural uncertainty	0.17676924669077015
2	930	Low neural uncertainty	0.1691190508575606
2	931	High neural uncertainty	0.18033061954496293
2	931	Low neural uncertainty	0.16352536109431715
2	932	High neural uncertainty	0.1815081379879941
2	932	Low neural uncertainty	0.1676727802324354
2	933	High neural uncertainty	0.18832470871052634
2	933	Low neural uncertainty	0.16941867234356325
2	934	High neural uncertainty	0.18582879446809764
2	934	Low neural uncertainty	0.16799681682429138
2	935	High neural uncertainty	0.18123163740354561
2	935	Low neural uncertainty	0.16335981483748485
2	936	High neural uncertainty	0.1817922508523463
2	936	Low neural uncertainty	0.15812154994664332
2	937	High neural uncertainty	0.17701473841047685
2	937	Low neural uncertainty	0.16301476573496254
2	938	High neural uncertainty	0.18253606628472305
2	938	Low neural uncertainty	0.16904691570140137
2	939	High neural uncertainty	0.1806336470968492
2	939	Low neural uncertainty	0.16094897226340277
2	940	High neural uncertainty	0.18894388400649725
2	940	Low neural uncertainty	0.16852301514194493
2	941	High neural uncertainty	0.17570687524213874
2	941	Low neural uncertainty	0.1643136157146934
2	942	High neural uncertainty	0.1788712492118841
2	942	Low neural uncertainty	0.16377305145022267
2	943	High neural uncertainty	0.18362040257598297
2	943	Low neural uncertainty	0.16956120927902438
2	944	High neural uncertainty	0.18313009861291227
2	944	Low neural uncertainty	0.1666529409932987
2	945	High neural uncertainty	0.17854494800928278
2	945	Low neural uncertainty	0.16481979326555513
2	946	High neural uncertainty	0.18305997228141216
2	946	Low neural uncertainty	0.1692767623856924
2	947	High neural uncertainty	0.180397550457488
2	947	Low neural uncertainty	0.16484815884520276
2	948	High neural uncertainty	0.17342596914004463
2	948	Low neural uncertainty	0.16392488524700352
2	949	High neural uncertainty	0.18256435433235446
2	949	Low neural uncertainty	0.16720084063492918
2	950	High neural uncertainty	0.18657087205439862
2	950	Low neural uncertainty	0.16341888447176509
2	951	High neural uncertainty	0.1844867403848337
2	951	Low neural uncertainty	0.16537385721691958
2	952	High neural uncertainty	0.1830207937841849
2	952	Low neural uncertainty	0.16026884563058943
2	953	High neural uncertainty	0.18638736585838633
2	953	Low neural uncertainty	0.16530630626484744
2	954	High neural uncertainty	0.17907370555704824
2	954	Low neural uncertainty	0.16116653601908718
2	955	High neural uncertainty	0.18566264826341247
2	955	Low neural uncertainty	0.15943959081576822
2	956	High neural uncertainty	0.18419907213898615
2	956	Low neural uncertainty	0.15947374907614473
2	957	High neural uncertainty	0.17939412092660953
2	957	Low neural uncertainty	0.1630082937490119
2	958	High neural uncertainty	0.18527132066564395
2	958	Low neural uncertainty	0.1649141754126728
2	959	High neural uncertainty	0.18241726822297075
2	959	Low neural uncertainty	0.16808421182640365
2	960	High neural uncertainty	0.17587789840026746
2	960	Low neural uncertainty	0.1649416503558683
2	961	High neural uncertainty	0.1810419562204635
2	961	Low neural uncertainty	0.15579312066995385
2	962	High neural uncertainty	0.17993717056345285
2	962	Low neural uncertainty	0.16099899224118278
2	963	High neural uncertainty	0.17912500974982992
2	963	Low neural uncertainty	0.16532372955638552
2	964	High neural uncertainty	0.18907764278517164
2	964	Low neural uncertainty	0.16003722175070537
2	965	High neural uncertainty	0.1853988690918862
2	965	Low neural uncertainty	0.16521622244973197
2	966	High neural uncertainty	0.174582584855384
2	966	Low neural uncertainty	0.17420828947960396
2	967	High neural uncertainty	0.1868658338627609
2	967	Low neural uncertainty	0.16378216874652357
2	968	High neural uncertainty	0.18204208442837252
2	968	Low neural uncertainty	0.16288806081341708
2	969	High neural uncertainty	0.19144266911780622
2	969	Low neural uncertainty	0.16306568897400553
2	970	High neural uncertainty	0.1816784891990039
2	970	Low neural uncertainty	0.1616517162934444
2	971	High neural uncertainty	0.18127456792950858
2	971	Low neural uncertainty	0.16917806921616732
2	972	High neural uncertainty	0.1822215344885431
2	972	Low neural uncertainty	0.16577640658924445
2	973	High neural uncertainty	0.18124498075639828
2	973	Low neural uncertainty	0.17051341229829742
2	974	High neural uncertainty	0.18150402426264617
2	974	Low neural uncertainty	0.1672283824672758
2	975	High neural uncertainty	0.17945358527987237
2	975	Low neural uncertainty	0.16662595915451223
2	976	High neural uncertainty	0.18331705658410044
2	976	Low neural uncertainty	0.16651804065716427
2	977	High neural uncertainty	0.18322474579563605
2	977	Low neural uncertainty	0.1559997145335413
2	978	High neural uncertainty	0.17951553934075853
2	978	Low neural uncertainty	0.16321302393534282
2	979	High neural uncertainty	0.18921904222491026
2	979	Low neural uncertainty	0.1696277431168157
2	980	High neural uncertainty	0.18728597517967016
2	980	Low neural uncertainty	0.1735615836608679
2	981	High neural uncertainty	0.17868744769439404
2	981	Low neural uncertainty	0.16472138969941283
2	982	High neural uncertainty	0.1814905309112924
2	982	Low neural uncertainty	0.16050453751690028
2	983	High neural uncertainty	0.17667142864603175
2	983	Low neural uncertainty	0.16167187848067383
2	984	High neural uncertainty	0.18271756371583306
2	984	Low neural uncertainty	0.16308845414216974
2	985	High neural uncertainty	0.18142830969042892
2	985	Low neural uncertainty	0.15886473294113285
2	986	High neural uncertainty	0.18281595065496278
2	986	Low neural uncertainty	0.16677835288799103
2	987	High neural uncertainty	0.18420928357019908
2	987	Low neural uncertainty	0.17843419286036322
2	988	High neural uncertainty	0.17991387232949674
2	988	Low neural uncertainty	0.1638304708253995
2	989	High neural uncertainty	0.18097357638027572
2	989	Low neural uncertainty	0.16284152495808207
2	990	High neural uncertainty	0.18050541420215319
2	990	Low neural uncertainty	0.1638957908450288
2	991	High neural uncertainty	0.18481921588614902
2	991	Low neural uncertainty	0.15965491237755453
2	992	High neural uncertainty	0.1797059452631307
2	992	Low neural uncertainty	0.16431544249619445
2	993	High neural uncertainty	0.1851266685927997
2	993	Low neural uncertainty	0.16189277606033717
2	994	High neural uncertainty	0.1831348587452776
2	994	Low neural uncertainty	0.16782799652905317
2	995	High neural uncertainty	0.18457898983375554
2	995	Low neural uncertainty	0.16815253482876985
2	996	High neural uncertainty	0.16968329923326597
2	996	Low neural uncertainty	0.1604204495144024
2	997	High neural uncertainty	0.18233944100073757
2	997	Low neural uncertainty	0.1711282601348124
2	998	High neural uncertainty	0.17551950638209218
2	998	Low neural uncertainty	0.16364095137595686
2	999	High neural uncertainty	0.17819680463211796
2	999	Low neural uncertainty	0.16550969176418484
3	0	High neural uncertainty	0.18022511229710236
3	0	Low neural uncertainty	0.1695159816645415
3	1	High neural uncertainty	0.18526984193389853
3	1	Low neural uncertainty	0.1679004568390389
3	2	High neural uncertainty	0.17601593267057294
3	2	Low neural uncertainty	0.16796437619361312
3	3	High neural uncertainty	0.17610571994633725
3	3	Low neural uncertainty	0.1594433731634937
3	4	High neural uncertainty	0.18286594425672692
3	4	Low neural uncertainty	0.16148516637324542
3	5	High neural uncertainty	0.18605010554471052
3	5	Low neural uncertainty	0.16282244455830058
3	6	High neural uncertainty	0.18517447220781824
3	6	Low neural uncertainty	0.16435002361470888
3	7	High neural uncertainty	0.17947995945061337
3	7	Low neural uncertainty	0.16132267232596298
3	8	High neural uncertainty	0.18533117875115104
3	8	Low neural uncertainty	0.16543875430399352
3	9	High neural uncertainty	0.17343980580193197
3	9	Low neural uncertainty	0.15976721936290544
3	10	High neural uncertainty	0.18351018278629613
3	10	Low neural uncertainty	0.16628853772840324
3	11	High neural uncertainty	0.1817994293398693
3	11	Low neural uncertainty	0.16004282894277003
3	12	High neural uncertainty	0.17618718596829516
3	12	Low neural uncertainty	0.16191164234009167
3	13	High neural uncertainty	0.17841133652197974
3	13	Low neural uncertainty	0.16711185532993209
3	14	High neural uncertainty	0.1767379109388471
3	14	Low neural uncertainty	0.16308242625918268
3	15	High neural uncertainty	0.17927915823351295
3	15	Low neural uncertainty	0.16510644400991054
3	16	High neural uncertainty	0.18121794807659727
3	16	Low neural uncertainty	0.16774849293828034
3	17	High neural uncertainty	0.17792094148969326
3	17	Low neural uncertainty	0.1644526844353322
3	18	High neural uncertainty	0.18480160913200497
3	18	Low neural uncertainty	0.17691212614981702
3	19	High neural uncertainty	0.18391676392808964
3	19	Low neural uncertainty	0.162757492639797
3	20	High neural uncertainty	0.17803752915527554
3	20	Low neural uncertainty	0.1611050654304355
3	21	High neural uncertainty	0.1833557069204468
3	21	Low neural uncertainty	0.1623673229780189
3	22	High neural uncertainty	0.17833639234748663
3	22	Low neural uncertainty	0.16105605830101508
3	23	High neural uncertainty	0.18015930586256998
3	23	Low neural uncertainty	0.15783640089312664
3	24	High neural uncertainty	0.17800445464320622
3	24	Low neural uncertainty	0.16416069464212885
3	25	High neural uncertainty	0.1763987176216066
3	25	Low neural uncertainty	0.16255380282541396
3	26	High neural uncertainty	0.17690372338190108
3	26	Low neural uncertainty	0.16789457628313584
3	27	High neural uncertainty	0.17289501232742524
3	27	Low neural uncertainty	0.15881577099235838
3	28	High neural uncertainty	0.17755060787388346
3	28	Low neural uncertainty	0.16482579037774428
3	29	High neural uncertainty	0.18121000604337859
3	29	Low neural uncertainty	0.16050475388054644
3	30	High neural uncertainty	0.1781023592264253
3	30	Low neural uncertainty	0.16139565684897864
3	31	High neural uncertainty	0.18310373684674214
3	31	Low neural uncertainty	0.174599105322642
3	32	High neural uncertainty	0.17980313092735276
3	32	Low neural uncertainty	0.1663728530647083
3	33	High neural uncertainty	0.17855753688346565
3	33	Low neural uncertainty	0.16552527113049575
3	34	High neural uncertainty	0.17508903700205758
3	34	Low neural uncertainty	0.16934769810280742
3	35	High neural uncertainty	0.18312414831266452
3	35	Low neural uncertainty	0.170421846341039
3	36	High neural uncertainty	0.1781058115089077
3	36	Low neural uncertainty	0.17294834189434724
3	37	High neural uncertainty	0.1753206770264006
3	37	Low neural uncertainty	0.16369821879115198
3	38	High neural uncertainty	0.19082569116788498
3	38	Low neural uncertainty	0.1715398483068047
3	39	High neural uncertainty	0.1763213890986953
3	39	Low neural uncertainty	0.16960129433669313
3	40	High neural uncertainty	0.1750905548402509
3	40	Low neural uncertainty	0.1573495321497332
3	41	High neural uncertainty	0.184106530257638
3	41	Low neural uncertainty	0.17558891445611588
3	42	High neural uncertainty	0.1925173922913656
3	42	Low neural uncertainty	0.16762929366947307
3	43	High neural uncertainty	0.17997606498255145
3	43	Low neural uncertainty	0.16649019838822185
3	44	High neural uncertainty	0.18016579815058395
3	44	Low neural uncertainty	0.16661633597247638
3	45	High neural uncertainty	0.178836402701835
3	45	Low neural uncertainty	0.16141336116482471
3	46	High neural uncertainty	0.18407070764704125
3	46	Low neural uncertainty	0.15813885534299654
3	47	High neural uncertainty	0.1806185106457561
3	47	Low neural uncertainty	0.169507121229968
3	48	High neural uncertainty	0.18225049989841047
3	48	Low neural uncertainty	0.16639179322182643
3	49	High neural uncertainty	0.1813846233327962
3	49	Low neural uncertainty	0.16676688239231907
3	50	High neural uncertainty	0.1838030497026373
3	50	Low neural uncertainty	0.16545833737767637
3	51	High neural uncertainty	0.17758038413436195
3	51	Low neural uncertainty	0.16062111906977827
3	52	High neural uncertainty	0.17402861275010328
3	52	Low neural uncertainty	0.16397785171660917
3	53	High neural uncertainty	0.18788755641864732
3	53	Low neural uncertainty	0.15907278221145302
3	54	High neural uncertainty	0.1780892108811898
3	54	Low neural uncertainty	0.1632501989062469
3	55	High neural uncertainty	0.18615160478495252
3	55	Low neural uncertainty	0.16641711629969066
3	56	High neural uncertainty	0.17383962597263666
3	56	Low neural uncertainty	0.16803422154403388
3	57	High neural uncertainty	0.18508180171643532
3	57	Low neural uncertainty	0.15965074105785565
3	58	High neural uncertainty	0.17906106757010062
3	58	Low neural uncertainty	0.16397366565363108
3	59	High neural uncertainty	0.18543404595755103
3	59	Low neural uncertainty	0.16654647128442743
3	60	High neural uncertainty	0.18342841878352437
3	60	Low neural uncertainty	0.1674080001153153
3	61	High neural uncertainty	0.18296055590662902
3	61	Low neural uncertainty	0.1693500258591152
3	62	High neural uncertainty	0.17702688588162446
3	62	Low neural uncertainty	0.16608117323466542
3	63	High neural uncertainty	0.19177609764718925
3	63	Low neural uncertainty	0.16738393400657334
3	64	High neural uncertainty	0.17835393390444276
3	64	Low neural uncertainty	0.1604893500946592
3	65	High neural uncertainty	0.18777595307063977
3	65	Low neural uncertainty	0.1783277797071627
3	66	High neural uncertainty	0.17768110266907955
3	66	Low neural uncertainty	0.1599467575264694
3	67	High neural uncertainty	0.17644201782216207
3	67	Low neural uncertainty	0.16237480023395526
3	68	High neural uncertainty	0.18903249210302142
3	68	Low neural uncertainty	0.1661200546473566
3	69	High neural uncertainty	0.18300662608180368
3	69	Low neural uncertainty	0.1629198650248426
3	70	High neural uncertainty	0.177829131895048
3	70	Low neural uncertainty	0.163345614721137
3	71	High neural uncertainty	0.17725781035092344
3	71	Low neural uncertainty	0.16507336065354067
3	72	High neural uncertainty	0.1821375895404819
3	72	Low neural uncertainty	0.16852389650225233
3	73	High neural uncertainty	0.18268701313837463
3	73	Low neural uncertainty	0.1687226641548058
3	74	High neural uncertainty	0.17866775296827678
3	74	Low neural uncertainty	0.16676424841058826
3	75	High neural uncertainty	0.18430837432603372
3	75	Low neural uncertainty	0.16338026637962194
3	76	High neural uncertainty	0.16901931430789116
3	76	Low neural uncertainty	0.1595943714183741
3	77	High neural uncertainty	0.18164563314194374
3	77	Low neural uncertainty	0.16171156462565997
3	78	High neural uncertainty	0.17647151712575188
3	78	Low neural uncertainty	0.1591073387165803
3	79	High neural uncertainty	0.18563175213704813
3	79	Low neural uncertainty	0.16168774791911203
3	80	High neural uncertainty	0.1810956901910279
3	80	Low neural uncertainty	0.1689463029916952
3	81	High neural uncertainty	0.1846530022414649
3	81	Low neural uncertainty	0.16636629042761603
3	82	High neural uncertainty	0.18569048775785252
3	82	Low neural uncertainty	0.16453454650136695
3	83	High neural uncertainty	0.1786712230075906
3	83	Low neural uncertainty	0.16388059876113723
3	84	High neural uncertainty	0.18913382395025088
3	84	Low neural uncertainty	0.1687426885429661
3	85	High neural uncertainty	0.18165020929159578
3	85	Low neural uncertainty	0.17056327991669729
3	86	High neural uncertainty	0.1828823100089764
3	86	Low neural uncertainty	0.16649309688226796
3	87	High neural uncertainty	0.17343296715991185
3	87	Low neural uncertainty	0.16289828713424778
3	88	High neural uncertainty	0.1783508090384967
3	88	Low neural uncertainty	0.1644012732479512
3	89	High neural uncertainty	0.18181096428794538
3	89	Low neural uncertainty	0.16085508572919494
3	90	High neural uncertainty	0.18447732368979658
3	90	Low neural uncertainty	0.17398581921130482
3	91	High neural uncertainty	0.1821389554944202
3	91	Low neural uncertainty	0.16671009783159488
3	92	High neural uncertainty	0.1803933885359376
3	92	Low neural uncertainty	0.1619014431643204
3	93	High neural uncertainty	0.18749885707140532
3	93	Low neural uncertainty	0.1648519603494342
3	94	High neural uncertainty	0.18600455260743742
3	94	Low neural uncertainty	0.16846107189308845
3	95	High neural uncertainty	0.17108795589600215
3	95	Low neural uncertainty	0.16417779043030248
3	96	High neural uncertainty	0.184368958966253
3	96	Low neural uncertainty	0.1627113082367661
3	97	High neural uncertainty	0.18544988065408374
3	97	Low neural uncertainty	0.17181921184841895
3	98	High neural uncertainty	0.18099175751837568
3	98	Low neural uncertainty	0.16684382669948072
3	99	High neural uncertainty	0.1785932412685475
3	99	Low neural uncertainty	0.16189026860220992
3	100	High neural uncertainty	0.18168055760968124
3	100	Low neural uncertainty	0.16325340921972528
3	101	High neural uncertainty	0.18559623196616404
3	101	Low neural uncertainty	0.15952387867191725
3	102	High neural uncertainty	0.17924374445893856
3	102	Low neural uncertainty	0.16001497679505425
3	103	High neural uncertainty	0.19038923813634623
3	103	Low neural uncertainty	0.16160409947524318
3	104	High neural uncertainty	0.17436589484634438
3	104	Low neural uncertainty	0.16163172358263692
3	105	High neural uncertainty	0.18591391554326336
3	105	Low neural uncertainty	0.15500879186810673
3	106	High neural uncertainty	0.17316448749470517
3	106	Low neural uncertainty	0.1647493331919903
3	107	High neural uncertainty	0.1828143827176949
3	107	Low neural uncertainty	0.1643492842980911
3	108	High neural uncertainty	0.18126924116720883
3	108	Low neural uncertainty	0.16029232815921793
3	109	High neural uncertainty	0.17489434282662042
3	109	Low neural uncertainty	0.16622120038988522
3	110	High neural uncertainty	0.17584107070925695
3	110	Low neural uncertainty	0.16722369015666064
3	111	High neural uncertainty	0.17474551565848295
3	111	Low neural uncertainty	0.15361680813569287
3	112	High neural uncertainty	0.18306520108276458
3	112	Low neural uncertainty	0.16219522872893227
3	113	High neural uncertainty	0.1752941567071102
3	113	Low neural uncertainty	0.16041835757576545
3	114	High neural uncertainty	0.17426458960032132
3	114	Low neural uncertainty	0.15781965230146297
3	115	High neural uncertainty	0.18365675512265647
3	115	Low neural uncertainty	0.1649120339066602
3	116	High neural uncertainty	0.18060308736056432
3	116	Low neural uncertainty	0.1625766726947196
3	117	High neural uncertainty	0.18645351433478405
3	117	Low neural uncertainty	0.16784990218922802
3	118	High neural uncertainty	0.17877131706972157
3	118	Low neural uncertainty	0.16396853818514767
3	119	High neural uncertainty	0.17935739761004213
3	119	Low neural uncertainty	0.17131392757385275
3	120	High neural uncertainty	0.18236519369534684
3	120	Low neural uncertainty	0.16563276578703798
3	121	High neural uncertainty	0.18340604371705224
3	121	Low neural uncertainty	0.1669434404644189
3	122	High neural uncertainty	0.17615723267744615
3	122	Low neural uncertainty	0.16882938048539534
3	123	High neural uncertainty	0.18255296421032757
3	123	Low neural uncertainty	0.16930087735629254
3	124	High neural uncertainty	0.19286257091237471
3	124	Low neural uncertainty	0.16742746839005224
3	125	High neural uncertainty	0.17742936906244602
3	125	Low neural uncertainty	0.16760164680935924
3	126	High neural uncertainty	0.17669040233684535
3	126	Low neural uncertainty	0.160602055763183
3	127	High neural uncertainty	0.17387807825617102
3	127	Low neural uncertainty	0.15881588247077824
3	128	High neural uncertainty	0.17822817151217837
3	128	Low neural uncertainty	0.16460959876901682
3	129	High neural uncertainty	0.1839561779646024
3	129	Low neural uncertainty	0.16297082077452527
3	130	High neural uncertainty	0.18453355228786836
3	130	Low neural uncertainty	0.16359205917523026
3	131	High neural uncertainty	0.18326741247121225
3	131	Low neural uncertainty	0.15814126108208898
3	132	High neural uncertainty	0.1806636777369572
3	132	Low neural uncertainty	0.1639055696238838
3	133	High neural uncertainty	0.1903717209113212
3	133	Low neural uncertainty	0.16972436645375213
3	134	High neural uncertainty	0.17875607769507385
3	134	Low neural uncertainty	0.16107584350674234
3	135	High neural uncertainty	0.18099410255185505
3	135	Low neural uncertainty	0.1611101992415328
3	136	High neural uncertainty	0.1818333717367405
3	136	Low neural uncertainty	0.15940591055432307
3	137	High neural uncertainty	0.17631399348125476
3	137	Low neural uncertainty	0.1672655070296205
3	138	High neural uncertainty	0.180251841682008
3	138	Low neural uncertainty	0.16678265961103642
3	139	High neural uncertainty	0.1780911592594727
3	139	Low neural uncertainty	0.1635505734025761
3	140	High neural uncertainty	0.17986993569536222
3	140	Low neural uncertainty	0.16230022514648093
3	141	High neural uncertainty	0.1876519409173932
3	141	Low neural uncertainty	0.16696030171915327
3	142	High neural uncertainty	0.1813736422098618
3	142	Low neural uncertainty	0.16367683575551178
3	143	High neural uncertainty	0.17945567441597382
3	143	Low neural uncertainty	0.1632067943608798
3	144	High neural uncertainty	0.17285936087260226
3	144	Low neural uncertainty	0.1623878613425512
3	145	High neural uncertainty	0.1756965664631069
3	145	Low neural uncertainty	0.16304219034489778
3	146	High neural uncertainty	0.1898897006834002
3	146	Low neural uncertainty	0.17042998909805193
3	147	High neural uncertainty	0.17722612255438427
3	147	Low neural uncertainty	0.1678173462155399
3	148	High neural uncertainty	0.18457695697854543
3	148	Low neural uncertainty	0.1731433925112122
3	149	High neural uncertainty	0.18293450257791863
3	149	Low neural uncertainty	0.16475068143850966
3	150	High neural uncertainty	0.17681203937584603
3	150	Low neural uncertainty	0.16437316592515863
3	151	High neural uncertainty	0.17826906172228943
3	151	Low neural uncertainty	0.16783320213010539
3	152	High neural uncertainty	0.18572808901150262
3	152	Low neural uncertainty	0.16688761247340905
3	153	High neural uncertainty	0.18321241685511097
3	153	Low neural uncertainty	0.17684513204027472
3	154	High neural uncertainty	0.18357319757432222
3	154	Low neural uncertainty	0.16852991970360692
3	155	High neural uncertainty	0.18742654945677237
3	155	Low neural uncertainty	0.16543085077872077
3	156	High neural uncertainty	0.1829470988956715
3	156	Low neural uncertainty	0.16716882725084845
3	157	High neural uncertainty	0.18266793707934245
3	157	Low neural uncertainty	0.17081415058469987
3	158	High neural uncertainty	0.17437885315550525
3	158	Low neural uncertainty	0.16235634598857274
3	159	High neural uncertainty	0.1800300088663187
3	159	Low neural uncertainty	0.16154922840522368
3	160	High neural uncertainty	0.18385336473884462
3	160	Low neural uncertainty	0.16754430626774816
3	161	High neural uncertainty	0.1835965146406748
3	161	Low neural uncertainty	0.1619996210544712
3	162	High neural uncertainty	0.17878771319678918
3	162	Low neural uncertainty	0.16544169945118795
3	163	High neural uncertainty	0.18608038810185099
3	163	Low neural uncertainty	0.16495005792655704
3	164	High neural uncertainty	0.17898920650325867
3	164	Low neural uncertainty	0.1605695693212125
3	165	High neural uncertainty	0.17929222809477852
3	165	Low neural uncertainty	0.16753593319387075
3	166	High neural uncertainty	0.1785321905910656
3	166	Low neural uncertainty	0.16504398005538493
3	167	High neural uncertainty	0.17967617476041217
3	167	Low neural uncertainty	0.17155803467886024
3	168	High neural uncertainty	0.18419638507109884
3	168	Low neural uncertainty	0.16249159034653995
3	169	High neural uncertainty	0.1841021082737064
3	169	Low neural uncertainty	0.1648677190438414
3	170	High neural uncertainty	0.1716545290528294
3	170	Low neural uncertainty	0.16018517117306783
3	171	High neural uncertainty	0.18672848475145845
3	171	Low neural uncertainty	0.16213180486625267
3	172	High neural uncertainty	0.1797872781930607
3	172	Low neural uncertainty	0.1696128730084187
3	173	High neural uncertainty	0.18223824990527296
3	173	Low neural uncertainty	0.1718849100530328
3	174	High neural uncertainty	0.17871216724656222
3	174	Low neural uncertainty	0.17252510451731826
3	175	High neural uncertainty	0.18302233995859143
3	175	Low neural uncertainty	0.1606605205370918
3	176	High neural uncertainty	0.18074228278173773
3	176	Low neural uncertainty	0.16018810523035795
3	177	High neural uncertainty	0.18695149595422925
3	177	Low neural uncertainty	0.1609751881849239
3	178	High neural uncertainty	0.1872636645821057
3	178	Low neural uncertainty	0.1661208885029672
3	179	High neural uncertainty	0.1824472017098587
3	179	Low neural uncertainty	0.16328221484990285
3	180	High neural uncertainty	0.18954862678950626
3	180	Low neural uncertainty	0.16634377353066665
3	181	High neural uncertainty	0.18761351042988902
3	181	Low neural uncertainty	0.16556545385747273
3	182	High neural uncertainty	0.18458642783777407
3	182	Low neural uncertainty	0.1678787804466033
3	183	High neural uncertainty	0.17401729004656122
3	183	Low neural uncertainty	0.16332964775760744
3	184	High neural uncertainty	0.18306706183221386
3	184	Low neural uncertainty	0.16434425873913067
3	185	High neural uncertainty	0.1884444079425814
3	185	Low neural uncertainty	0.17178632199914806
3	186	High neural uncertainty	0.18207729647527512
3	186	Low neural uncertainty	0.163442973312999
3	187	High neural uncertainty	0.17044203656583634
3	187	Low neural uncertainty	0.15714840247091155
3	188	High neural uncertainty	0.18140521082557454
3	188	Low neural uncertainty	0.16401576110948796
3	189	High neural uncertainty	0.16914756816914223
3	189	Low neural uncertainty	0.15298073802116405
3	190	High neural uncertainty	0.1833565924106432
3	190	Low neural uncertainty	0.17156403469257703
3	191	High neural uncertainty	0.1818215713080673
3	191	Low neural uncertainty	0.1615597418223972
3	192	High neural uncertainty	0.17880909442758502
3	192	Low neural uncertainty	0.1681898082103588
3	193	High neural uncertainty	0.17662183424766298
3	193	Low neural uncertainty	0.1611558129033129
3	194	High neural uncertainty	0.17617520214972301
3	194	Low neural uncertainty	0.16668015685563353
3	195	High neural uncertainty	0.17956964526471303
3	195	Low neural uncertainty	0.1664745705704721
3	196	High neural uncertainty	0.18774243104747315
3	196	Low neural uncertainty	0.17270885660373467
3	197	High neural uncertainty	0.18092376407821376
3	197	Low neural uncertainty	0.17257649284041063
3	198	High neural uncertainty	0.17452890634566842
3	198	Low neural uncertainty	0.16312059631893921
3	199	High neural uncertainty	0.18461126078161172
3	199	Low neural uncertainty	0.16071261155033462
3	200	High neural uncertainty	0.1750918773154376
3	200	Low neural uncertainty	0.15729993584087198
3	201	High neural uncertainty	0.1758399118026604
3	201	Low neural uncertainty	0.163788455142263
3	202	High neural uncertainty	0.1797130127959796
3	202	Low neural uncertainty	0.16019225534416534
3	203	High neural uncertainty	0.18202308186256114
3	203	Low neural uncertainty	0.1709640601027027
3	204	High neural uncertainty	0.17936007375482446
3	204	Low neural uncertainty	0.16228254558117497
3	205	High neural uncertainty	0.18171926218534093
3	205	Low neural uncertainty	0.15839987978777045
3	206	High neural uncertainty	0.1791505667287064
3	206	Low neural uncertainty	0.16362463722311182
3	207	High neural uncertainty	0.179802790971825
3	207	Low neural uncertainty	0.16500768739119948
3	208	High neural uncertainty	0.18601961381483542
3	208	Low neural uncertainty	0.1635055745602941
3	209	High neural uncertainty	0.18398036652708866
3	209	Low neural uncertainty	0.15827670494163323
3	210	High neural uncertainty	0.1787984467442488
3	210	Low neural uncertainty	0.15888756281882818
3	211	High neural uncertainty	0.18909815816014228
3	211	Low neural uncertainty	0.1628898320591989
3	212	High neural uncertainty	0.1809475026666272
3	212	Low neural uncertainty	0.16209139427631417
3	213	High neural uncertainty	0.18367685187030985
3	213	Low neural uncertainty	0.16392795964606305
3	214	High neural uncertainty	0.17713321582148212
3	214	Low neural uncertainty	0.16230843410729148
3	215	High neural uncertainty	0.17929196248375096
3	215	Low neural uncertainty	0.16192228321991353
3	216	High neural uncertainty	0.1791828328009512
3	216	Low neural uncertainty	0.16456971718044844
3	217	High neural uncertainty	0.17468343039926676
3	217	Low neural uncertainty	0.1676908860549673
3	218	High neural uncertainty	0.18184689444652152
3	218	Low neural uncertainty	0.16430406361308103
3	219	High neural uncertainty	0.1815268270540587
3	219	Low neural uncertainty	0.16822769293029008
3	220	High neural uncertainty	0.18025358715621595
3	220	Low neural uncertainty	0.16332753506186598
3	221	High neural uncertainty	0.18124402950206384
3	221	Low neural uncertainty	0.16640997565224674
3	222	High neural uncertainty	0.18035314454024018
3	222	Low neural uncertainty	0.1697811973783926
3	223	High neural uncertainty	0.18576453954871547
3	223	Low neural uncertainty	0.15985735774910867
3	224	High neural uncertainty	0.1818775063826658
3	224	Low neural uncertainty	0.1682465462611766
3	225	High neural uncertainty	0.18492841305845636
3	225	Low neural uncertainty	0.17057639648589154
3	226	High neural uncertainty	0.18324993530072586
3	226	Low neural uncertainty	0.16590761400926535
3	227	High neural uncertainty	0.18046506537453286
3	227	Low neural uncertainty	0.16448394339721054
3	228	High neural uncertainty	0.1889839342299448
3	228	Low neural uncertainty	0.17100545180673143
3	229	High neural uncertainty	0.1853166345289894
3	229	Low neural uncertainty	0.16395952414127002
3	230	High neural uncertainty	0.1789135644976326
3	230	Low neural uncertainty	0.16473161765933156
3	231	High neural uncertainty	0.18247636065028444
3	231	Low neural uncertainty	0.16014276111633777
3	232	High neural uncertainty	0.1806780799060606
3	232	Low neural uncertainty	0.16027595954335347
3	233	High neural uncertainty	0.18784405773012283
3	233	Low neural uncertainty	0.16231983805153247
3	234	High neural uncertainty	0.18908421076235662
3	234	Low neural uncertainty	0.1623290687787173
3	235	High neural uncertainty	0.1744534500932685
3	235	Low neural uncertainty	0.16839239986939603
3	236	High neural uncertainty	0.17481204773644374
3	236	Low neural uncertainty	0.1657739304884499
3	237	High neural uncertainty	0.17880354950709884
3	237	Low neural uncertainty	0.1593798038387085
3	238	High neural uncertainty	0.18552208568701825
3	238	Low neural uncertainty	0.16632242937220945
3	239	High neural uncertainty	0.18091325260360533
3	239	Low neural uncertainty	0.16235930671482549
3	240	High neural uncertainty	0.18983333711478118
3	240	Low neural uncertainty	0.16753192678225468
3	241	High neural uncertainty	0.1699512803555185
3	241	Low neural uncertainty	0.15669704918241203
3	242	High neural uncertainty	0.18567091256453042
3	242	Low neural uncertainty	0.16881774427328855
3	243	High neural uncertainty	0.1793063984162405
3	243	Low neural uncertainty	0.15942855615084467
3	244	High neural uncertainty	0.17468483660263387
3	244	Low neural uncertainty	0.16792616391252996
3	245	High neural uncertainty	0.17937976420409693
3	245	Low neural uncertainty	0.16300335203210406
3	246	High neural uncertainty	0.17640489628496078
3	246	Low neural uncertainty	0.15992055608570382
3	247	High neural uncertainty	0.18314912586696844
3	247	Low neural uncertainty	0.1699268426316875
3	248	High neural uncertainty	0.18203399109617088
3	248	Low neural uncertainty	0.16397909266289662
3	249	High neural uncertainty	0.18342832175543644
3	249	Low neural uncertainty	0.16670115746595812
3	250	High neural uncertainty	0.1808282047835718
3	250	Low neural uncertainty	0.16192364937993872
3	251	High neural uncertainty	0.17799955037858287
3	251	Low neural uncertainty	0.17087463338617967
3	252	High neural uncertainty	0.17497334777761558
3	252	Low neural uncertainty	0.15961992713526627
3	253	High neural uncertainty	0.1784648182545932
3	253	Low neural uncertainty	0.17020164751844485
3	254	High neural uncertainty	0.17729861389728135
3	254	Low neural uncertainty	0.1613699204973942
3	255	High neural uncertainty	0.1767558823599274
3	255	Low neural uncertainty	0.16296622968738908
3	256	High neural uncertainty	0.1737301489615142
3	256	Low neural uncertainty	0.15813080748532457
3	257	High neural uncertainty	0.18137320569328846
3	257	Low neural uncertainty	0.16478615183738157
3	258	High neural uncertainty	0.18793494474201405
3	258	Low neural uncertainty	0.16812190710977934
3	259	High neural uncertainty	0.1807485034139502
3	259	Low neural uncertainty	0.16662298388244806
3	260	High neural uncertainty	0.17766465127546544
3	260	Low neural uncertainty	0.16419573824770148
3	261	High neural uncertainty	0.17599144709569814
3	261	Low neural uncertainty	0.16562374681031142
3	262	High neural uncertainty	0.17554286687960605
3	262	Low neural uncertainty	0.16312517848908745
3	263	High neural uncertainty	0.18192271777985594
3	263	Low neural uncertainty	0.16221120786161783
3	264	High neural uncertainty	0.17806565190282564
3	264	Low neural uncertainty	0.16351157962985696
3	265	High neural uncertainty	0.18149928860231856
3	265	Low neural uncertainty	0.1626409769423509
3	266	High neural uncertainty	0.18192426764988584
3	266	Low neural uncertainty	0.16923308113143024
3	267	High neural uncertainty	0.17858533477067973
3	267	Low neural uncertainty	0.1655016104608557
3	268	High neural uncertainty	0.17433997672807508
3	268	Low neural uncertainty	0.16020259454524885
3	269	High neural uncertainty	0.17761800124024724
3	269	Low neural uncertainty	0.16929372200450238
3	270	High neural uncertainty	0.17857264197831849
3	270	Low neural uncertainty	0.17179690782883533
3	271	High neural uncertainty	0.1808789126234754
3	271	Low neural uncertainty	0.16830971205893072
3	272	High neural uncertainty	0.17703266896524106
3	272	Low neural uncertainty	0.16333856928027024
3	273	High neural uncertainty	0.1812733256879003
3	273	Low neural uncertainty	0.1643004365102768
3	274	High neural uncertainty	0.17747824149408886
3	274	Low neural uncertainty	0.16344506414430285
3	275	High neural uncertainty	0.18746642135308433
3	275	Low neural uncertainty	0.16680803747304201
3	276	High neural uncertainty	0.181896187494436
3	276	Low neural uncertainty	0.1633678744067092
3	277	High neural uncertainty	0.17951609091318968
3	277	Low neural uncertainty	0.1710520212171989
3	278	High neural uncertainty	0.1871087889836503
3	278	Low neural uncertainty	0.1719378178348766
3	279	High neural uncertainty	0.17691721632840263
3	279	Low neural uncertainty	0.16341748824914937
3	280	High neural uncertainty	0.1776926678276759
3	280	Low neural uncertainty	0.16132561728561093
3	281	High neural uncertainty	0.1691120694928588
3	281	Low neural uncertainty	0.16729786791349274
3	282	High neural uncertainty	0.1847453385558861
3	282	Low neural uncertainty	0.16843759426834515
3	283	High neural uncertainty	0.17425856494407635
3	283	Low neural uncertainty	0.16837749337465116
3	284	High neural uncertainty	0.17417132199792737
3	284	Low neural uncertainty	0.17081661686787153
3	285	High neural uncertainty	0.1741143700811148
3	285	Low neural uncertainty	0.1653956678269197
3	286	High neural uncertainty	0.18397904255444636
3	286	Low neural uncertainty	0.16378723464275838
3	287	High neural uncertainty	0.17982351860969675
3	287	Low neural uncertainty	0.16480211672065972
3	288	High neural uncertainty	0.1808456137783281
3	288	Low neural uncertainty	0.16567918647722427
3	289	High neural uncertainty	0.17429673177111013
3	289	Low neural uncertainty	0.16362847962934568
3	290	High neural uncertainty	0.17841863758905743
3	290	Low neural uncertainty	0.16366558811724788
3	291	High neural uncertainty	0.18298531541109306
3	291	Low neural uncertainty	0.17004586842198166
3	292	High neural uncertainty	0.17410712259873284
3	292	Low neural uncertainty	0.16321820939238238
3	293	High neural uncertainty	0.1789031330333721
3	293	Low neural uncertainty	0.16376022478063565
3	294	High neural uncertainty	0.17997445596261938
3	294	Low neural uncertainty	0.16200406635129458
3	295	High neural uncertainty	0.17651890849001328
3	295	Low neural uncertainty	0.16690527429082963
3	296	High neural uncertainty	0.18107190171461274
3	296	Low neural uncertainty	0.16160305760698923
3	297	High neural uncertainty	0.1814934932116544
3	297	Low neural uncertainty	0.16103974545725616
3	298	High neural uncertainty	0.17900186031966736
3	298	Low neural uncertainty	0.163634209350439
3	299	High neural uncertainty	0.17947197943405585
3	299	Low neural uncertainty	0.1634592819154377
3	300	High neural uncertainty	0.18486810265606207
3	300	Low neural uncertainty	0.16572532159959277
3	301	High neural uncertainty	0.18064214841987541
3	301	Low neural uncertainty	0.17128197407303414
3	302	High neural uncertainty	0.18519922908328118
3	302	Low neural uncertainty	0.15786553381159352
3	303	High neural uncertainty	0.17051865061941135
3	303	Low neural uncertainty	0.16804337330069055
3	304	High neural uncertainty	0.17951066077107009
3	304	Low neural uncertainty	0.15995645822284943
3	305	High neural uncertainty	0.17858867790676428
3	305	Low neural uncertainty	0.16716455042137604
3	306	High neural uncertainty	0.18354898624573213
3	306	Low neural uncertainty	0.16607920672376156
3	307	High neural uncertainty	0.18003371350228747
3	307	Low neural uncertainty	0.16952202701849484
3	308	High neural uncertainty	0.18289897493343665
3	308	Low neural uncertainty	0.1607292489849272
3	309	High neural uncertainty	0.18034306398800312
3	309	Low neural uncertainty	0.1615988934218372
3	310	High neural uncertainty	0.17876764269181622
3	310	Low neural uncertainty	0.170335202686784
3	311	High neural uncertainty	0.17773459982643747
3	311	Low neural uncertainty	0.16281391503600418
3	312	High neural uncertainty	0.18598185525028257
3	312	Low neural uncertainty	0.16260127889310072
3	313	High neural uncertainty	0.18078725889906863
3	313	Low neural uncertainty	0.16823621573446693
3	314	High neural uncertainty	0.18587021271444967
3	314	Low neural uncertainty	0.16095706747391156
3	315	High neural uncertainty	0.18678887805264846
3	315	Low neural uncertainty	0.16549855160022114
3	316	High neural uncertainty	0.18229641680527886
3	316	Low neural uncertainty	0.16530381214246814
3	317	High neural uncertainty	0.1831387969154695
3	317	Low neural uncertainty	0.1614656620872089
3	318	High neural uncertainty	0.17900456341463167
3	318	Low neural uncertainty	0.1710654989255831
3	319	High neural uncertainty	0.17813608037491024
3	319	Low neural uncertainty	0.16441314757849185
3	320	High neural uncertainty	0.17386503767299816
3	320	Low neural uncertainty	0.16494446681027009
3	321	High neural uncertainty	0.1825738533506272
3	321	Low neural uncertainty	0.15910875870307728
3	322	High neural uncertainty	0.18999670526211607
3	322	Low neural uncertainty	0.16145009293497153
3	323	High neural uncertainty	0.18412238596323155
3	323	Low neural uncertainty	0.16791804158073848
3	324	High neural uncertainty	0.1785904129873237
3	324	Low neural uncertainty	0.1726316690784522
3	325	High neural uncertainty	0.18512373849529729
3	325	Low neural uncertainty	0.1625392183139699
3	326	High neural uncertainty	0.1846027773718573
3	326	Low neural uncertainty	0.16942967256502364
3	327	High neural uncertainty	0.18087394254028402
3	327	Low neural uncertainty	0.17291149691154886
3	328	High neural uncertainty	0.1845072618985203
3	328	Low neural uncertainty	0.1562250367702774
3	329	High neural uncertainty	0.1776857808939772
3	329	Low neural uncertainty	0.1637761952132962
3	330	High neural uncertainty	0.1807962846732846
3	330	Low neural uncertainty	0.16128574382958688
3	331	High neural uncertainty	0.17099751115287154
3	331	Low neural uncertainty	0.16117962631836863
3	332	High neural uncertainty	0.18790012449094456
3	332	Low neural uncertainty	0.16084822621514153
3	333	High neural uncertainty	0.17506796010579972
3	333	Low neural uncertainty	0.16717194609020972
3	334	High neural uncertainty	0.1819350548845488
3	334	Low neural uncertainty	0.16988044832688654
3	335	High neural uncertainty	0.17362882766913312
3	335	Low neural uncertainty	0.16466260880707093
3	336	High neural uncertainty	0.18960082730549252
3	336	Low neural uncertainty	0.17128271785656768
3	337	High neural uncertainty	0.18475576659397883
3	337	Low neural uncertainty	0.167414283376605
3	338	High neural uncertainty	0.1785730722731937
3	338	Low neural uncertainty	0.16845438626974413
3	339	High neural uncertainty	0.17896289997458395
3	339	Low neural uncertainty	0.17141452077569833
3	340	High neural uncertainty	0.1843790429649459
3	340	Low neural uncertainty	0.16256442776765068
3	341	High neural uncertainty	0.18627577748814683
3	341	Low neural uncertainty	0.16937414107416832
3	342	High neural uncertainty	0.18072759845865993
3	342	Low neural uncertainty	0.16332708999817538
3	343	High neural uncertainty	0.18275211451092985
3	343	Low neural uncertainty	0.16633804908130762
3	344	High neural uncertainty	0.18640421941262067
3	344	Low neural uncertainty	0.1614338139223005
3	345	High neural uncertainty	0.18533112585043932
3	345	Low neural uncertainty	0.16812333907437463
3	346	High neural uncertainty	0.1766502611087121
3	346	Low neural uncertainty	0.16264814072826614
3	347	High neural uncertainty	0.17619847875384154
3	347	Low neural uncertainty	0.16604996091991853
3	348	High neural uncertainty	0.17682028108817696
3	348	Low neural uncertainty	0.1629664685165517
3	349	High neural uncertainty	0.18400216373163078
3	349	Low neural uncertainty	0.16938964068364223
3	350	High neural uncertainty	0.18412723472213544
3	350	Low neural uncertainty	0.16597435233573582
3	351	High neural uncertainty	0.18101960900651282
3	351	Low neural uncertainty	0.15894611039831624
3	352	High neural uncertainty	0.18656075064377756
3	352	Low neural uncertainty	0.1642456535256805
3	353	High neural uncertainty	0.1804030657066394
3	353	Low neural uncertainty	0.16430281735806848
3	354	High neural uncertainty	0.18366856097392353
3	354	Low neural uncertainty	0.15821913018046194
3	355	High neural uncertainty	0.17792155519863923
3	355	Low neural uncertainty	0.17325383972776812
3	356	High neural uncertainty	0.1827842537178799
3	356	Low neural uncertainty	0.16250758553754852
3	357	High neural uncertainty	0.1801968785596566
3	357	Low neural uncertainty	0.16519231890075933
3	358	High neural uncertainty	0.18218789466977758
3	358	Low neural uncertainty	0.17036985695332454
3	359	High neural uncertainty	0.18660033127768508
3	359	Low neural uncertainty	0.16138389368801087
3	360	High neural uncertainty	0.1904627409188938
3	360	Low neural uncertainty	0.16980631986021524
3	361	High neural uncertainty	0.1763618200801577
3	361	Low neural uncertainty	0.16264566796210225
3	362	High neural uncertainty	0.18330598467983342
3	362	Low neural uncertainty	0.16368767829128866
3	363	High neural uncertainty	0.17937355801796911
3	363	Low neural uncertainty	0.17024180524104696
3	364	High neural uncertainty	0.1824008696171451
3	364	Low neural uncertainty	0.16377755132944732
3	365	High neural uncertainty	0.17685335536645796
3	365	Low neural uncertainty	0.15720800632945145
3	366	High neural uncertainty	0.17362796707756248
3	366	Low neural uncertainty	0.1580678228589624
3	367	High neural uncertainty	0.17140553991474833
3	367	Low neural uncertainty	0.16087266686952306
3	368	High neural uncertainty	0.1756876082908889
3	368	Low neural uncertainty	0.162774566496943
3	369	High neural uncertainty	0.17751521107184173
3	369	Low neural uncertainty	0.15500917675389989
3	370	High neural uncertainty	0.1821312070129817
3	370	Low neural uncertainty	0.16360445973450571
3	371	High neural uncertainty	0.1730697347741707
3	371	Low neural uncertainty	0.1599746133243057
3	372	High neural uncertainty	0.18362373531268664
3	372	Low neural uncertainty	0.1643755430692782
3	373	High neural uncertainty	0.17966787201348186
3	373	Low neural uncertainty	0.16164791657692526
3	374	High neural uncertainty	0.17934158933533692
3	374	Low neural uncertainty	0.16180186058542947
3	375	High neural uncertainty	0.17763103959394097
3	375	Low neural uncertainty	0.166012386365234
3	376	High neural uncertainty	0.17642078460919516
3	376	Low neural uncertainty	0.1601898193320491
3	377	High neural uncertainty	0.1786431600152353
3	377	Low neural uncertainty	0.16080690451285642
3	378	High neural uncertainty	0.18189570504273045
3	378	Low neural uncertainty	0.16034894640653338
3	379	High neural uncertainty	0.17754260459748078
3	379	Low neural uncertainty	0.17008723260615263
3	380	High neural uncertainty	0.1848515380806297
3	380	Low neural uncertainty	0.16576119320012936
3	381	High neural uncertainty	0.17361724231153583
3	381	Low neural uncertainty	0.1622102281595692
3	382	High neural uncertainty	0.17966955548046937
3	382	Low neural uncertainty	0.16780096115467993
3	383	High neural uncertainty	0.17947660043100172
3	383	Low neural uncertainty	0.16594633606750944
3	384	High neural uncertainty	0.18376294954534234
3	384	Low neural uncertainty	0.16695608649525753
3	385	High neural uncertainty	0.18222252685960502
3	385	Low neural uncertainty	0.16842518286977842
3	386	High neural uncertainty	0.18006750038569821
3	386	Low neural uncertainty	0.16387482700186035
3	387	High neural uncertainty	0.1769426980445186
3	387	Low neural uncertainty	0.16014159966759733
3	388	High neural uncertainty	0.18129739434951356
3	388	Low neural uncertainty	0.16205777849595138
3	389	High neural uncertainty	0.1752519340643359
3	389	Low neural uncertainty	0.16034567902886404
3	390	High neural uncertainty	0.17839983832325676
3	390	Low neural uncertainty	0.1640836464696809
3	391	High neural uncertainty	0.17904731185284223
3	391	Low neural uncertainty	0.1596915907443699
3	392	High neural uncertainty	0.1782830595701843
3	392	Low neural uncertainty	0.15811851030654328
3	393	High neural uncertainty	0.1755178981276168
3	393	Low neural uncertainty	0.16187643700224927
3	394	High neural uncertainty	0.18472302004629168
3	394	Low neural uncertainty	0.16475053116601418
3	395	High neural uncertainty	0.1817277621044916
3	395	Low neural uncertainty	0.16158233591619317
3	396	High neural uncertainty	0.18004678036799943
3	396	Low neural uncertainty	0.15558486864109777
3	397	High neural uncertainty	0.17529866184543683
3	397	Low neural uncertainty	0.15459083121775952
3	398	High neural uncertainty	0.17898807859327298
3	398	Low neural uncertainty	0.1655721136162909
3	399	High neural uncertainty	0.17653053729469312
3	399	Low neural uncertainty	0.16701490156504548
3	400	High neural uncertainty	0.18474105032707241
3	400	Low neural uncertainty	0.16457080927664638
3	401	High neural uncertainty	0.17598065725871206
3	401	Low neural uncertainty	0.16482465992552503
3	402	High neural uncertainty	0.18216319475208614
3	402	Low neural uncertainty	0.16662772738057055
3	403	High neural uncertainty	0.17757829695699412
3	403	Low neural uncertainty	0.16357203655018
3	404	High neural uncertainty	0.18823281403904565
3	404	Low neural uncertainty	0.1677619717818938
3	405	High neural uncertainty	0.18579669958577058
3	405	Low neural uncertainty	0.16582339845677785
3	406	High neural uncertainty	0.18177757114453078
3	406	Low neural uncertainty	0.16923507341967328
3	407	High neural uncertainty	0.18377202730274372
3	407	Low neural uncertainty	0.16382370512953465
3	408	High neural uncertainty	0.17974218989515559
3	408	Low neural uncertainty	0.1577316617405579
3	409	High neural uncertainty	0.1784200451907457
3	409	Low neural uncertainty	0.16504895091243948
3	410	High neural uncertainty	0.1724827959587567
3	410	Low neural uncertainty	0.1630082670974831
3	411	High neural uncertainty	0.18303008008709745
3	411	Low neural uncertainty	0.1672687303184411
3	412	High neural uncertainty	0.17731704841553514
3	412	Low neural uncertainty	0.16488856532238313
3	413	High neural uncertainty	0.18143105009369168
3	413	Low neural uncertainty	0.16863950426358812
3	414	High neural uncertainty	0.19834445273483156
3	414	Low neural uncertainty	0.17313370821443722
3	415	High neural uncertainty	0.17843537381364513
3	415	Low neural uncertainty	0.163584718608454
3	416	High neural uncertainty	0.18293361270025443
3	416	Low neural uncertainty	0.1659331566753547
3	417	High neural uncertainty	0.1711148769756605
3	417	Low neural uncertainty	0.16155989195321685
3	418	High neural uncertainty	0.19472018228925342
3	418	Low neural uncertainty	0.1742821267357416
3	419	High neural uncertainty	0.18538363114489803
3	419	Low neural uncertainty	0.1588184417969975
3	420	High neural uncertainty	0.18190486963321464
3	420	Low neural uncertainty	0.17127468945504631
3	421	High neural uncertainty	0.17524653251256633
3	421	Low neural uncertainty	0.1634080278491448
3	422	High neural uncertainty	0.1782786879324476
3	422	Low neural uncertainty	0.1596597466118282
3	423	High neural uncertainty	0.18235522089009198
3	423	Low neural uncertainty	0.1635606316840476
3	424	High neural uncertainty	0.1773248048410264
3	424	Low neural uncertainty	0.16931562395008715
3	425	High neural uncertainty	0.1746915064928908
3	425	Low neural uncertainty	0.16094470424941637
3	426	High neural uncertainty	0.1786405223203619
3	426	Low neural uncertainty	0.15990856776371234
3	427	High neural uncertainty	0.18908805831742478
3	427	Low neural uncertainty	0.16276479228628235
3	428	High neural uncertainty	0.17513406496630018
3	428	Low neural uncertainty	0.15737995659881748
3	429	High neural uncertainty	0.17435258139287302
3	429	Low neural uncertainty	0.16542581022262265
3	430	High neural uncertainty	0.176467529982207
3	430	Low neural uncertainty	0.15878899196148905
3	431	High neural uncertainty	0.17659295613289228
3	431	Low neural uncertainty	0.16086099716391838
3	432	High neural uncertainty	0.17776110938757847
3	432	Low neural uncertainty	0.16317425076590494
3	433	High neural uncertainty	0.17168550553978146
3	433	Low neural uncertainty	0.16096350949576962
3	434	High neural uncertainty	0.17723967352645287
3	434	Low neural uncertainty	0.16329437248644374
3	435	High neural uncertainty	0.17763557819756795
3	435	Low neural uncertainty	0.16280511149900592
3	436	High neural uncertainty	0.17367280198479318
3	436	Low neural uncertainty	0.1587534101404496
3	437	High neural uncertainty	0.18298986012762364
3	437	Low neural uncertainty	0.1614088633653017
3	438	High neural uncertainty	0.18090740075205813
3	438	Low neural uncertainty	0.16486945942244174
3	439	High neural uncertainty	0.1866256200763322
3	439	Low neural uncertainty	0.16188960311331965
3	440	High neural uncertainty	0.18001455080870823
3	440	Low neural uncertainty	0.16066389529685304
3	441	High neural uncertainty	0.17649909830391072
3	441	Low neural uncertainty	0.1624946695123151
3	442	High neural uncertainty	0.1838819258512568
3	442	Low neural uncertainty	0.1689075087075844
3	443	High neural uncertainty	0.1793131878111882
3	443	Low neural uncertainty	0.16042906121040115
3	444	High neural uncertainty	0.17657638441974602
3	444	Low neural uncertainty	0.1708428278246994
3	445	High neural uncertainty	0.17985547259804724
3	445	Low neural uncertainty	0.1668818454001263
3	446	High neural uncertainty	0.18597911448483131
3	446	Low neural uncertainty	0.1706407204002447
3	447	High neural uncertainty	0.18013589173047773
3	447	Low neural uncertainty	0.1649835066858461
3	448	High neural uncertainty	0.18141186522199942
3	448	Low neural uncertainty	0.16336026016705793
3	449	High neural uncertainty	0.1812907140169405
3	449	Low neural uncertainty	0.16333018687863413
3	450	High neural uncertainty	0.18293123071134634
3	450	Low neural uncertainty	0.1668344020215593
3	451	High neural uncertainty	0.18188272863774085
3	451	Low neural uncertainty	0.1644459389696726
3	452	High neural uncertainty	0.18556198498687826
3	452	Low neural uncertainty	0.16812435129091824
3	453	High neural uncertainty	0.18078339690022954
3	453	Low neural uncertainty	0.16862050558718447
3	454	High neural uncertainty	0.1788590006816171
3	454	Low neural uncertainty	0.1618309284694432
3	455	High neural uncertainty	0.1787771084232705
3	455	Low neural uncertainty	0.16398740334782702
3	456	High neural uncertainty	0.17436489275584657
3	456	Low neural uncertainty	0.1703695067667655
3	457	High neural uncertainty	0.17663160513981466
3	457	Low neural uncertainty	0.160410432278789
3	458	High neural uncertainty	0.1817444153482292
3	458	Low neural uncertainty	0.16395724085514968
3	459	High neural uncertainty	0.18217979771892528
3	459	Low neural uncertainty	0.17309977769769447
3	460	High neural uncertainty	0.18491802413605066
3	460	Low neural uncertainty	0.17038997479981005
3	461	High neural uncertainty	0.17939246661133046
3	461	Low neural uncertainty	0.16941700585041858
3	462	High neural uncertainty	0.17838075591338146
3	462	Low neural uncertainty	0.15985970148700912
3	463	High neural uncertainty	0.1825672864735277
3	463	Low neural uncertainty	0.1668302259262368
3	464	High neural uncertainty	0.17008925942845657
3	464	Low neural uncertainty	0.16284146428970148
3	465	High neural uncertainty	0.17732104938039148
3	465	Low neural uncertainty	0.16396960489574647
3	466	High neural uncertainty	0.17469017190425157
3	466	Low neural uncertainty	0.15715884912584246
3	467	High neural uncertainty	0.1734187647385237
3	467	Low neural uncertainty	0.16606870351298236
3	468	High neural uncertainty	0.1732574182534899
3	468	Low neural uncertainty	0.16673932894147653
3	469	High neural uncertainty	0.19065997415626681
3	469	Low neural uncertainty	0.16618685708984063
3	470	High neural uncertainty	0.1833094641386422
3	470	Low neural uncertainty	0.1651517546826324
3	471	High neural uncertainty	0.1778994632219154
3	471	Low neural uncertainty	0.1569764874516523
3	472	High neural uncertainty	0.18119667448980753
3	472	Low neural uncertainty	0.16091885953854423
3	473	High neural uncertainty	0.18243923288220978
3	473	Low neural uncertainty	0.1629115919441651
3	474	High neural uncertainty	0.17874723694729414
3	474	Low neural uncertainty	0.15698003232433796
3	475	High neural uncertainty	0.17534009316572075
3	475	Low neural uncertainty	0.16544083749751873
3	476	High neural uncertainty	0.1800887777089095
3	476	Low neural uncertainty	0.16446871092892704
3	477	High neural uncertainty	0.17503794899698766
3	477	Low neural uncertainty	0.15533057372468412
3	478	High neural uncertainty	0.18494416531327892
3	478	Low neural uncertainty	0.16691031241481716
3	479	High neural uncertainty	0.1882189278595565
3	479	Low neural uncertainty	0.16400393097057783
3	480	High neural uncertainty	0.18142722475110526
3	480	Low neural uncertainty	0.1665779725537271
3	481	High neural uncertainty	0.1822937662327169
3	481	Low neural uncertainty	0.16529469095751537
3	482	High neural uncertainty	0.17637428988094064
3	482	Low neural uncertainty	0.15964057374143747
3	483	High neural uncertainty	0.1851813655215888
3	483	Low neural uncertainty	0.16386811574203874
3	484	High neural uncertainty	0.17916920046368928
3	484	Low neural uncertainty	0.15928448366498632
3	485	High neural uncertainty	0.17553880890703968
3	485	Low neural uncertainty	0.15601792336366327
3	486	High neural uncertainty	0.17973656796531606
3	486	Low neural uncertainty	0.1594626950658089
3	487	High neural uncertainty	0.18333341760540475
3	487	Low neural uncertainty	0.16748522663935808
3	488	High neural uncertainty	0.17482325833933765
3	488	Low neural uncertainty	0.16376841910726822
3	489	High neural uncertainty	0.1774290671140252
3	489	Low neural uncertainty	0.16273240346262402
3	490	High neural uncertainty	0.17273457238482753
3	490	Low neural uncertainty	0.16511454123043215
3	491	High neural uncertainty	0.181345558295583
3	491	Low neural uncertainty	0.16781634820552926
3	492	High neural uncertainty	0.17483537703768637
3	492	Low neural uncertainty	0.16260296085729065
3	493	High neural uncertainty	0.17907732063242224
3	493	Low neural uncertainty	0.16370137810815896
3	494	High neural uncertainty	0.1853883534390903
3	494	Low neural uncertainty	0.16788539057745816
3	495	High neural uncertainty	0.18117868456234196
3	495	Low neural uncertainty	0.16455672882855585
3	496	High neural uncertainty	0.18637150022616145
3	496	Low neural uncertainty	0.15865514957333968
3	497	High neural uncertainty	0.16647173751568922
3	497	Low neural uncertainty	0.1637472682811766
3	498	High neural uncertainty	0.18362529992243826
3	498	Low neural uncertainty	0.17338337378265795
3	499	High neural uncertainty	0.17706951544818295
3	499	Low neural uncertainty	0.1614745126451444
3	500	High neural uncertainty	0.18140514861245774
3	500	Low neural uncertainty	0.16413437022220626
3	501	High neural uncertainty	0.18362123539652614
3	501	Low neural uncertainty	0.1649442210814688
3	502	High neural uncertainty	0.17989821146479962
3	502	Low neural uncertainty	0.1633337405944567
3	503	High neural uncertainty	0.1864767341208454
3	503	Low neural uncertainty	0.1701917167636506
3	504	High neural uncertainty	0.178421682226441
3	504	Low neural uncertainty	0.16504514346490518
3	505	High neural uncertainty	0.18286385420122644
3	505	Low neural uncertainty	0.1589215586514094
3	506	High neural uncertainty	0.18234641449095382
3	506	Low neural uncertainty	0.17362751252295422
3	507	High neural uncertainty	0.19069273665433406
3	507	Low neural uncertainty	0.16231278361212093
3	508	High neural uncertainty	0.18499574096746116
3	508	Low neural uncertainty	0.16475911505133584
3	509	High neural uncertainty	0.18519449780249847
3	509	Low neural uncertainty	0.16720324954490118
3	510	High neural uncertainty	0.18465757909847624
3	510	Low neural uncertainty	0.163882818328325
3	511	High neural uncertainty	0.19048250114833346
3	511	Low neural uncertainty	0.16295216050827702
3	512	High neural uncertainty	0.18513153954117878
3	512	Low neural uncertainty	0.1660356658570156
3	513	High neural uncertainty	0.17759816538379286
3	513	Low neural uncertainty	0.1616130124269323
3	514	High neural uncertainty	0.17410494102963883
3	514	Low neural uncertainty	0.15917393343377362
3	515	High neural uncertainty	0.18092618685355447
3	515	Low neural uncertainty	0.16357695809161224
3	516	High neural uncertainty	0.18835246073296122
3	516	Low neural uncertainty	0.1698612400793902
3	517	High neural uncertainty	0.183094011274834
3	517	Low neural uncertainty	0.17256258408769629
3	518	High neural uncertainty	0.18422107568015647
3	518	Low neural uncertainty	0.16145228671534106
3	519	High neural uncertainty	0.1731950375538915
3	519	Low neural uncertainty	0.1632523058853794
3	520	High neural uncertainty	0.18117911459924066
3	520	Low neural uncertainty	0.1640083313768084
3	521	High neural uncertainty	0.18530476850808017
3	521	Low neural uncertainty	0.16232327107199648
3	522	High neural uncertainty	0.17648592402462454
3	522	Low neural uncertainty	0.17091716777872157
3	523	High neural uncertainty	0.18294473487917962
3	523	Low neural uncertainty	0.16887341570807704
3	524	High neural uncertainty	0.1872493351200857
3	524	Low neural uncertainty	0.17046583419744665
3	525	High neural uncertainty	0.18057078110708194
3	525	Low neural uncertainty	0.16633694988889586
3	526	High neural uncertainty	0.19261635532075777
3	526	Low neural uncertainty	0.17496662204829266
3	527	High neural uncertainty	0.18218926308920316
3	527	Low neural uncertainty	0.15996175003786142
3	528	High neural uncertainty	0.17676227675308243
3	528	Low neural uncertainty	0.1629605146591403
3	529	High neural uncertainty	0.1792934740820901
3	529	Low neural uncertainty	0.1643315950223306
3	530	High neural uncertainty	0.17857915346929712
3	530	Low neural uncertainty	0.162898093351749
3	531	High neural uncertainty	0.17810667019217538
3	531	Low neural uncertainty	0.16164730482658501
3	532	High neural uncertainty	0.1816032524216536
3	532	Low neural uncertainty	0.1727218787980757
3	533	High neural uncertainty	0.18199567306349823
3	533	Low neural uncertainty	0.16134292463029398
3	534	High neural uncertainty	0.18606946675378
3	534	Low neural uncertainty	0.16724739775284728
3	535	High neural uncertainty	0.1751571528369207
3	535	Low neural uncertainty	0.16039330270505597
3	536	High neural uncertainty	0.17886032546042763
3	536	Low neural uncertainty	0.1633496793790061
3	537	High neural uncertainty	0.18442735970783988
3	537	Low neural uncertainty	0.16584253432906804
3	538	High neural uncertainty	0.18983743787661378
3	538	Low neural uncertainty	0.17411506822594566
3	539	High neural uncertainty	0.1908143323610028
3	539	Low neural uncertainty	0.1655783361664936
3	540	High neural uncertainty	0.18431689760254763
3	540	Low neural uncertainty	0.17449734275916237
3	541	High neural uncertainty	0.18530546716138527
3	541	Low neural uncertainty	0.16190033210796934
3	542	High neural uncertainty	0.18270691893226138
3	542	Low neural uncertainty	0.15988800489418953
3	543	High neural uncertainty	0.17873760079724554
3	543	Low neural uncertainty	0.15796027907098864
3	544	High neural uncertainty	0.17832807201766326
3	544	Low neural uncertainty	0.16774784322393482
3	545	High neural uncertainty	0.17991311522054682
3	545	Low neural uncertainty	0.1601335093769993
3	546	High neural uncertainty	0.18082032696149472
3	546	Low neural uncertainty	0.16274765344153477
3	547	High neural uncertainty	0.19092993042311748
3	547	Low neural uncertainty	0.17049775222218994
3	548	High neural uncertainty	0.17289284461962237
3	548	Low neural uncertainty	0.1606924871304568
3	549	High neural uncertainty	0.19307628596769794
3	549	Low neural uncertainty	0.1690280318736724
3	550	High neural uncertainty	0.18087462778609745
3	550	Low neural uncertainty	0.1573951527942278
3	551	High neural uncertainty	0.17640338309864492
3	551	Low neural uncertainty	0.1637211735085096
3	552	High neural uncertainty	0.1820541051571093
3	552	Low neural uncertainty	0.16717850518952534
3	553	High neural uncertainty	0.18410268903395632
3	553	Low neural uncertainty	0.16245303255146173
3	554	High neural uncertainty	0.1807698964593323
3	554	Low neural uncertainty	0.16916644126452787
3	555	High neural uncertainty	0.18424865170714091
3	555	Low neural uncertainty	0.16649248713572498
3	556	High neural uncertainty	0.1941238055758335
3	556	Low neural uncertainty	0.16224091265346902
3	557	High neural uncertainty	0.18352402709227028
3	557	Low neural uncertainty	0.16294488674099028
3	558	High neural uncertainty	0.18334433407855633
3	558	Low neural uncertainty	0.17003514056931107
3	559	High neural uncertainty	0.1842462339804123
3	559	Low neural uncertainty	0.1625412027684849
3	560	High neural uncertainty	0.18306731843344212
3	560	Low neural uncertainty	0.17131430419779028
3	561	High neural uncertainty	0.18547367505922147
3	561	Low neural uncertainty	0.16632005091685872
3	562	High neural uncertainty	0.186360205696875
3	562	Low neural uncertainty	0.16770969632061955
3	563	High neural uncertainty	0.18093252541831253
3	563	Low neural uncertainty	0.1618240483625441
3	564	High neural uncertainty	0.18427357535941055
3	564	Low neural uncertainty	0.1692192024855688
3	565	High neural uncertainty	0.17914061825865704
3	565	Low neural uncertainty	0.16244674114168087
3	566	High neural uncertainty	0.17886842982159773
3	566	Low neural uncertainty	0.16823369373657293
3	567	High neural uncertainty	0.1861743575541945
3	567	Low neural uncertainty	0.16502001683941053
3	568	High neural uncertainty	0.18258442742822378
3	568	Low neural uncertainty	0.16800654861881698
3	569	High neural uncertainty	0.1842153368179145
3	569	Low neural uncertainty	0.16154772285951496
3	570	High neural uncertainty	0.18964140968562046
3	570	Low neural uncertainty	0.16991831340084243
3	571	High neural uncertainty	0.1830586799080424
3	571	Low neural uncertainty	0.16512861179642613
3	572	High neural uncertainty	0.18805489931375
3	572	Low neural uncertainty	0.17650272253297522
3	573	High neural uncertainty	0.17715158855325452
3	573	Low neural uncertainty	0.15590598425054056
3	574	High neural uncertainty	0.1773967670350506
3	574	Low neural uncertainty	0.16059024648258258
3	575	High neural uncertainty	0.17846511698379247
3	575	Low neural uncertainty	0.1709351145757825
3	576	High neural uncertainty	0.18091005038164237
3	576	Low neural uncertainty	0.15956779056679168
3	577	High neural uncertainty	0.1804266182090943
3	577	Low neural uncertainty	0.17016661366069114
3	578	High neural uncertainty	0.18304762971482405
3	578	Low neural uncertainty	0.16946774955783192
3	579	High neural uncertainty	0.17836425399438505
3	579	Low neural uncertainty	0.15860109674505513
3	580	High neural uncertainty	0.17677558264948082
3	580	Low neural uncertainty	0.16652936131887366
3	581	High neural uncertainty	0.1946510292367409
3	581	Low neural uncertainty	0.18089278361102604
3	582	High neural uncertainty	0.17837636102278262
3	582	Low neural uncertainty	0.16256065485513457
3	583	High neural uncertainty	0.17787959083222685
3	583	Low neural uncertainty	0.15236327718640097
3	584	High neural uncertainty	0.18144393854913834
3	584	Low neural uncertainty	0.1567008499153902
3	585	High neural uncertainty	0.17716086942060863
3	585	Low neural uncertainty	0.1659519100761024
3	586	High neural uncertainty	0.1785815922038472
3	586	Low neural uncertainty	0.16573857304735135
3	587	High neural uncertainty	0.18515793786105036
3	587	Low neural uncertainty	0.16414208933149405
3	588	High neural uncertainty	0.1774429771702875
3	588	Low neural uncertainty	0.17034021275400335
3	589	High neural uncertainty	0.17592279048605147
3	589	Low neural uncertainty	0.16082515602276004
3	590	High neural uncertainty	0.18803559068755374
3	590	Low neural uncertainty	0.17182823273491743
3	591	High neural uncertainty	0.1778328150451675
3	591	Low neural uncertainty	0.16083086397242177
3	592	High neural uncertainty	0.18303708567010363
3	592	Low neural uncertainty	0.1707343452891931
3	593	High neural uncertainty	0.17300214442559458
3	593	Low neural uncertainty	0.15841279573380818
3	594	High neural uncertainty	0.1826171615647197
3	594	Low neural uncertainty	0.1720163122994377
3	595	High neural uncertainty	0.18189982734282342
3	595	Low neural uncertainty	0.160854581364334
3	596	High neural uncertainty	0.1836088894971448
3	596	Low neural uncertainty	0.16402660830327573
3	597	High neural uncertainty	0.18503644474852468
3	597	Low neural uncertainty	0.16338373196117742
3	598	High neural uncertainty	0.18576191607412518
3	598	Low neural uncertainty	0.16994986445797056
3	599	High neural uncertainty	0.1826272672004691
3	599	Low neural uncertainty	0.16270709428684735
3	600	High neural uncertainty	0.17859609998921358
3	600	Low neural uncertainty	0.16604100901781313
3	601	High neural uncertainty	0.17682189587593963
3	601	Low neural uncertainty	0.15929789393378946
3	602	High neural uncertainty	0.18412034614157335
3	602	Low neural uncertainty	0.1663269602790156
3	603	High neural uncertainty	0.18579637964062828
3	603	Low neural uncertainty	0.16626320156131474
3	604	High neural uncertainty	0.18237835146135054
3	604	Low neural uncertainty	0.16450625227898377
3	605	High neural uncertainty	0.1771249743131702
3	605	Low neural uncertainty	0.15973890185676834
3	606	High neural uncertainty	0.18161752057215913
3	606	Low neural uncertainty	0.16370308578635556
3	607	High neural uncertainty	0.18418113840531597
3	607	Low neural uncertainty	0.16136430007140237
3	608	High neural uncertainty	0.17852714536822056
3	608	Low neural uncertainty	0.16643207679674538
3	609	High neural uncertainty	0.1801419571296001
3	609	Low neural uncertainty	0.16985238316224713
3	610	High neural uncertainty	0.1747505928399048
3	610	Low neural uncertainty	0.161984169489426
3	611	High neural uncertainty	0.18412424121935356
3	611	Low neural uncertainty	0.1700352685897138
3	612	High neural uncertainty	0.18892551533805071
3	612	Low neural uncertainty	0.16180144663574947
3	613	High neural uncertainty	0.17466016253279687
3	613	Low neural uncertainty	0.15879395100097665
3	614	High neural uncertainty	0.186366210206833
3	614	Low neural uncertainty	0.16698666068050746
3	615	High neural uncertainty	0.18664822121959415
3	615	Low neural uncertainty	0.17438146234138072
3	616	High neural uncertainty	0.18459159379858905
3	616	Low neural uncertainty	0.1645250882311443
3	617	High neural uncertainty	0.18464986311184342
3	617	Low neural uncertainty	0.16709094979981307
3	618	High neural uncertainty	0.1843704693286087
3	618	Low neural uncertainty	0.16810561200389454
3	619	High neural uncertainty	0.16904792714628694
3	619	Low neural uncertainty	0.15427082013302576
3	620	High neural uncertainty	0.18724768316074022
3	620	Low neural uncertainty	0.16552599454676425
3	621	High neural uncertainty	0.18094835175608073
3	621	Low neural uncertainty	0.16253460010868553
3	622	High neural uncertainty	0.1855507098242106
3	622	Low neural uncertainty	0.17045354801516757
3	623	High neural uncertainty	0.1718746487993198
3	623	Low neural uncertainty	0.16504682875306795
3	624	High neural uncertainty	0.18413221356414178
3	624	Low neural uncertainty	0.16802089983315993
3	625	High neural uncertainty	0.18573742554942302
3	625	Low neural uncertainty	0.16101668874304223
3	626	High neural uncertainty	0.18558401506700234
3	626	Low neural uncertainty	0.16614486306709086
3	627	High neural uncertainty	0.17856966417315545
3	627	Low neural uncertainty	0.1615728167704438
3	628	High neural uncertainty	0.1793300177375484
3	628	Low neural uncertainty	0.17131426244130585
3	629	High neural uncertainty	0.1800170763369679
3	629	Low neural uncertainty	0.15919376300136986
3	630	High neural uncertainty	0.17986897741443944
3	630	Low neural uncertainty	0.1642969632407294
3	631	High neural uncertainty	0.17930573102105088
3	631	Low neural uncertainty	0.169963652167946
3	632	High neural uncertainty	0.18130626576734357
3	632	Low neural uncertainty	0.1614489468984847
3	633	High neural uncertainty	0.17571213126531757
3	633	Low neural uncertainty	0.16420057860025156
3	634	High neural uncertainty	0.1832088260316592
3	634	Low neural uncertainty	0.16453644426846384
3	635	High neural uncertainty	0.18425356280483404
3	635	Low neural uncertainty	0.17194830885078746
3	636	High neural uncertainty	0.1729669608873529
3	636	Low neural uncertainty	0.16163951425550324
3	637	High neural uncertainty	0.17889027856556736
3	637	Low neural uncertainty	0.1688963854367932
3	638	High neural uncertainty	0.17777166050224474
3	638	Low neural uncertainty	0.1606376339394987
3	639	High neural uncertainty	0.1770810755010192
3	639	Low neural uncertainty	0.17629600388019423
3	640	High neural uncertainty	0.18223173424162223
3	640	Low neural uncertainty	0.1594814937578594
3	641	High neural uncertainty	0.18210642477016842
3	641	Low neural uncertainty	0.16674031876311698
3	642	High neural uncertainty	0.17596860537429027
3	642	Low neural uncertainty	0.1649556232750511
3	643	High neural uncertainty	0.18750950217807152
3	643	Low neural uncertainty	0.16901601585403112
3	644	High neural uncertainty	0.17885750929369681
3	644	Low neural uncertainty	0.16579325103805875
3	645	High neural uncertainty	0.1847060483360723
3	645	Low neural uncertainty	0.1623539763244755
3	646	High neural uncertainty	0.1737240909277725
3	646	Low neural uncertainty	0.1552903401788683
3	647	High neural uncertainty	0.1833971835548608
3	647	Low neural uncertainty	0.16650498696881663
3	648	High neural uncertainty	0.1858961298354365
3	648	Low neural uncertainty	0.16664488553249496
3	649	High neural uncertainty	0.17847796825031856
3	649	Low neural uncertainty	0.1581536866689178
3	650	High neural uncertainty	0.17831195640409947
3	650	Low neural uncertainty	0.16519901377205443
3	651	High neural uncertainty	0.18030284905454652
3	651	Low neural uncertainty	0.15784008471769015
3	652	High neural uncertainty	0.17371014131312074
3	652	Low neural uncertainty	0.16192336365579377
3	653	High neural uncertainty	0.18343649985329308
3	653	Low neural uncertainty	0.16451784797892618
3	654	High neural uncertainty	0.17888115580456415
3	654	Low neural uncertainty	0.1676037888144229
3	655	High neural uncertainty	0.18193793472623698
3	655	Low neural uncertainty	0.1707053823350738
3	656	High neural uncertainty	0.1706507275898306
3	656	Low neural uncertainty	0.1576334229052848
3	657	High neural uncertainty	0.1815984451828171
3	657	Low neural uncertainty	0.16469144390360807
3	658	High neural uncertainty	0.1755529521681186
3	658	Low neural uncertainty	0.1646135172982476
3	659	High neural uncertainty	0.1806710397286508
3	659	Low neural uncertainty	0.16539247720830072
3	660	High neural uncertainty	0.1796038096929089
3	660	Low neural uncertainty	0.16542964495755755
3	661	High neural uncertainty	0.17670500892153793
3	661	Low neural uncertainty	0.15944756234571425
3	662	High neural uncertainty	0.17443008236479765
3	662	Low neural uncertainty	0.1643220901143185
3	663	High neural uncertainty	0.18044779040110745
3	663	Low neural uncertainty	0.1685963862569121
3	664	High neural uncertainty	0.17917687758934392
3	664	Low neural uncertainty	0.16982567171488053
3	665	High neural uncertainty	0.1790387459024645
3	665	Low neural uncertainty	0.16727749942176515
3	666	High neural uncertainty	0.1741577459489044
3	666	Low neural uncertainty	0.16424149372982486
3	667	High neural uncertainty	0.18307231381629557
3	667	Low neural uncertainty	0.16531627318984868
3	668	High neural uncertainty	0.18212555045568893
3	668	Low neural uncertainty	0.16624877302210414
3	669	High neural uncertainty	0.1768668583930795
3	669	Low neural uncertainty	0.15966306979693135
3	670	High neural uncertainty	0.18620340980316627
3	670	Low neural uncertainty	0.1653598711290189
3	671	High neural uncertainty	0.18394947622637453
3	671	Low neural uncertainty	0.17048211060886437
3	672	High neural uncertainty	0.1814864476273941
3	672	Low neural uncertainty	0.16842141390759707
3	673	High neural uncertainty	0.18272666667983156
3	673	Low neural uncertainty	0.16232465793747025
3	674	High neural uncertainty	0.16875593048816717
3	674	Low neural uncertainty	0.1629750322514258
3	675	High neural uncertainty	0.17947715646585127
3	675	Low neural uncertainty	0.16225230350575726
3	676	High neural uncertainty	0.1779591677141847
3	676	Low neural uncertainty	0.16249435842341348
3	677	High neural uncertainty	0.1741558295689193
3	677	Low neural uncertainty	0.16348967639563786
3	678	High neural uncertainty	0.1850140902616094
3	678	Low neural uncertainty	0.16661752084995296
3	679	High neural uncertainty	0.1824513912858348
3	679	Low neural uncertainty	0.1629243552371883
3	680	High neural uncertainty	0.17449553928767883
3	680	Low neural uncertainty	0.1659386110778842
3	681	High neural uncertainty	0.17511752236727318
3	681	Low neural uncertainty	0.16593969427630628
3	682	High neural uncertainty	0.18392073351211674
3	682	Low neural uncertainty	0.16181082744150047
3	683	High neural uncertainty	0.1816852268288528
3	683	Low neural uncertainty	0.16681908947869992
3	684	High neural uncertainty	0.16898449436209784
3	684	Low neural uncertainty	0.16076520020486473
3	685	High neural uncertainty	0.17679747551553376
3	685	Low neural uncertainty	0.16225496361532474
3	686	High neural uncertainty	0.17507726299221946
3	686	Low neural uncertainty	0.1643571675605934
3	687	High neural uncertainty	0.17914041415427526
3	687	Low neural uncertainty	0.16191281468324228
3	688	High neural uncertainty	0.18030681144884378
3	688	Low neural uncertainty	0.16223424450214757
3	689	High neural uncertainty	0.1760634519100222
3	689	Low neural uncertainty	0.16858490117847397
3	690	High neural uncertainty	0.17393196315187634
3	690	Low neural uncertainty	0.1645056009432717
3	691	High neural uncertainty	0.1777541280071308
3	691	Low neural uncertainty	0.17095457240179968
3	692	High neural uncertainty	0.18901389796512832
3	692	Low neural uncertainty	0.16052501298124228
3	693	High neural uncertainty	0.18329508459835991
3	693	Low neural uncertainty	0.17207835258145054
3	694	High neural uncertainty	0.1782648074302051
3	694	Low neural uncertainty	0.17111137457659367
3	695	High neural uncertainty	0.1867346308637445
3	695	Low neural uncertainty	0.16870800740583444
3	696	High neural uncertainty	0.17967742417141747
3	696	Low neural uncertainty	0.15709114608896974
3	697	High neural uncertainty	0.17847071333180606
3	697	Low neural uncertainty	0.1714744421993955
3	698	High neural uncertainty	0.17946357156287476
3	698	Low neural uncertainty	0.16110398041830004
3	699	High neural uncertainty	0.18158207218588382
3	699	Low neural uncertainty	0.16250008505464034
3	700	High neural uncertainty	0.17609453032246342
3	700	Low neural uncertainty	0.16633625057916268
3	701	High neural uncertainty	0.18610744363757867
3	701	Low neural uncertainty	0.16491848707866094
3	702	High neural uncertainty	0.18502839063768142
3	702	Low neural uncertainty	0.1663283746700381
3	703	High neural uncertainty	0.17777720595399732
3	703	Low neural uncertainty	0.16037116088619138
3	704	High neural uncertainty	0.18604212283479313
3	704	Low neural uncertainty	0.17160818963303007
3	705	High neural uncertainty	0.18483377774133172
3	705	Low neural uncertainty	0.17363154033648204
3	706	High neural uncertainty	0.1839124079899948
3	706	Low neural uncertainty	0.16046076208545296
3	707	High neural uncertainty	0.18688716952023968
3	707	Low neural uncertainty	0.16566221232268527
3	708	High neural uncertainty	0.19072380495915148
3	708	Low neural uncertainty	0.16091798190599008
3	709	High neural uncertainty	0.17927770359590933
3	709	Low neural uncertainty	0.1624237461624533
3	710	High neural uncertainty	0.17899782900708455
3	710	Low neural uncertainty	0.1641025545508229
3	711	High neural uncertainty	0.1734359117271938
3	711	Low neural uncertainty	0.1613848204632115
3	712	High neural uncertainty	0.18612564662840742
3	712	Low neural uncertainty	0.16555760571385256
3	713	High neural uncertainty	0.17981079151585141
3	713	Low neural uncertainty	0.16684746210923515
3	714	High neural uncertainty	0.1849805230676179
3	714	Low neural uncertainty	0.16386076999213636
3	715	High neural uncertainty	0.17084004419081875
3	715	Low neural uncertainty	0.16134844121937172
3	716	High neural uncertainty	0.18032807931723172
3	716	Low neural uncertainty	0.1683927463256607
3	717	High neural uncertainty	0.18126533281574442
3	717	Low neural uncertainty	0.15915288931767005
3	718	High neural uncertainty	0.18485281168430404
3	718	Low neural uncertainty	0.1687544879847709
3	719	High neural uncertainty	0.1814480319296243
3	719	Low neural uncertainty	0.1644013175686575
3	720	High neural uncertainty	0.1791560435489603
3	720	Low neural uncertainty	0.16475729143330714
3	721	High neural uncertainty	0.17811657279962395
3	721	Low neural uncertainty	0.1649146201878078
3	722	High neural uncertainty	0.1828029257316265
3	722	Low neural uncertainty	0.16187576400483292
3	723	High neural uncertainty	0.17956294602828846
3	723	Low neural uncertainty	0.17043874262794048
3	724	High neural uncertainty	0.1766823229020931
3	724	Low neural uncertainty	0.1676910180823254
3	725	High neural uncertainty	0.1741409932277832
3	725	Low neural uncertainty	0.16476616150139028
3	726	High neural uncertainty	0.18753879269302434
3	726	Low neural uncertainty	0.16844059698352334
3	727	High neural uncertainty	0.17841756872724496
3	727	Low neural uncertainty	0.160587775031752
3	728	High neural uncertainty	0.1834271892648176
3	728	Low neural uncertainty	0.16366043395608715
3	729	High neural uncertainty	0.1785595834890711
3	729	Low neural uncertainty	0.16691870291623415
3	730	High neural uncertainty	0.18627970117435091
3	730	Low neural uncertainty	0.16307893833864706
3	731	High neural uncertainty	0.1830491070909591
3	731	Low neural uncertainty	0.1729171022745228
3	732	High neural uncertainty	0.18132297085661905
3	732	Low neural uncertainty	0.16313226976173145
3	733	High neural uncertainty	0.18045083650024538
3	733	Low neural uncertainty	0.16524691209897557
3	734	High neural uncertainty	0.17267853376480022
3	734	Low neural uncertainty	0.1671975490523945
3	735	High neural uncertainty	0.18008574157203755
3	735	Low neural uncertainty	0.16441372419315817
3	736	High neural uncertainty	0.17975339239231422
3	736	Low neural uncertainty	0.1657869152097769
3	737	High neural uncertainty	0.18315640114283976
3	737	Low neural uncertainty	0.16694088789130215
3	738	High neural uncertainty	0.18305302318526837
3	738	Low neural uncertainty	0.16161884467662116
3	739	High neural uncertainty	0.17886682384308394
3	739	Low neural uncertainty	0.16873942933987673
3	740	High neural uncertainty	0.19134511673828805
3	740	Low neural uncertainty	0.16714389816914957
3	741	High neural uncertainty	0.18672483468333992
3	741	Low neural uncertainty	0.1738099096308832
3	742	High neural uncertainty	0.18540495446905447
3	742	Low neural uncertainty	0.1706641268756429
3	743	High neural uncertainty	0.18545451310886807
3	743	Low neural uncertainty	0.1694539100977149
3	744	High neural uncertainty	0.18732895999579763
3	744	Low neural uncertainty	0.16884444844108745
3	745	High neural uncertainty	0.18385139180776738
3	745	Low neural uncertainty	0.1663784657310088
3	746	High neural uncertainty	0.18134081151371384
3	746	Low neural uncertainty	0.16975990395812698
3	747	High neural uncertainty	0.17668334918369644
3	747	Low neural uncertainty	0.16481665633732
3	748	High neural uncertainty	0.1820536465219701
3	748	Low neural uncertainty	0.1709397235090352
3	749	High neural uncertainty	0.17864552879344503
3	749	Low neural uncertainty	0.16472840406812286
3	750	High neural uncertainty	0.181360085368631
3	750	Low neural uncertainty	0.16409714658263733
3	751	High neural uncertainty	0.1773100492611223
3	751	Low neural uncertainty	0.16215024330594124
3	752	High neural uncertainty	0.17480824915457568
3	752	Low neural uncertainty	0.16560424768653817
3	753	High neural uncertainty	0.17551193797449005
3	753	Low neural uncertainty	0.16170577217379398
3	754	High neural uncertainty	0.1788183012940205
3	754	Low neural uncertainty	0.1649960145003862
3	755	High neural uncertainty	0.17888490435104168
3	755	Low neural uncertainty	0.16258663279396005
3	756	High neural uncertainty	0.18838558727857896
3	756	Low neural uncertainty	0.16800758890431017
3	757	High neural uncertainty	0.1783801802087486
3	757	Low neural uncertainty	0.1617282430421261
3	758	High neural uncertainty	0.1685763716831295
3	758	Low neural uncertainty	0.15624547834448177
3	759	High neural uncertainty	0.17908510349941795
3	759	Low neural uncertainty	0.1584023778304116
3	760	High neural uncertainty	0.1868008761370494
3	760	Low neural uncertainty	0.1682893067900529
3	761	High neural uncertainty	0.18337796904598383
3	761	Low neural uncertainty	0.16719422559869845
3	762	High neural uncertainty	0.1797238923643545
3	762	Low neural uncertainty	0.16426286617436003
3	763	High neural uncertainty	0.18930690624770066
3	763	Low neural uncertainty	0.1661112095023206
3	764	High neural uncertainty	0.1794439289142418
3	764	Low neural uncertainty	0.15719259096147678
3	765	High neural uncertainty	0.1766568665933888
3	765	Low neural uncertainty	0.16662806748620762
3	766	High neural uncertainty	0.17708409155535143
3	766	Low neural uncertainty	0.16670043017118766
3	767	High neural uncertainty	0.17925465045713299
3	767	Low neural uncertainty	0.16299358928992805
3	768	High neural uncertainty	0.18137185125269434
3	768	Low neural uncertainty	0.16127017626157425
3	769	High neural uncertainty	0.1767223943803964
3	769	Low neural uncertainty	0.16272611325662314
3	770	High neural uncertainty	0.18612194612852664
3	770	Low neural uncertainty	0.1656612223661595
3	771	High neural uncertainty	0.1795958917404901
3	771	Low neural uncertainty	0.16180993549266978
3	772	High neural uncertainty	0.18178846338535215
3	772	Low neural uncertainty	0.16118736873382444
3	773	High neural uncertainty	0.1730830914732007
3	773	Low neural uncertainty	0.15646797134564105
3	774	High neural uncertainty	0.1780931611119098
3	774	Low neural uncertainty	0.16292998680914553
3	775	High neural uncertainty	0.18129174215062818
3	775	Low neural uncertainty	0.16701877182683114
3	776	High neural uncertainty	0.1807590827462939
3	776	Low neural uncertainty	0.16593889414104826
3	777	High neural uncertainty	0.17734052231139502
3	777	Low neural uncertainty	0.17030470001429687
3	778	High neural uncertainty	0.18569916774998432
3	778	Low neural uncertainty	0.16399027518698453
3	779	High neural uncertainty	0.18080172466195019
3	779	Low neural uncertainty	0.16630968239036623
3	780	High neural uncertainty	0.17737278371838877
3	780	Low neural uncertainty	0.16322009710229413
3	781	High neural uncertainty	0.1826206142678974
3	781	Low neural uncertainty	0.16917911705416322
3	782	High neural uncertainty	0.17607786500007452
3	782	Low neural uncertainty	0.1644249133646594
3	783	High neural uncertainty	0.18099437990410353
3	783	Low neural uncertainty	0.16007306390567547
3	784	High neural uncertainty	0.17798131969789613
3	784	Low neural uncertainty	0.1642301331110767
3	785	High neural uncertainty	0.18275523281214684
3	785	Low neural uncertainty	0.16786528295978756
3	786	High neural uncertainty	0.18845889988749212
3	786	Low neural uncertainty	0.16322513927955473
3	787	High neural uncertainty	0.18534144252089305
3	787	Low neural uncertainty	0.16541105207881734
3	788	High neural uncertainty	0.17664975862352186
3	788	Low neural uncertainty	0.16437038020340383
3	789	High neural uncertainty	0.1852756844464345
3	789	Low neural uncertainty	0.1655490992944279
3	790	High neural uncertainty	0.17938269869142992
3	790	Low neural uncertainty	0.17002777198660848
3	791	High neural uncertainty	0.18307980765375248
3	791	Low neural uncertainty	0.16064125213531574
3	792	High neural uncertainty	0.17984565174023126
3	792	Low neural uncertainty	0.16308301252788882
3	793	High neural uncertainty	0.17836567873650336
3	793	Low neural uncertainty	0.16403788517517684
3	794	High neural uncertainty	0.18375330434285927
3	794	Low neural uncertainty	0.16821671459174867
3	795	High neural uncertainty	0.1763054190651118
3	795	Low neural uncertainty	0.1637386715210159
3	796	High neural uncertainty	0.18285795270365873
3	796	Low neural uncertainty	0.16080537641731477
3	797	High neural uncertainty	0.18524826181034332
3	797	Low neural uncertainty	0.16236230995313142
3	798	High neural uncertainty	0.18282860303307777
3	798	Low neural uncertainty	0.16243409074927567
3	799	High neural uncertainty	0.18457335490727056
3	799	Low neural uncertainty	0.16323011584603703
3	800	High neural uncertainty	0.18284101529146304
3	800	Low neural uncertainty	0.16063864020633475
3	801	High neural uncertainty	0.17726490784295618
3	801	Low neural uncertainty	0.17022597246131388
3	802	High neural uncertainty	0.1789865968138577
3	802	Low neural uncertainty	0.16498860978842603
3	803	High neural uncertainty	0.18464806510855747
3	803	Low neural uncertainty	0.1635512822325884
3	804	High neural uncertainty	0.18816792430401288
3	804	Low neural uncertainty	0.16778112678894389
3	805	High neural uncertainty	0.17854094887423952
3	805	Low neural uncertainty	0.1567597438773881
3	806	High neural uncertainty	0.1859485344175835
3	806	Low neural uncertainty	0.16904687867164778
3	807	High neural uncertainty	0.18996583445776266
3	807	Low neural uncertainty	0.16372073935415762
3	808	High neural uncertainty	0.17584801469963215
3	808	Low neural uncertainty	0.16336148153858207
3	809	High neural uncertainty	0.19134484832317888
3	809	Low neural uncertainty	0.17279048033381758
3	810	High neural uncertainty	0.18032384503266427
3	810	Low neural uncertainty	0.16055754157138802
3	811	High neural uncertainty	0.1718819788719164
3	811	Low neural uncertainty	0.15840423269348855
3	812	High neural uncertainty	0.17814258635855212
3	812	Low neural uncertainty	0.16998879507957235
3	813	High neural uncertainty	0.17905013266289288
3	813	Low neural uncertainty	0.16142234201143452
3	814	High neural uncertainty	0.1771064414514063
3	814	Low neural uncertainty	0.15758695780310752
3	815	High neural uncertainty	0.18163543803058987
3	815	Low neural uncertainty	0.16470548754253436
3	816	High neural uncertainty	0.1787355972820507
3	816	Low neural uncertainty	0.15991875203965084
3	817	High neural uncertainty	0.1794012438611321
3	817	Low neural uncertainty	0.16659593461358374
3	818	High neural uncertainty	0.1872285298336185
3	818	Low neural uncertainty	0.16654730360117778
3	819	High neural uncertainty	0.18764441142683802
3	819	Low neural uncertainty	0.17362233871778296
3	820	High neural uncertainty	0.18371309387241486
3	820	Low neural uncertainty	0.1688870198616443
3	821	High neural uncertainty	0.17869095333400908
3	821	Low neural uncertainty	0.1642316367671332
3	822	High neural uncertainty	0.18266429174017398
3	822	Low neural uncertainty	0.1694916699020022
3	823	High neural uncertainty	0.18363453907463012
3	823	Low neural uncertainty	0.16778096829000938
3	824	High neural uncertainty	0.17894189325835808
3	824	Low neural uncertainty	0.16137739773609752
3	825	High neural uncertainty	0.17994371558362232
3	825	Low neural uncertainty	0.16078084818753735
3	826	High neural uncertainty	0.17896796871323375
3	826	Low neural uncertainty	0.16422862597890006
3	827	High neural uncertainty	0.1837551769020508
3	827	Low neural uncertainty	0.16446712832471794
3	828	High neural uncertainty	0.18329426489011758
3	828	Low neural uncertainty	0.1604401997285734
3	829	High neural uncertainty	0.1745995505742157
3	829	Low neural uncertainty	0.16132141996795737
3	830	High neural uncertainty	0.1919448553355044
3	830	Low neural uncertainty	0.16576596110050107
3	831	High neural uncertainty	0.1753282356496808
3	831	Low neural uncertainty	0.1584133802253557
3	832	High neural uncertainty	0.17727054886658844
3	832	Low neural uncertainty	0.16505866218499596
3	833	High neural uncertainty	0.1841720866878188
3	833	Low neural uncertainty	0.15823508685233678
3	834	High neural uncertainty	0.176861516824515
3	834	Low neural uncertainty	0.16711846001045008
3	835	High neural uncertainty	0.17529435555837034
3	835	Low neural uncertainty	0.16349168532214609
3	836	High neural uncertainty	0.17969353771876467
3	836	Low neural uncertainty	0.1639486246848698
3	837	High neural uncertainty	0.1731384124851686
3	837	Low neural uncertainty	0.1661055242582558
3	838	High neural uncertainty	0.1793242922195581
3	838	Low neural uncertainty	0.16128195486640562
3	839	High neural uncertainty	0.18137787127086571
3	839	Low neural uncertainty	0.1623271698689182
3	840	High neural uncertainty	0.18178285466998814
3	840	Low neural uncertainty	0.16531629265521589
3	841	High neural uncertainty	0.17734519772205418
3	841	Low neural uncertainty	0.1640330322978822
3	842	High neural uncertainty	0.18710593833475098
3	842	Low neural uncertainty	0.16603590246888594
3	843	High neural uncertainty	0.1831522700896499
3	843	Low neural uncertainty	0.1722730955468628
3	844	High neural uncertainty	0.1763363859064911
3	844	Low neural uncertainty	0.16326851233601047
3	845	High neural uncertainty	0.18099723600328047
3	845	Low neural uncertainty	0.16776506714708286
3	846	High neural uncertainty	0.18531874039587226
3	846	Low neural uncertainty	0.160629551047645
3	847	High neural uncertainty	0.1678795535584315
3	847	Low neural uncertainty	0.16403748238273694
3	848	High neural uncertainty	0.18379821411962777
3	848	Low neural uncertainty	0.16227704238126145
3	849	High neural uncertainty	0.1793215910232871
3	849	Low neural uncertainty	0.1651255505975388
3	850	High neural uncertainty	0.18366974324170174
3	850	Low neural uncertainty	0.16902324090563126
3	851	High neural uncertainty	0.172552495404172
3	851	Low neural uncertainty	0.16085446863089098
3	852	High neural uncertainty	0.1772206876787861
3	852	Low neural uncertainty	0.159449171584881
3	853	High neural uncertainty	0.16892042272799662
3	853	Low neural uncertainty	0.16119877817226771
3	854	High neural uncertainty	0.17823639127272628
3	854	Low neural uncertainty	0.1577146411023562
3	855	High neural uncertainty	0.166827343877909
3	855	Low neural uncertainty	0.15376245669355368
3	856	High neural uncertainty	0.18348253837086195
3	856	Low neural uncertainty	0.1666150297869596
3	857	High neural uncertainty	0.17685694209628636
3	857	Low neural uncertainty	0.15881510319087888
3	858	High neural uncertainty	0.18190418198531788
3	858	Low neural uncertainty	0.16708724403290384
3	859	High neural uncertainty	0.17539859858378837
3	859	Low neural uncertainty	0.16347614535821706
3	860	High neural uncertainty	0.1877747857686758
3	860	Low neural uncertainty	0.1666863170401773
3	861	High neural uncertainty	0.18223262663765208
3	861	Low neural uncertainty	0.16494378639117674
3	862	High neural uncertainty	0.18429546233178543
3	862	Low neural uncertainty	0.16382847909647258
3	863	High neural uncertainty	0.17601545104466454
3	863	Low neural uncertainty	0.16684111002902768
3	864	High neural uncertainty	0.18105277140859283
3	864	Low neural uncertainty	0.16509973134288172
3	865	High neural uncertainty	0.18223745970309851
3	865	Low neural uncertainty	0.16520232371219667
3	866	High neural uncertainty	0.17988805991075363
3	866	Low neural uncertainty	0.16237479261701604
3	867	High neural uncertainty	0.17658483005999312
3	867	Low neural uncertainty	0.15329002773179234
3	868	High neural uncertainty	0.17304508438912206
3	868	Low neural uncertainty	0.16725566959285304
3	869	High neural uncertainty	0.17978348289822743
3	869	Low neural uncertainty	0.15881352040622
3	870	High neural uncertainty	0.181220856624659
3	870	Low neural uncertainty	0.16295131930438403
3	871	High neural uncertainty	0.18259382689348125
3	871	Low neural uncertainty	0.17540109285117683
3	872	High neural uncertainty	0.1874553040962457
3	872	Low neural uncertainty	0.1739079185794976
3	873	High neural uncertainty	0.18987342939017088
3	873	Low neural uncertainty	0.16859608128009923
3	874	High neural uncertainty	0.18287105772477594
3	874	Low neural uncertainty	0.16079752531617678
3	875	High neural uncertainty	0.1824040430934782
3	875	Low neural uncertainty	0.16429134093064018
3	876	High neural uncertainty	0.18202921763173976
3	876	Low neural uncertainty	0.17105540583389361
3	877	High neural uncertainty	0.1833847532361718
3	877	Low neural uncertainty	0.15772073431771627
3	878	High neural uncertainty	0.17436988559703764
3	878	Low neural uncertainty	0.16492092439201267
3	879	High neural uncertainty	0.1897482460163585
3	879	Low neural uncertainty	0.1722351241541483
3	880	High neural uncertainty	0.17823131097915174
3	880	Low neural uncertainty	0.16269531496376136
3	881	High neural uncertainty	0.18059756266982085
3	881	Low neural uncertainty	0.16674101162277552
3	882	High neural uncertainty	0.18867689282730843
3	882	Low neural uncertainty	0.16063753147068832
3	883	High neural uncertainty	0.177580024576881
3	883	Low neural uncertainty	0.1653626809026941
3	884	High neural uncertainty	0.18540622064840329
3	884	Low neural uncertainty	0.1704106786830779
3	885	High neural uncertainty	0.18436364680839182
3	885	Low neural uncertainty	0.17137254859275128
3	886	High neural uncertainty	0.17841806648716493
3	886	Low neural uncertainty	0.16660435853459754
3	887	High neural uncertainty	0.18577176768989467
3	887	Low neural uncertainty	0.16209147988892167
3	888	High neural uncertainty	0.1845579022231148
3	888	Low neural uncertainty	0.161247342984438
3	889	High neural uncertainty	0.17728442679362116
3	889	Low neural uncertainty	0.15670852490567586
3	890	High neural uncertainty	0.18542970598584613
3	890	Low neural uncertainty	0.16319563079732818
3	891	High neural uncertainty	0.1837298684778166
3	891	Low neural uncertainty	0.1621268783024714
3	892	High neural uncertainty	0.18368837050322262
3	892	Low neural uncertainty	0.1662391766660745
3	893	High neural uncertainty	0.18296843353546122
3	893	Low neural uncertainty	0.16407466681526453
3	894	High neural uncertainty	0.18458957075395688
3	894	Low neural uncertainty	0.16273227007135635
3	895	High neural uncertainty	0.17500196393643547
3	895	Low neural uncertainty	0.1687962726738386
3	896	High neural uncertainty	0.1893216770713248
3	896	Low neural uncertainty	0.16789584001256785
3	897	High neural uncertainty	0.18171608053649305
3	897	Low neural uncertainty	0.16379950892625336
3	898	High neural uncertainty	0.18511947747398197
3	898	Low neural uncertainty	0.16619144148243206
3	899	High neural uncertainty	0.1788716795290097
3	899	Low neural uncertainty	0.15915429564220462
3	900	High neural uncertainty	0.17970429138239344
3	900	Low neural uncertainty	0.16504388912187015
3	901	High neural uncertainty	0.18495959440224724
3	901	Low neural uncertainty	0.16556740721076182
3	902	High neural uncertainty	0.1706319528499891
3	902	Low neural uncertainty	0.1576843967059995
3	903	High neural uncertainty	0.16751578995749072
3	903	Low neural uncertainty	0.15956986527894085
3	904	High neural uncertainty	0.17892717421335808
3	904	Low neural uncertainty	0.16142418197730685
3	905	High neural uncertainty	0.18266716306261674
3	905	Low neural uncertainty	0.16329626603583122
3	906	High neural uncertainty	0.1885529004553603
3	906	Low neural uncertainty	0.17458584042953063
3	907	High neural uncertainty	0.1762668734677505
3	907	Low neural uncertainty	0.16981176782435253
3	908	High neural uncertainty	0.18232829152622682
3	908	Low neural uncertainty	0.16511205309664048
3	909	High neural uncertainty	0.1745706336720988
3	909	Low neural uncertainty	0.16523456673885287
3	910	High neural uncertainty	0.1812031449570375
3	910	Low neural uncertainty	0.16324163807487133
3	911	High neural uncertainty	0.17673186818544825
3	911	Low neural uncertainty	0.16395194172329935
3	912	High neural uncertainty	0.18159883606972374
3	912	Low neural uncertainty	0.16529068911898664
3	913	High neural uncertainty	0.17280685479083932
3	913	Low neural uncertainty	0.16393591902303478
3	914	High neural uncertainty	0.18000260551572725
3	914	Low neural uncertainty	0.16309431956211806
3	915	High neural uncertainty	0.18081677635575988
3	915	Low neural uncertainty	0.16884614413587937
3	916	High neural uncertainty	0.184503909495241
3	916	Low neural uncertainty	0.1665997605207865
3	917	High neural uncertainty	0.18006398354945274
3	917	Low neural uncertainty	0.16625669706204613
3	918	High neural uncertainty	0.1777636675479425
3	918	Low neural uncertainty	0.16614946628359675
3	919	High neural uncertainty	0.18506336190891579
3	919	Low neural uncertainty	0.16822617695103634
3	920	High neural uncertainty	0.17664289640348513
3	920	Low neural uncertainty	0.1703263834767553
3	921	High neural uncertainty	0.187710158617669
3	921	Low neural uncertainty	0.1656263732400924
3	922	High neural uncertainty	0.1746326127861507
3	922	Low neural uncertainty	0.1679016595351378
3	923	High neural uncertainty	0.18336467994975697
3	923	Low neural uncertainty	0.1689854861638081
3	924	High neural uncertainty	0.17727888593571534
3	924	Low neural uncertainty	0.16413419841107144
3	925	High neural uncertainty	0.18524118924507935
3	925	Low neural uncertainty	0.1613639131184461
3	926	High neural uncertainty	0.17536937677433098
3	926	Low neural uncertainty	0.15996053814085437
3	927	High neural uncertainty	0.17820491790136922
3	927	Low neural uncertainty	0.16702292079098735
3	928	High neural uncertainty	0.18498338239846196
3	928	Low neural uncertainty	0.16861600285945746
3	929	High neural uncertainty	0.1802780565123319
3	929	Low neural uncertainty	0.17386196967575968
3	930	High neural uncertainty	0.16829496436711236
3	930	Low neural uncertainty	0.15940177664422583
3	931	High neural uncertainty	0.18401838791825195
3	931	Low neural uncertainty	0.1608574870219668
3	932	High neural uncertainty	0.18227134670281295
3	932	Low neural uncertainty	0.15981464045979535
3	933	High neural uncertainty	0.1750892856775426
3	933	Low neural uncertainty	0.1595203832320975
3	934	High neural uncertainty	0.17345385776747496
3	934	Low neural uncertainty	0.17101960622478637
3	935	High neural uncertainty	0.18576484350439276
3	935	Low neural uncertainty	0.16136646831294607
3	936	High neural uncertainty	0.18281345739334814
3	936	Low neural uncertainty	0.16797284213726454
3	937	High neural uncertainty	0.17749511733951476
3	937	Low neural uncertainty	0.163759023766834
3	938	High neural uncertainty	0.18449012556231423
3	938	Low neural uncertainty	0.16561853393531423
3	939	High neural uncertainty	0.1797239486908019
3	939	Low neural uncertainty	0.1675426053560462
3	940	High neural uncertainty	0.17551395802149164
3	940	Low neural uncertainty	0.1629492684046857
3	941	High neural uncertainty	0.1838792186045775
3	941	Low neural uncertainty	0.16794095968610903
3	942	High neural uncertainty	0.1905409073101412
3	942	Low neural uncertainty	0.16845032172512786
3	943	High neural uncertainty	0.18060175572365444
3	943	Low neural uncertainty	0.1577403105793668
3	944	High neural uncertainty	0.18124254960933658
3	944	Low neural uncertainty	0.15677650024362613
3	945	High neural uncertainty	0.18403868984068109
3	945	Low neural uncertainty	0.16912565039820437
3	946	High neural uncertainty	0.1860885671938213
3	946	Low neural uncertainty	0.17113545732387017
3	947	High neural uncertainty	0.18184451654953562
3	947	Low neural uncertainty	0.17228579763571059
3	948	High neural uncertainty	0.18809833877011986
3	948	Low neural uncertainty	0.16822904808281727
3	949	High neural uncertainty	0.1760642084332661
3	949	Low neural uncertainty	0.16918390624915156
3	950	High neural uncertainty	0.17951995511778326
3	950	Low neural uncertainty	0.16560238146778308
3	951	High neural uncertainty	0.1753893231127819
3	951	Low neural uncertainty	0.1689435860836237
3	952	High neural uncertainty	0.18767206952413842
3	952	Low neural uncertainty	0.15465497405931433
3	953	High neural uncertainty	0.1827399437741126
3	953	Low neural uncertainty	0.1682131586213593
3	954	High neural uncertainty	0.1877740059535757
3	954	Low neural uncertainty	0.1674314777788577
3	955	High neural uncertainty	0.18019155594606995
3	955	Low neural uncertainty	0.17031334303597953
3	956	High neural uncertainty	0.17311825210957907
3	956	Low neural uncertainty	0.15883102459443335
3	957	High neural uncertainty	0.1848342390682235
3	957	Low neural uncertainty	0.1715350486342137
3	958	High neural uncertainty	0.1826431208977607
3	958	Low neural uncertainty	0.16409879760773669
3	959	High neural uncertainty	0.17888481437106088
3	959	Low neural uncertainty	0.1683989684774405
3	960	High neural uncertainty	0.18311361980433674
3	960	Low neural uncertainty	0.16971000056269872
3	961	High neural uncertainty	0.18613021904984708
3	961	Low neural uncertainty	0.16936476160320496
3	962	High neural uncertainty	0.17989474142321546
3	962	Low neural uncertainty	0.16976070546480548
3	963	High neural uncertainty	0.18264259300142555
3	963	Low neural uncertainty	0.16583014395852935
3	964	High neural uncertainty	0.1799561930432928
3	964	Low neural uncertainty	0.16746659595236804
3	965	High neural uncertainty	0.17945943252177038
3	965	Low neural uncertainty	0.16899900070315718
3	966	High neural uncertainty	0.1821535646535055
3	966	Low neural uncertainty	0.16768518951855313
3	967	High neural uncertainty	0.175489200144591
3	967	Low neural uncertainty	0.15525157144697965
3	968	High neural uncertainty	0.18486598924085829
3	968	Low neural uncertainty	0.1658078124806969
3	969	High neural uncertainty	0.18217854658672358
3	969	Low neural uncertainty	0.16567328067147982
3	970	High neural uncertainty	0.17886197169790824
3	970	Low neural uncertainty	0.16655736022788623
3	971	High neural uncertainty	0.18379064159051636
3	971	Low neural uncertainty	0.16434013618948454
3	972	High neural uncertainty	0.18057403653522003
3	972	Low neural uncertainty	0.16420555807285864
3	973	High neural uncertainty	0.18001890917101326
3	973	Low neural uncertainty	0.16585034713435368
3	974	High neural uncertainty	0.17427935661199795
3	974	Low neural uncertainty	0.15903162574752877
3	975	High neural uncertainty	0.17855519045509385
3	975	Low neural uncertainty	0.1673878933406651
3	976	High neural uncertainty	0.17857626281518882
3	976	Low neural uncertainty	0.15995325921799783
3	977	High neural uncertainty	0.1826554842498161
3	977	Low neural uncertainty	0.1561533045869096
3	978	High neural uncertainty	0.1904241871557686
3	978	Low neural uncertainty	0.1689216311755776
3	979	High neural uncertainty	0.1909330120280361
3	979	Low neural uncertainty	0.1671573772868685
3	980	High neural uncertainty	0.17938021814922273
3	980	Low neural uncertainty	0.16447703357050106
3	981	High neural uncertainty	0.17373697067857982
3	981	Low neural uncertainty	0.16067718067677472
3	982	High neural uncertainty	0.1835601223257661
3	982	Low neural uncertainty	0.17516131554909947
3	983	High neural uncertainty	0.19180791262233166
3	983	Low neural uncertainty	0.16939002471024545
3	984	High neural uncertainty	0.1770589164669788
3	984	Low neural uncertainty	0.16571336591318173
3	985	High neural uncertainty	0.17760985343483668
3	985	Low neural uncertainty	0.15773741791986515
3	986	High neural uncertainty	0.1837843570269475
3	986	Low neural uncertainty	0.16179197310513463
3	987	High neural uncertainty	0.17981472048708652
3	987	Low neural uncertainty	0.17117021351656062
3	988	High neural uncertainty	0.18009901258606884
3	988	Low neural uncertainty	0.16847408229622216
3	989	High neural uncertainty	0.18144432330131838
3	989	Low neural uncertainty	0.1687143358496933
3	990	High neural uncertainty	0.18450185998457622
3	990	Low neural uncertainty	0.16368226147782675
3	991	High neural uncertainty	0.17725569333042188
3	991	Low neural uncertainty	0.16501131259223226
3	992	High neural uncertainty	0.17461533617494282
3	992	Low neural uncertainty	0.16015586640041998
3	993	High neural uncertainty	0.1783832129731927
3	993	Low neural uncertainty	0.16836783951639156
3	994	High neural uncertainty	0.17631033331389706
3	994	Low neural uncertainty	0.16555176473883906
3	995	High neural uncertainty	0.18254205195945464
3	995	Low neural uncertainty	0.1595497635482516
3	996	High neural uncertainty	0.18415572409026673
3	996	Low neural uncertainty	0.15929031207719732
3	997	High neural uncertainty	0.17991992215290825
3	997	Low neural uncertainty	0.17119037675398324
3	998	High neural uncertainty	0.18383494798163286
3	998	Low neural uncertainty	0.16425069947029655
3	999	High neural uncertainty	0.17836056603343484
3	999	Low neural uncertainty	0.15843099843312106
